CREATE DATABASE  IF NOT EXISTS `datn_spring2023` /*!40100 DEFAULT CHARACTER SET utf8mb4 COLLATE utf8mb4_0900_ai_ci */ /*!80016 DEFAULT ENCRYPTION='N' */;
USE `datn_spring2023`;
-- MySQL dump 10.13  Distrib 8.0.31, for Win64 (x86_64)
--
-- Host: localhost    Database: datn_spring2023
-- ------------------------------------------------------
-- Server version	8.0.31

/*!40101 SET @OLD_CHARACTER_SET_CLIENT=@@CHARACTER_SET_CLIENT */;
/*!40101 SET @OLD_CHARACTER_SET_RESULTS=@@CHARACTER_SET_RESULTS */;
/*!40101 SET @OLD_COLLATION_CONNECTION=@@COLLATION_CONNECTION */;
/*!50503 SET NAMES utf8 */;
/*!40103 SET @OLD_TIME_ZONE=@@TIME_ZONE */;
/*!40103 SET TIME_ZONE='+00:00' */;
/*!40014 SET @OLD_UNIQUE_CHECKS=@@UNIQUE_CHECKS, UNIQUE_CHECKS=0 */;
/*!40014 SET @OLD_FOREIGN_KEY_CHECKS=@@FOREIGN_KEY_CHECKS, FOREIGN_KEY_CHECKS=0 */;
/*!40101 SET @OLD_SQL_MODE=@@SQL_MODE, SQL_MODE='NO_AUTO_VALUE_ON_ZERO' */;
/*!40111 SET @OLD_SQL_NOTES=@@SQL_NOTES, SQL_NOTES=0 */;

--
-- Table structure for table `account_authority`
--

DROP TABLE IF EXISTS `account_authority`;
/*!40101 SET @saved_cs_client     = @@character_set_client */;
/*!50503 SET character_set_client = utf8mb4 */;
CREATE TABLE `account_authority` (
  `account_id` bigint NOT NULL,
  `role_id` bigint NOT NULL,
  PRIMARY KEY (`account_id`,`role_id`),
  KEY `FK5b7u6cj2h9ig0j6j93ej9pj3l` (`role_id`),
  CONSTRAINT `FK5b7u6cj2h9ig0j6j93ej9pj3l` FOREIGN KEY (`role_id`) REFERENCES `authority` (`id`),
  CONSTRAINT `FKi2obo7h4n0kmjt92yr18l9bfa` FOREIGN KEY (`account_id`) REFERENCES `user` (`id`)
) ENGINE=InnoDB DEFAULT CHARSET=utf8mb4 COLLATE=utf8mb4_0900_ai_ci;
/*!40101 SET character_set_client = @saved_cs_client */;

--
-- Dumping data for table `account_authority`
--

LOCK TABLES `account_authority` WRITE;
/*!40000 ALTER TABLE `account_authority` DISABLE KEYS */;
INSERT INTO `account_authority` VALUES (2,1),(12,1),(14,1),(15,1),(18,1),(20,1),(31,1),(33,1),(37,1),(38,1),(46,1),(50,1),(52,1),(55,1),(57,1),(58,1),(67,1),(71,1),(72,1),(73,1),(83,1),(84,1),(85,1),(89,1),(90,1),(91,1),(95,1),(1,2),(3,2),(4,2),(6,2),(9,2),(10,2),(11,2),(13,2),(16,2),(17,2),(24,2),(27,2),(28,2),(29,2),(30,2),(36,2),(39,2),(40,2),(41,2),(43,2),(44,2),(45,2),(47,2),(48,2),(49,2),(53,2),(60,2),(61,2),(63,2),(64,2),(65,2),(66,2),(68,2),(70,2),(74,2),(75,2),(76,2),(77,2),(79,2),(80,2),(82,2),(87,2),(88,2),(92,2),(93,2),(96,2),(98,2),(99,2),(5,3),(7,3),(8,3),(19,3),(21,3),(22,3),(23,3),(25,3),(26,3),(32,3),(34,3),(35,3),(42,3),(51,3),(54,3),(56,3),(59,3),(62,3),(69,3),(78,3),(81,3),(86,3),(94,3),(97,3),(100,3);
/*!40000 ALTER TABLE `account_authority` ENABLE KEYS */;
UNLOCK TABLES;

--
-- Table structure for table `address`
--

DROP TABLE IF EXISTS `address`;
/*!40101 SET @saved_cs_client     = @@character_set_client */;
/*!50503 SET character_set_client = utf8mb4 */;
CREATE TABLE `address` (
  `id` bigint NOT NULL AUTO_INCREMENT,
  `create_by` varchar(255) DEFAULT NULL,
  `create_date` varchar(255) DEFAULT NULL,
  `modified_by` varchar(255) DEFAULT NULL,
  `modified_date` datetime(6) DEFAULT NULL,
  `address_line1` varchar(205) DEFAULT NULL,
  `address_line2` varchar(205) DEFAULT NULL,
  `postal_code` varchar(45) DEFAULT NULL,
  `village_id` bigint NOT NULL,
  `status` tinyint DEFAULT '1',
  PRIMARY KEY (`id`),
  KEY `FKgufu9edl0iiai9gwjs84iwmgb` (`village_id`),
  CONSTRAINT `FKgufu9edl0iiai9gwjs84iwmgb` FOREIGN KEY (`village_id`) REFERENCES `village` (`id`)
) ENGINE=InnoDB AUTO_INCREMENT=101 DEFAULT CHARSET=utf8mb4 COLLATE=utf8mb4_0900_ai_ci;
/*!40101 SET character_set_client = @saved_cs_client */;

--
-- Dumping data for table `address`
--

LOCK TABLES `address` WRITE;
/*!40000 ALTER TABLE `address` DISABLE KEYS */;
INSERT INTO `address` VALUES (1,NULL,NULL,NULL,NULL,'Maecenas iaculis','amet ultricies','246162',61,NULL),(2,NULL,NULL,NULL,NULL,'Lorem ipsum','pede blandit','765756',48,NULL),(3,NULL,NULL,NULL,NULL,'tellus. Aenean','diam lorem,','773445',11,NULL),(4,NULL,NULL,NULL,NULL,'urna. Nunc','placerat, augue.','252715',76,NULL),(5,NULL,NULL,NULL,NULL,'nec, diam.','Aenean eget','145113',25,NULL),(6,NULL,NULL,NULL,NULL,'Sed nec','orci, consectetuer','208961',48,NULL),(7,NULL,NULL,NULL,NULL,'consectetuer adipiscing','mus. Aenean','535839',26,NULL),(8,NULL,NULL,NULL,NULL,'tempor, est','Vivamus euismod','804149',51,NULL),(9,NULL,NULL,NULL,NULL,'ridiculus mus.','Fusce fermentum','319655',23,NULL),(10,NULL,NULL,NULL,NULL,'Aliquam erat','ullamcorper eu,','578535',20,NULL),(11,NULL,NULL,NULL,NULL,'vel sapien','auctor odio','616888',58,NULL),(12,NULL,NULL,NULL,NULL,'consectetuer ipsum','vestibulum, neque','217195',62,NULL),(13,NULL,NULL,NULL,NULL,'ipsum nunc','nec urna','776502',39,NULL),(14,NULL,NULL,NULL,NULL,'suscipit nonummy.','odio. Phasellus','273194',84,NULL),(15,NULL,NULL,NULL,NULL,'Sed id','semper egestas,','669631',33,NULL),(16,NULL,NULL,NULL,NULL,'ad litora','sapien. Nunc','449867',27,NULL),(17,NULL,NULL,NULL,NULL,'neque. Nullam','Maecenas ornare','331532',99,NULL),(18,NULL,NULL,NULL,NULL,'netus et','vehicula et,','555120',27,NULL),(19,NULL,NULL,NULL,NULL,'molestie tortor','in magna.','836570',32,NULL),(20,NULL,NULL,NULL,NULL,'aliquet libero.','Nullam velit','758581',54,NULL),(21,NULL,NULL,NULL,NULL,'cursus purus.','egestas blandit.','556745',26,NULL),(22,NULL,NULL,NULL,NULL,'Cras sed','id nunc','267273',31,NULL),(23,NULL,NULL,NULL,NULL,'mauris sapien,','ac mattis','214261',10,NULL),(24,NULL,NULL,NULL,NULL,'ante. Maecenas','sit amet,','980184',92,NULL),(25,NULL,NULL,NULL,NULL,'Cras dictum','Cras pellentesque.','361366',86,NULL),(26,NULL,NULL,NULL,NULL,'ipsum nunc','diam luctus','882366',19,NULL),(27,NULL,NULL,NULL,NULL,'Sed malesuada','et malesuada','966853',13,NULL),(28,NULL,NULL,NULL,NULL,'neque et','nascetur ridiculus','534149',57,NULL),(29,NULL,NULL,NULL,NULL,'pharetra nibh.','mus. Proin','855136',22,NULL),(30,NULL,NULL,NULL,NULL,'auctor velit.','placerat eget,','558283',21,NULL),(31,NULL,NULL,NULL,NULL,'orci. Ut','velit. Pellentesque','732433',92,NULL),(32,NULL,NULL,NULL,NULL,'feugiat. Sed','convallis ligula.','392408',53,NULL),(33,NULL,NULL,NULL,NULL,'non, cursus','est mauris,','125781',58,NULL),(34,NULL,NULL,NULL,NULL,'lacus vestibulum','commodo ipsum.','549791',31,NULL),(35,NULL,NULL,NULL,NULL,'eu, odio.','Curabitur consequat,','773521',100,NULL),(36,NULL,NULL,NULL,NULL,'dolor sit','Duis at','213216',22,NULL),(37,NULL,NULL,NULL,NULL,'arcu. Sed','adipiscing elit.','873303',84,NULL),(38,NULL,NULL,NULL,NULL,'augue porttitor','cursus. Integer','616458',34,NULL),(39,NULL,NULL,NULL,NULL,'nisi sem','Donec fringilla.','772304',31,NULL),(40,NULL,NULL,NULL,NULL,'orci luctus','non, luctus','286186',10,NULL),(41,NULL,NULL,NULL,NULL,'ante dictum','eget mollis','615776',55,NULL),(42,NULL,NULL,NULL,NULL,'lobortis quam','Nam consequat','812181',60,NULL),(43,NULL,NULL,NULL,NULL,'Quisque libero','ipsum. Phasellus','853360',100,NULL),(44,NULL,NULL,NULL,NULL,'auctor ullamcorper,','tempor erat','766424',52,NULL),(45,NULL,NULL,NULL,NULL,'In tincidunt','elit. Curabitur','854002',67,NULL),(46,NULL,NULL,NULL,NULL,'lacus. Aliquam','velit. Aliquam','757261',47,NULL),(47,NULL,NULL,NULL,NULL,'dictum placerat,','scelerisque sed,','683696',49,NULL),(48,NULL,NULL,NULL,NULL,'nisi sem','ligula. Aenean','971846',43,NULL),(49,NULL,NULL,NULL,NULL,'vitae, orci.','Morbi non','234045',78,NULL),(50,NULL,NULL,NULL,NULL,'dolor, tempus','fames ac','148437',91,NULL),(51,NULL,NULL,NULL,NULL,'parturient montes,','nec, eleifend','447611',26,NULL),(52,NULL,NULL,NULL,NULL,'nec, eleifend','tellus. Nunc','224803',3,NULL),(53,NULL,NULL,NULL,NULL,'lacus, varius','a sollicitudin','386933',38,NULL),(54,NULL,NULL,NULL,NULL,'Curabitur dictum.','velit eu','758224',54,NULL),(55,NULL,NULL,NULL,NULL,'posuere cubilia','nascetur ridiculus','888346',32,NULL),(56,NULL,NULL,NULL,NULL,'nec, imperdiet','non, lacinia','332896',92,NULL),(57,NULL,NULL,NULL,NULL,'euismod urna.','facilisis facilisis,','834756',31,NULL),(58,NULL,NULL,NULL,NULL,'mollis non,','fermentum metus.','268300',87,NULL),(59,NULL,NULL,NULL,NULL,'facilisi. Sed','non quam.','187246',75,NULL),(60,NULL,NULL,NULL,NULL,'metus. In','mauris eu','669838',41,NULL),(61,NULL,NULL,NULL,NULL,'vitae, aliquet','lobortis quis,','387659',68,NULL),(62,NULL,NULL,NULL,NULL,'lobortis tellus','diam luctus','734381',77,NULL),(63,NULL,NULL,NULL,NULL,'ligula. Aenean','metus. Vivamus','718503',92,NULL),(64,NULL,NULL,NULL,NULL,'et, commodo','feugiat. Lorem','833842',34,NULL),(65,NULL,NULL,NULL,NULL,'eu tellus.','ipsum. Donec','684830',54,NULL),(66,NULL,NULL,NULL,NULL,'et risus.','penatibus et','233864',81,NULL),(67,NULL,NULL,NULL,NULL,'dictum placerat,','Nunc laoreet','654832',59,NULL),(68,NULL,NULL,NULL,NULL,'risus. Morbi','fringilla euismod','863973',56,NULL),(69,NULL,NULL,NULL,NULL,'dolor, tempus','malesuada ut,','802204',83,NULL),(70,NULL,NULL,NULL,NULL,'vel quam','ipsum dolor','896122',92,NULL),(71,NULL,NULL,NULL,NULL,'Morbi neque','diam. Sed','417525',15,NULL),(72,NULL,NULL,NULL,NULL,'risus. Donec','et, lacinia','661813',5,NULL),(73,NULL,NULL,NULL,NULL,'non justo.','congue, elit','216956',29,NULL),(74,NULL,NULL,NULL,NULL,'ornare egestas','Morbi quis','216365',45,NULL),(75,NULL,NULL,NULL,NULL,'Cras convallis','eu augue','317541',99,NULL),(76,NULL,NULL,NULL,NULL,'Donec porttitor','libero et','592540',42,NULL),(77,NULL,NULL,NULL,NULL,'facilisis vitae,','vulputate dui,','840780',64,NULL),(78,NULL,NULL,NULL,NULL,'lorem tristique','Sed malesuada','488720',40,NULL),(79,NULL,NULL,NULL,NULL,'non, bibendum','sit amet','281753',32,NULL),(80,NULL,NULL,NULL,NULL,'ac mattis','eget, volutpat','383314',39,NULL),(81,NULL,NULL,NULL,NULL,'blandit viverra.','rutrum. Fusce','187484',45,NULL),(82,NULL,NULL,NULL,NULL,'mi tempor','mus. Proin','928366',91,NULL),(83,NULL,NULL,NULL,NULL,'rutrum eu,','convallis convallis','730882',77,NULL),(84,NULL,NULL,NULL,NULL,'mauris. Morbi','Aenean massa.','765175',12,NULL),(85,NULL,NULL,NULL,NULL,'Cum sociis','sit amet','167439',73,NULL),(86,NULL,NULL,NULL,NULL,'nibh. Phasellus','nonummy ac,','469125',61,NULL),(87,NULL,NULL,NULL,NULL,'lorem, luctus','congue. In','863542',51,NULL),(88,NULL,NULL,NULL,NULL,'laoreet, libero','iaculis aliquet','295352',60,NULL),(89,NULL,NULL,NULL,NULL,'lorem ut','ligula tortor,','252668',3,NULL),(90,NULL,NULL,NULL,NULL,'tincidunt, neque','elit erat','157506',85,NULL),(91,NULL,NULL,NULL,NULL,'Nullam suscipit,','parturient montes,','846562',20,NULL),(92,NULL,NULL,NULL,NULL,'dolor sit','Duis cursus,','965036',45,NULL),(93,NULL,NULL,NULL,NULL,'dis parturient','lobortis mauris.','686599',86,NULL),(94,NULL,NULL,NULL,NULL,'eu lacus.','accumsan interdum','322984',66,NULL),(95,NULL,NULL,NULL,NULL,'quis accumsan','tempus, lorem','771634',41,NULL),(96,NULL,NULL,NULL,NULL,'lacinia vitae,','enim commodo','547274',38,NULL),(97,NULL,NULL,NULL,NULL,'Quisque imperdiet,','pede. Nunc','653121',79,NULL),(98,NULL,NULL,NULL,NULL,'elit fermentum','elit, dictum','179587',72,NULL),(99,NULL,NULL,NULL,NULL,'euismod urna.','eu neque','844696',53,NULL),(100,NULL,NULL,NULL,NULL,'magna nec','sit amet,','743237',59,NULL);
/*!40000 ALTER TABLE `address` ENABLE KEYS */;
UNLOCK TABLES;

--
-- Table structure for table `authority`
--

DROP TABLE IF EXISTS `authority`;
/*!40101 SET @saved_cs_client     = @@character_set_client */;
/*!50503 SET character_set_client = utf8mb4 */;
CREATE TABLE `authority` (
  `id` bigint NOT NULL AUTO_INCREMENT,
  `create_by` varchar(255) DEFAULT NULL,
  `create_date` varchar(255) DEFAULT NULL,
  `modified_by` varchar(255) DEFAULT NULL,
  `modified_date` datetime(6) DEFAULT NULL,
  `name` varchar(45) CHARACTER SET utf8mb3 COLLATE utf8mb3_general_ci NOT NULL,
  `status` tinyint DEFAULT '1',
  PRIMARY KEY (`id`)
) ENGINE=InnoDB AUTO_INCREMENT=4 DEFAULT CHARSET=utf8mb4 COLLATE=utf8mb4_0900_ai_ci;
/*!40101 SET character_set_client = @saved_cs_client */;

--
-- Dumping data for table `authority`
--

LOCK TABLES `authority` WRITE;
/*!40000 ALTER TABLE `authority` DISABLE KEYS */;
INSERT INTO `authority` VALUES (1,NULL,NULL,NULL,NULL,'ROLE_ADMIN',NULL),(2,NULL,NULL,NULL,NULL,'ROLE_USER',NULL),(3,NULL,NULL,NULL,NULL,'ROLE_STAFF',NULL);
/*!40000 ALTER TABLE `authority` ENABLE KEYS */;
UNLOCK TABLES;

--
-- Table structure for table `category`
--

DROP TABLE IF EXISTS `category`;
/*!40101 SET @saved_cs_client     = @@character_set_client */;
/*!50503 SET character_set_client = utf8mb4 */;
CREATE TABLE `category` (
  `id` bigint NOT NULL AUTO_INCREMENT,
  `create_by` varchar(255) DEFAULT NULL,
  `create_date` varchar(255) DEFAULT NULL,
  `modified_by` varchar(255) DEFAULT NULL,
  `modified_date` datetime(6) DEFAULT NULL,
  `name` varchar(145) DEFAULT NULL,
  `id_parent_category` bigint DEFAULT NULL,
  `status` tinyint DEFAULT '1',
  PRIMARY KEY (`id`),
  KEY `FKggadc5c0v0ghv8c5fvi2x0c5q` (`id_parent_category`),
  CONSTRAINT `FKggadc5c0v0ghv8c5fvi2x0c5q` FOREIGN KEY (`id_parent_category`) REFERENCES `category` (`id`)
) ENGINE=InnoDB AUTO_INCREMENT=17 DEFAULT CHARSET=utf8mb4 COLLATE=utf8mb4_0900_ai_ci;
/*!40101 SET character_set_client = @saved_cs_client */;

--
-- Dumping data for table `category`
--

LOCK TABLES `category` WRITE;
/*!40000 ALTER TABLE `category` DISABLE KEYS */;
INSERT INTO `category` VALUES (1,NULL,NULL,NULL,NULL,'Áo',NULL,NULL),(2,NULL,NULL,NULL,NULL,'Quần',NULL,NULL),(3,NULL,NULL,NULL,NULL,'Áo Thun',1,NULL),(4,NULL,NULL,NULL,NULL,'Quần Jean',2,NULL),(5,NULL,NULL,NULL,NULL,'Áo sơ mi',1,NULL),(6,NULL,NULL,NULL,NULL,'Áo khoác',1,NULL),(7,NULL,NULL,NULL,NULL,'Hoodie & Áo nỉ',1,NULL),(8,NULL,NULL,NULL,NULL,'Quần dài',2,NULL),(9,NULL,NULL,NULL,NULL,'Quần đùi',2,NULL),(10,NULL,NULL,NULL,NULL,'Áo Polo',1,NULL);
/*!40000 ALTER TABLE `category` ENABLE KEYS */;
UNLOCK TABLES;

--
-- Table structure for table `category_promotion`
--

DROP TABLE IF EXISTS `category_promotion`;
/*!40101 SET @saved_cs_client     = @@character_set_client */;
/*!50503 SET character_set_client = utf8mb4 */;
CREATE TABLE `category_promotion` (
  `category_id` bigint NOT NULL,
  `promotion_id` bigint NOT NULL,
  PRIMARY KEY (`category_id`,`promotion_id`),
  KEY `FKifq0vw6tqt1urble6pp6jsnbt` (`promotion_id`),
  CONSTRAINT `FK87cxk17uorcmb982dwfx6ofee` FOREIGN KEY (`category_id`) REFERENCES `category` (`id`),
  CONSTRAINT `FKifq0vw6tqt1urble6pp6jsnbt` FOREIGN KEY (`promotion_id`) REFERENCES `promotion` (`id`)
) ENGINE=InnoDB DEFAULT CHARSET=utf8mb4 COLLATE=utf8mb4_0900_ai_ci;
/*!40101 SET character_set_client = @saved_cs_client */;

--
-- Dumping data for table `category_promotion`
--

LOCK TABLES `category_promotion` WRITE;
/*!40000 ALTER TABLE `category_promotion` DISABLE KEYS */;
INSERT INTO `category_promotion` VALUES (6,1),(2,3),(6,3),(8,3),(1,5),(2,5),(7,5),(1,6),(8,6),(4,11),(6,13),(5,14),(7,14),(9,14),(4,15),(5,18),(6,19),(7,19),(5,23),(6,24),(7,24),(10,24),(3,25),(5,25),(5,26),(6,26),(7,26),(6,27),(1,29),(5,31),(8,31),(9,32),(4,34),(5,34),(6,34),(7,34),(8,34),(9,34),(1,36),(8,38),(6,39),(2,42),(2,44),(8,44),(4,47),(5,48),(3,49);
/*!40000 ALTER TABLE `category_promotion` ENABLE KEYS */;
UNLOCK TABLES;

--
-- Table structure for table `city`
--

DROP TABLE IF EXISTS `city`;
/*!40101 SET @saved_cs_client     = @@character_set_client */;
/*!50503 SET character_set_client = utf8mb4 */;
CREATE TABLE `city` (
  `id` bigint NOT NULL AUTO_INCREMENT,
  `create_by` varchar(255) DEFAULT NULL,
  `create_date` varchar(255) DEFAULT NULL,
  `modified_by` varchar(255) DEFAULT NULL,
  `modified_date` datetime(6) DEFAULT NULL,
  `name` varchar(45) NOT NULL,
  `region_id` bigint NOT NULL,
  `status` tinyint DEFAULT '1',
  PRIMARY KEY (`id`),
  KEY `FKrpd7j1p7yxr784adkx4pyepba_idx` (`region_id`),
  CONSTRAINT `FKrpd7j1p7yxr784adkx4pyepba` FOREIGN KEY (`region_id`) REFERENCES `region` (`id`)
) ENGINE=InnoDB AUTO_INCREMENT=101 DEFAULT CHARSET=utf8mb4 COLLATE=utf8mb4_0900_ai_ci;
/*!40101 SET character_set_client = @saved_cs_client */;

--
-- Dumping data for table `city`
--

LOCK TABLES `city` WRITE;
/*!40000 ALTER TABLE `city` DISABLE KEYS */;
INSERT INTO `city` VALUES (1,NULL,NULL,NULL,NULL,'Bến Tre',17,NULL),(2,NULL,NULL,NULL,NULL,'Nha Trang',37,NULL),(3,NULL,NULL,NULL,NULL,'Gia Nghĩa',32,NULL),(4,NULL,NULL,NULL,NULL,'Lai Châu',26,NULL),(5,NULL,NULL,NULL,NULL,'Thanh Miện',8,NULL),(6,NULL,NULL,NULL,NULL,'Da Lat',26,NULL),(7,NULL,NULL,NULL,NULL,'Yên Định',14,NULL),(8,NULL,NULL,NULL,NULL,'Nam Giang',24,NULL),(9,NULL,NULL,NULL,NULL,'Trà Vinh',23,NULL),(10,NULL,NULL,NULL,NULL,'Cần Thơ',11,NULL),(11,NULL,NULL,NULL,NULL,'Cà Mau',29,NULL),(12,NULL,NULL,NULL,NULL,'Đông Hà',45,NULL),(13,NULL,NULL,NULL,NULL,'Mỹ Tho',42,NULL),(14,NULL,NULL,NULL,NULL,'Sông Mã',36,NULL),(15,NULL,NULL,NULL,NULL,'Điện Biên Phủ',6,NULL),(16,NULL,NULL,NULL,NULL,'Quảng Ngãi',3,NULL),(17,NULL,NULL,NULL,NULL,'Phong Thổ',40,NULL),(18,NULL,NULL,NULL,NULL,'Tuy Hòa',11,NULL),(19,NULL,NULL,NULL,NULL,'Kỳ Sơn',43,NULL),(20,NULL,NULL,NULL,NULL,'Liễu Đề',25,NULL),(21,NULL,NULL,NULL,NULL,'Vũ Thư',46,NULL),(22,NULL,NULL,NULL,NULL,'Cao Lãnh',4,NULL),(23,NULL,NULL,NULL,NULL,'Từ Sơn',11,NULL),(24,NULL,NULL,NULL,NULL,'Long Xuyên',20,NULL),(25,NULL,NULL,NULL,NULL,'Quế',42,NULL),(26,NULL,NULL,NULL,NULL,'Sơn La',13,NULL),(27,NULL,NULL,NULL,NULL,'Gôi',33,NULL),(28,NULL,NULL,NULL,NULL,'Tân An',2,NULL),(29,NULL,NULL,NULL,NULL,'Kon Tum',39,NULL),(30,NULL,NULL,NULL,NULL,'Đà Nẵng',35,NULL),(31,NULL,NULL,NULL,NULL,'Kiện Khê',23,NULL),(32,NULL,NULL,NULL,NULL,'Hòa Mạc',39,NULL),(33,NULL,NULL,NULL,NULL,'Pleiku',7,NULL),(34,NULL,NULL,NULL,NULL,'Thái Nguyên',15,NULL),(35,NULL,NULL,NULL,NULL,'Than Uyên',50,NULL),(36,NULL,NULL,NULL,NULL,'Quỳnh Côi',26,NULL),(37,NULL,NULL,NULL,NULL,'Hà Tĩnh',19,NULL),(38,NULL,NULL,NULL,NULL,'Phan Thiết',50,NULL),(39,NULL,NULL,NULL,NULL,'Rạch Giá',29,NULL),(40,NULL,NULL,NULL,NULL,'Bắc Giang',6,NULL),(41,NULL,NULL,NULL,NULL,'Hà Nội',12,NULL),(42,NULL,NULL,NULL,NULL,'Lạng Sơn',51,NULL),(43,NULL,NULL,NULL,NULL,'Hải Phòng',23,NULL),(44,NULL,NULL,NULL,NULL,'Hồ Chí Minh City',39,NULL),(45,NULL,NULL,NULL,NULL,'Bình Mỹ',46,NULL),(46,NULL,NULL,NULL,NULL,'Tam Kỳ',41,NULL),(47,NULL,NULL,NULL,NULL,'Đồng Hới',7,NULL),(48,NULL,NULL,NULL,NULL,'Thủ Dầu Một',29,NULL),(49,NULL,NULL,NULL,NULL,'Hà Giang',26,NULL),(50,NULL,NULL,NULL,NULL,'Lào Cai',40,NULL),(51,NULL,NULL,NULL,NULL,'Vinh',17,NULL),(52,NULL,NULL,NULL,NULL,'Trần Cao',8,NULL),(53,NULL,NULL,NULL,NULL,'Vị Thanh',11,NULL),(54,NULL,NULL,NULL,NULL,'Đồng Xoài',47,NULL),(55,NULL,NULL,NULL,NULL,'Yên Lạc',42,NULL),(56,NULL,NULL,NULL,NULL,'Ong',28,NULL),(57,NULL,NULL,NULL,NULL,'Tây Ninh',49,NULL);
/*!40000 ALTER TABLE `city` ENABLE KEYS */;
UNLOCK TABLES;

--
-- Table structure for table `country`
--

DROP TABLE IF EXISTS `country`;
/*!40101 SET @saved_cs_client     = @@character_set_client */;
/*!50503 SET character_set_client = utf8mb4 */;
CREATE TABLE `country` (
  `id` bigint NOT NULL AUTO_INCREMENT,
  `create_by` varchar(255) DEFAULT NULL,
  `create_date` varchar(255) DEFAULT NULL,
  `modified_by` varchar(255) DEFAULT NULL,
  `modified_date` datetime(6) DEFAULT NULL,
  `name` varchar(45) NOT NULL,
  `status` tinyint DEFAULT '1',
  PRIMARY KEY (`id`)
) ENGINE=InnoDB AUTO_INCREMENT=2 DEFAULT CHARSET=utf8mb4 COLLATE=utf8mb4_0900_ai_ci;
/*!40101 SET character_set_client = @saved_cs_client */;

--
-- Dumping data for table `country`
--

LOCK TABLES `country` WRITE;
/*!40000 ALTER TABLE `country` DISABLE KEYS */;
INSERT INTO `country` VALUES (1,NULL,NULL,NULL,NULL,'Việt Nam',NULL);
/*!40000 ALTER TABLE `country` ENABLE KEYS */;
UNLOCK TABLES;

--
-- Table structure for table `district`
--

DROP TABLE IF EXISTS `district`;
/*!40101 SET @saved_cs_client     = @@character_set_client */;
/*!50503 SET character_set_client = utf8mb4 */;
CREATE TABLE `district` (
  `id` bigint NOT NULL AUTO_INCREMENT,
  `create_by` varchar(255) DEFAULT NULL,
  `create_date` varchar(255) DEFAULT NULL,
  `modified_by` varchar(255) DEFAULT NULL,
  `modified_date` datetime(6) DEFAULT NULL,
  `name` varchar(45) NOT NULL,
  `city_id` bigint NOT NULL,
  `status` tinyint DEFAULT '1',
  PRIMARY KEY (`id`),
  KEY `FKsgx09prp6sk2f0we38bf2dtal` (`city_id`),
  CONSTRAINT `FKsgx09prp6sk2f0we38bf2dtal` FOREIGN KEY (`city_id`) REFERENCES `city` (`id`)
) ENGINE=InnoDB AUTO_INCREMENT=101 DEFAULT CHARSET=utf8mb4 COLLATE=utf8mb4_0900_ai_ci;
/*!40101 SET character_set_client = @saved_cs_client */;

--
-- Dumping data for table `district`
--

LOCK TABLES `district` WRITE;
/*!40000 ALTER TABLE `district` DISABLE KEYS */;
INSERT INTO `district` VALUES (1,NULL,NULL,NULL,NULL,'Ap #263-1159 Orci. Ave',14,NULL),(2,NULL,NULL,NULL,NULL,'Ap #730-2737 Eget Avenue',39,NULL),(3,NULL,NULL,NULL,NULL,'P.O. Box 610, 8582 Nibh. St.',44,NULL),(4,NULL,NULL,NULL,NULL,'5049 Diam. Rd.',45,NULL),(5,NULL,NULL,NULL,NULL,'P.O. Box 636, 2243 Fusce Road',27,NULL),(6,NULL,NULL,NULL,NULL,'254-2149 Lobortis Av.',55,NULL),(7,NULL,NULL,NULL,NULL,'P.O. Box 222, 6328 Maecenas Rd.',9,NULL),(8,NULL,NULL,NULL,NULL,'Ap #642-1039 In Rd.',48,NULL),(9,NULL,NULL,NULL,NULL,'8540 Arcu Road',49,NULL),(10,NULL,NULL,NULL,NULL,'Ap #423-1437 Non, St.',44,NULL),(11,NULL,NULL,NULL,NULL,'356-1156 Risus. Avenue',23,NULL),(12,NULL,NULL,NULL,NULL,'8786 Rutrum. Rd.',27,NULL),(13,NULL,NULL,NULL,NULL,'582-8455 Eu, Rd.',30,NULL),(14,NULL,NULL,NULL,NULL,'P.O. Box 883, 7272 Iaculis Rd.',21,NULL),(15,NULL,NULL,NULL,NULL,'Ap #693-817 Tristique St.',48,NULL),(16,NULL,NULL,NULL,NULL,'1209 In Rd.',23,NULL),(17,NULL,NULL,NULL,NULL,'P.O. Box 590, 4886 Sem Street',5,NULL),(18,NULL,NULL,NULL,NULL,'252-4237 Semper Ave',12,NULL),(19,NULL,NULL,NULL,NULL,'Ap #839-1720 Ultrices St.',16,NULL),(20,NULL,NULL,NULL,NULL,'Ap #857-2490 Vitae Street',36,NULL),(21,NULL,NULL,NULL,NULL,'6694 Nisl Av.',28,NULL),(22,NULL,NULL,NULL,NULL,'400-9899 Magna. Avenue',26,NULL),(23,NULL,NULL,NULL,NULL,'173-4262 Non Road',15,NULL),(24,NULL,NULL,NULL,NULL,'Ap #674-5180 Rutrum, Ave',53,NULL),(25,NULL,NULL,NULL,NULL,'P.O. Box 463, 3427 Feugiat Street',33,NULL),(26,NULL,NULL,NULL,NULL,'956-3860 Ut Rd.',30,NULL),(27,NULL,NULL,NULL,NULL,'4861 Suscipit Av.',2,NULL),(28,NULL,NULL,NULL,NULL,'P.O. Box 904, 7010 Donec Rd.',46,NULL),(29,NULL,NULL,NULL,NULL,'P.O. Box 398, 8602 Molestie Avenue',4,NULL),(30,NULL,NULL,NULL,NULL,'Ap #537-6616 Nisi Rd.',23,NULL),(31,NULL,NULL,NULL,NULL,'Ap #453-7003 Ante. Street',10,NULL),(32,NULL,NULL,NULL,NULL,'Ap #860-3652 Erat Avenue',27,NULL),(33,NULL,NULL,NULL,NULL,'Ap #828-9039 Scelerisque Av.',17,NULL),(34,NULL,NULL,NULL,NULL,'P.O. Box 113, 5697 Quam Ave',27,NULL),(35,NULL,NULL,NULL,NULL,'561-5388 Amet Street',29,NULL),(36,NULL,NULL,NULL,NULL,'421-9608 Sollicitudin Ave',25,NULL),(37,NULL,NULL,NULL,NULL,'515-6267 Vestibulum Rd.',3,NULL),(38,NULL,NULL,NULL,NULL,'Ap #426-9513 Natoque Ave',50,NULL),(39,NULL,NULL,NULL,NULL,'Ap #206-6283 Sed Av.',19,NULL),(40,NULL,NULL,NULL,NULL,'944-159 Lobortis Road',19,NULL),(41,NULL,NULL,NULL,NULL,'8359 Semper Ave',7,NULL),(42,NULL,NULL,NULL,NULL,'P.O. Box 951, 3465 Dolor Rd.',48,NULL),(43,NULL,NULL,NULL,NULL,'1417 Tortor Road',25,NULL),(44,NULL,NULL,NULL,NULL,'4896 Aliquam St.',55,NULL),(45,NULL,NULL,NULL,NULL,'P.O. Box 886, 305 Lacus. St.',39,NULL),(46,NULL,NULL,NULL,NULL,'469-5642 Pede, Avenue',22,NULL),(47,NULL,NULL,NULL,NULL,'Ap #637-3962 Ac St.',18,NULL),(48,NULL,NULL,NULL,NULL,'Ap #476-7413 Cras Rd.',27,NULL),(49,NULL,NULL,NULL,NULL,'Ap #355-4571 Ut Av.',53,NULL),(50,NULL,NULL,NULL,NULL,'P.O. Box 907, 2328 Risus. Street',22,NULL),(51,NULL,NULL,NULL,NULL,'927-3027 Ut Ave',2,NULL),(52,NULL,NULL,NULL,NULL,'915-2063 Rutrum. Street',16,NULL),(53,NULL,NULL,NULL,NULL,'168-4060 Sapien. Av.',21,NULL),(54,NULL,NULL,NULL,NULL,'P.O. Box 400, 4347 Odio Avenue',40,NULL),(55,NULL,NULL,NULL,NULL,'P.O. Box 951, 246 Augue. St.',33,NULL),(56,NULL,NULL,NULL,NULL,'Ap #769-7513 Dui. Rd.',40,NULL),(57,NULL,NULL,NULL,NULL,'660-1122 Ut, Road',41,NULL),(58,NULL,NULL,NULL,NULL,'Ap #890-9974 Dolor. Rd.',54,NULL),(59,NULL,NULL,NULL,NULL,'Ap #276-2474 Proin St.',32,NULL),(60,NULL,NULL,NULL,NULL,'792-2869 Interdum Ave',47,NULL),(61,NULL,NULL,NULL,NULL,'365-6567 Libero Road',11,NULL),(62,NULL,NULL,NULL,NULL,'8254 Ut Av.',21,NULL),(63,NULL,NULL,NULL,NULL,'Ap #523-4389 Interdum. St.',29,NULL),(64,NULL,NULL,NULL,NULL,'Ap #814-1999 Gravida. St.',35,NULL),(65,NULL,NULL,NULL,NULL,'7451 Mauris Ave',49,NULL),(66,NULL,NULL,NULL,NULL,'Ap #952-3131 Natoque Av.',7,NULL),(67,NULL,NULL,NULL,NULL,'9419 Consectetuer Street',43,NULL),(68,NULL,NULL,NULL,NULL,'984-7172 Eu Road',28,NULL),(69,NULL,NULL,NULL,NULL,'P.O. Box 126, 1545 Felis. St.',38,NULL),(70,NULL,NULL,NULL,NULL,'712-1112 Mauris Rd.',47,NULL),(71,NULL,NULL,NULL,NULL,'Ap #493-9946 Egestas. Av.',14,NULL),(72,NULL,NULL,NULL,NULL,'Ap #819-1119 Posuere Road',7,NULL),(73,NULL,NULL,NULL,NULL,'846-5211 Nunc Av.',49,NULL),(74,NULL,NULL,NULL,NULL,'5033 Accumsan Ave',50,NULL),(75,NULL,NULL,NULL,NULL,'P.O. Box 741, 401 Donec St.',43,NULL),(76,NULL,NULL,NULL,NULL,'Ap #752-7642 Sed Rd.',32,NULL),(77,NULL,NULL,NULL,NULL,'851-4644 Imperdiet Av.',47,NULL),(78,NULL,NULL,NULL,NULL,'Ap #859-6626 Est. Road',9,NULL),(79,NULL,NULL,NULL,NULL,'1163 Odio Street',22,NULL),(80,NULL,NULL,NULL,NULL,'Ap #602-1231 Magna Avenue',24,NULL),(81,NULL,NULL,NULL,NULL,'P.O. Box 350, 3311 Dictum St.',44,NULL),(82,NULL,NULL,NULL,NULL,'8739 Sagittis Street',29,NULL),(83,NULL,NULL,NULL,NULL,'Ap #790-2667 Mus. Rd.',11,NULL),(84,NULL,NULL,NULL,NULL,'Ap #681-3134 Accumsan Rd.',42,NULL),(85,NULL,NULL,NULL,NULL,'Ap #502-9111 Lectus St.',35,NULL),(86,NULL,NULL,NULL,NULL,'Ap #115-5095 Eleifend, Street',19,NULL),(87,NULL,NULL,NULL,NULL,'621-8361 Augue St.',19,NULL),(88,NULL,NULL,NULL,NULL,'3833 Placerat Rd.',52,NULL),(89,NULL,NULL,NULL,NULL,'Ap #422-1840 Orci. Rd.',43,NULL),(90,NULL,NULL,NULL,NULL,'9913 Sit Street',3,NULL),(91,NULL,NULL,NULL,NULL,'Ap #132-5045 Lacus. Rd.',26,NULL),(92,NULL,NULL,NULL,NULL,'Ap #600-3612 Penatibus Avenue',13,NULL),(93,NULL,NULL,NULL,NULL,'Ap #848-2122 Magna. St.',19,NULL),(94,NULL,NULL,NULL,NULL,'853-3727 Dolor Rd.',55,NULL),(95,NULL,NULL,NULL,NULL,'Ap #544-9997 Ultrices Street',44,NULL),(96,NULL,NULL,NULL,NULL,'Ap #910-8594 Phasellus St.',18,NULL),(97,NULL,NULL,NULL,NULL,'Ap #670-5551 Vehicula Av.',43,NULL),(98,NULL,NULL,NULL,NULL,'979-5000 Vel Avenue',12,NULL),(99,NULL,NULL,NULL,NULL,'513-7590 Vitae Street',29,NULL),(100,NULL,NULL,NULL,NULL,'7790 Pharetra. Road',21,NULL);
/*!40000 ALTER TABLE `district` ENABLE KEYS */;
UNLOCK TABLES;

--
-- Table structure for table `order`
--

DROP TABLE IF EXISTS `order`;
/*!40101 SET @saved_cs_client     = @@character_set_client */;
/*!50503 SET character_set_client = utf8mb4 */;
CREATE TABLE `order` (
  `id` bigint NOT NULL AUTO_INCREMENT,
  `create_by` varchar(255) DEFAULT NULL,
  `create_date` varchar(255) DEFAULT NULL,
  `modified_by` varchar(255) DEFAULT NULL,
  `modified_date` datetime(6) DEFAULT NULL,
  `consignee_name` varchar(105) NOT NULL,
  `consignee_phone` varchar(40) NOT NULL,
  `order_total` double DEFAULT NULL,
  `address_id` bigint NOT NULL,
  `order_status_id` bigint NOT NULL,
  `shipping_method_id` bigint NOT NULL,
  `user_payment_method_id` bigint NOT NULL,
  PRIMARY KEY (`id`),
  KEY `FK145gxdq9etc0fv3a0vutmkbye` (`address_id`),
  KEY `FKcxpcc11kb45j9kjf2qol0pmvm` (`order_status_id`),
  KEY `FK2pqrxd858x8362v6ositor5pp` (`shipping_method_id`),
  KEY `FK29qqccicfkwdcu7guva24b760` (`user_payment_method_id`),
  CONSTRAINT `FK145gxdq9etc0fv3a0vutmkbye` FOREIGN KEY (`address_id`) REFERENCES `address` (`id`),
  CONSTRAINT `FK29qqccicfkwdcu7guva24b760` FOREIGN KEY (`user_payment_method_id`) REFERENCES `user_payment_method` (`id`),
  CONSTRAINT `FK2pqrxd858x8362v6ositor5pp` FOREIGN KEY (`shipping_method_id`) REFERENCES `shipping_method` (`id`),
  CONSTRAINT `FKcxpcc11kb45j9kjf2qol0pmvm` FOREIGN KEY (`order_status_id`) REFERENCES `order_status` (`id`)
) ENGINE=InnoDB AUTO_INCREMENT=502 DEFAULT CHARSET=utf8mb4 COLLATE=utf8mb4_0900_ai_ci;
/*!40101 SET character_set_client = @saved_cs_client */;

--
-- Dumping data for table `order`
--

LOCK TABLES `order` WRITE;
/*!40000 ALTER TABLE `order` DISABLE KEYS */;
INSERT INTO `order` VALUES (1,NULL,'2021-11-23 10:32:33',NULL,'2023-01-31 16:05:00.000000','Noble','(224) 660-5999',94639,7,3,5,64),(2,NULL,'2020-03-07 18:41:23',NULL,'2023-01-31 16:05:00.000000','Nora','(148) 964-6085',93077,24,1,1,78),(3,NULL,'2021-09-29 15:08:43',NULL,'2023-01-31 16:05:00.000000','Brianna','1-942-462-5784',59134,59,5,8,87),(4,NULL,'2020-11-06 11:56:50',NULL,'2023-01-31 16:05:00.000000','Emmanuel','1-745-149-8563',19421,24,4,5,13),(5,NULL,'2021-07-24 02:19:09',NULL,'2023-01-31 16:05:00.000000','Malcolm','1-620-725-7703',36420,88,3,5,53),(6,NULL,'2022-05-06 12:02:17',NULL,'2023-01-31 16:05:00.000000','Desiree','(577) 515-0831',74612,87,2,3,64),(7,NULL,'2021-01-29 21:35:37',NULL,'2023-01-31 16:05:00.000000','Todd','1-416-300-8316',27974,76,3,10,49),(8,NULL,'2021-05-09 01:26:55',NULL,'2023-01-31 16:05:00.000000','Jaquelyn','(617) 505-2365',83779,4,1,2,36),(9,NULL,'2021-11-16 04:34:35',NULL,'2023-01-31 16:05:00.000000','Christian','(595) 367-7340',69108,84,3,6,46),(10,NULL,'2020-09-18 03:02:26',NULL,'2023-01-31 16:05:00.000000','Beatrice','1-485-511-4384',58338,16,3,2,65),(11,NULL,'2020-12-02 11:42:34',NULL,'2023-01-31 16:05:00.000000','Tatum','1-870-546-5844',74114,50,3,7,85),(12,NULL,'2022-09-19 19:36:24',NULL,'2023-01-31 16:05:00.000000','Patricia','(210) 411-5634',20909,64,5,8,23),(13,NULL,'2020-11-17 09:26:43',NULL,'2023-01-31 16:05:00.000000','Patrick','(168) 304-7088',3156,22,2,3,76),(14,NULL,'2020-07-05 14:16:43',NULL,'2023-01-31 16:05:00.000000','Burke','1-836-452-6629',38784,30,3,10,51),(15,NULL,'2020-07-21 11:15:27',NULL,'2023-01-31 16:05:00.000000','Mechelle','(213) 628-3531',73994,71,3,1,29),(16,NULL,'2020-11-14 23:59:06',NULL,'2023-01-31 16:05:00.000000','Rhona','(225) 983-3688',77730,13,4,8,30),(17,NULL,'2022-09-11 13:29:14',NULL,'2023-01-31 16:05:00.000000','Philip','(233) 370-4464',81625,22,3,8,28),(18,NULL,'2022-12-20 21:24:55',NULL,'2023-01-31 16:05:00.000000','Tamekah','1-351-848-4151',4744,60,5,7,13),(19,NULL,'2021-06-14 12:36:02',NULL,'2023-01-31 16:05:00.000000','Raphael','1-827-842-0452',2769,56,4,9,61),(20,NULL,'2021-04-17 16:14:41',NULL,'2023-01-31 16:05:00.000000','Galvin','(555) 357-3818',99154,32,4,5,66),(21,NULL,'2020-05-23 19:34:44',NULL,'2023-01-31 16:05:00.000000','Dieter','1-864-756-6736',62068,48,2,9,81),(22,NULL,'2022-07-14 02:00:38',NULL,'2023-01-31 16:05:00.000000','Shaeleigh','1-214-550-1114',4498,58,5,8,3),(23,NULL,'2020-05-21 12:02:19',NULL,'2023-01-31 16:05:00.000000','Aaron','1-725-269-1603',44570,42,5,1,47),(24,NULL,'2022-02-23 16:18:38',NULL,'2023-01-31 16:05:00.000000','Ingrid','1-603-397-5426',51463,11,5,4,37),(25,NULL,'2022-09-19 06:58:55',NULL,'2023-01-31 16:05:00.000000','Leah','1-223-315-1522',99304,82,6,6,67),(26,NULL,'2020-06-06 06:33:32',NULL,'2023-01-31 16:05:00.000000','Naomi','1-556-448-3165',49715,33,2,4,45),(27,NULL,'2022-02-05 05:04:07',NULL,'2023-01-31 16:05:00.000000','Shelley','(198) 616-2361',33724,52,4,3,72),(28,NULL,'2020-01-19 15:57:08',NULL,'2023-01-31 16:05:00.000000','Sage','(487) 526-1332',43676,87,4,1,56),(29,NULL,'2020-02-01 21:32:46',NULL,'2023-01-31 16:05:00.000000','Mason','1-723-524-7767',12303,23,1,2,46),(30,NULL,'2020-08-02 15:01:47',NULL,'2023-01-31 16:05:00.000000','Marsden','(714) 672-6863',56059,67,1,8,97),(31,NULL,'2021-05-04 18:27:09',NULL,'2023-01-31 16:05:00.000000','Thomas','(645) 823-1317',98582,6,3,2,54),(32,NULL,'2021-11-16 21:38:09',NULL,'2023-01-31 16:05:00.000000','Francesca','(893) 816-4851',10840,65,3,3,84),(33,NULL,'2021-07-11 06:27:11',NULL,'2023-01-31 16:05:00.000000','Keegan','1-261-308-3433',51227,66,4,8,77),(34,NULL,'2020-09-09 09:38:21',NULL,'2023-01-31 16:05:00.000000','Brenna','1-266-113-0642',42794,59,3,8,45),(35,NULL,'2022-10-13 20:57:42',NULL,'2023-01-31 16:05:00.000000','Daryl','1-350-631-7276',62165,80,4,9,74),(36,NULL,'2022-11-22 20:05:49',NULL,'2023-01-31 16:05:00.000000','Giselle','(332) 296-2647',48359,83,5,9,14),(37,NULL,'2022-07-30 06:34:02',NULL,'2023-01-31 16:05:00.000000','Dorian','(555) 346-4757',23507,12,6,9,52),(38,NULL,'2020-04-12 12:34:50',NULL,'2023-01-31 16:05:00.000000','Zachery','1-523-380-9209',11800,23,3,3,77),(39,NULL,'2022-08-23 15:19:38',NULL,'2023-01-31 16:05:00.000000','Zoe','1-172-957-8751',70933,17,6,9,69),(40,NULL,'2020-07-08 10:41:45',NULL,'2023-01-31 16:05:00.000000','Acton','(907) 256-3183',38177,3,2,3,99),(41,NULL,'2022-04-19 20:00:46',NULL,'2023-01-31 16:05:00.000000','Echo','1-677-484-5564',69097,5,4,6,96),(42,NULL,'2021-03-02 22:46:08',NULL,'2023-01-31 16:05:00.000000','Xantha','1-793-131-1929',43755,52,6,8,46),(43,NULL,'2021-12-19 22:17:41',NULL,'2023-01-31 16:05:00.000000','Gage','(477) 271-2764',31613,79,2,5,84),(44,NULL,'2020-04-26 22:03:56',NULL,'2023-01-31 16:05:00.000000','Oliver','(552) 897-0525',39751,41,2,8,4),(45,NULL,'2021-04-07 20:06:30',NULL,'2023-01-31 16:05:00.000000','Austin','1-826-304-7032',61081,10,1,3,34),(46,NULL,'2020-12-18 08:45:55',NULL,'2023-01-31 16:05:00.000000','Arthur','1-383-802-8647',17515,16,5,6,75),(47,NULL,'2022-08-24 21:15:40',NULL,'2023-01-31 16:05:00.000000','Troy','(357) 243-2464',25035,96,3,4,86),(48,NULL,'2020-05-12 05:19:12',NULL,'2023-01-31 16:05:00.000000','Karyn','1-425-858-1623',82328,95,3,4,28),(49,NULL,'2020-07-15 03:15:24',NULL,'2023-01-31 16:05:00.000000','Blossom','(892) 916-8236',54800,24,5,4,59),(50,NULL,'2022-04-10 09:01:15',NULL,'2023-01-31 16:05:00.000000','Jamalia','(552) 803-3361',52649,40,5,2,97),(51,NULL,'2022-01-05 08:33:32',NULL,'2023-01-31 16:05:00.000000','Zorita','1-858-771-1081',16957,65,2,5,68),(52,NULL,'2021-06-05 19:27:45',NULL,'2023-01-31 16:05:00.000000','Byron','1-948-178-8054',11213,26,5,10,49),(53,NULL,'2020-06-03 20:45:51',NULL,'2023-01-31 16:05:00.000000','Chandler','1-181-706-2683',97966,81,3,8,85),(54,NULL,'2022-05-10 23:09:51',NULL,'2023-01-31 16:05:00.000000','Giacomo','(873) 556-8726',41641,28,6,7,36),(55,NULL,'2022-12-21 00:09:36',NULL,'2023-01-31 16:05:00.000000','Alea','(795) 522-7834',45280,87,3,4,15),(56,NULL,'2022-07-11 23:01:58',NULL,'2023-01-31 16:05:00.000000','Valentine','(725) 554-4711',3698,18,3,7,25),(57,NULL,'2022-10-04 21:43:29',NULL,'2023-01-31 16:05:00.000000','Hasad','1-287-695-9855',97691,50,3,3,86),(58,NULL,'2020-06-12 06:44:03',NULL,'2023-01-31 16:05:00.000000','Tana','(742) 327-0385',98942,95,3,4,79),(59,NULL,'2021-01-03 21:33:45',NULL,'2023-01-31 16:05:00.000000','Shaeleigh','(431) 208-6181',42988,71,5,2,73),(60,NULL,'2022-12-18 08:58:41',NULL,'2023-01-31 16:05:00.000000','Jasper','(679) 691-7876',6288,70,4,9,66),(61,NULL,'2022-04-18 18:55:49',NULL,'2023-01-31 16:05:00.000000','Shafira','1-423-335-2677',42510,100,2,2,26),(62,NULL,'2020-12-19 16:47:07',NULL,'2023-01-31 16:05:00.000000','William','1-273-283-7439',5518,8,5,5,100),(63,NULL,'2021-03-13 22:43:49',NULL,'2023-01-31 16:05:00.000000','Latifah','1-714-823-5435',33966,84,5,6,19),(64,NULL,'2022-08-25 14:51:51',NULL,'2023-01-31 16:05:00.000000','Wang','1-549-575-7196',42383,63,4,10,99),(65,NULL,'2022-07-28 12:11:07',NULL,'2023-01-31 16:05:00.000000','Tatum','(481) 441-6786',64892,44,2,9,3),(66,NULL,'2022-01-30 13:46:13',NULL,'2023-01-31 16:05:00.000000','Martin','(763) 454-0482',37554,74,2,4,20),(67,NULL,'2022-10-13 19:12:23',NULL,'2023-01-31 16:05:00.000000','Keaton','1-874-997-5870',10280,66,2,6,74),(68,NULL,'2022-11-04 06:18:11',NULL,'2023-01-31 16:05:00.000000','Dillon','(239) 228-7662',2095,54,4,3,76),(69,NULL,'2022-03-02 01:45:31',NULL,'2023-01-31 16:05:00.000000','Lunea','(444) 805-3546',83906,69,5,4,71),(70,NULL,'2021-01-27 01:42:56',NULL,'2023-01-31 16:05:00.000000','Keegan','1-125-572-2157',5789,94,1,7,6),(71,NULL,'2022-03-11 01:37:23',NULL,'2023-01-31 16:05:00.000000','Camille','1-218-271-2399',29697,25,2,9,27),(72,NULL,'2020-11-20 14:15:48',NULL,'2023-01-31 16:05:00.000000','Laith','1-333-306-3621',26361,18,6,2,80),(73,NULL,'2021-06-08 19:37:48',NULL,'2023-01-31 16:05:00.000000','Tanisha','(683) 491-5286',35917,16,1,4,78),(74,NULL,'2021-01-01 23:34:35',NULL,'2023-01-31 16:05:00.000000','Harrison','(833) 784-2528',52512,92,6,3,46),(75,NULL,'2022-12-04 06:26:20',NULL,'2023-01-31 16:05:00.000000','Olympia','1-321-721-1333',53188,84,2,5,10),(76,NULL,'2022-06-02 15:02:42',NULL,'2023-01-31 16:05:00.000000','Ivor','1-266-605-2625',43849,17,4,6,92),(77,NULL,'2020-06-28 04:20:48',NULL,'2023-01-31 16:05:00.000000','Hayden','1-232-245-8436',632,28,4,1,15),(78,NULL,'2022-01-13 13:47:13',NULL,'2023-01-31 16:05:00.000000','Shoshana','(661) 968-2533',69179,88,6,10,75),(79,NULL,'2020-11-04 13:42:26',NULL,'2023-01-31 16:05:00.000000','Emerald','1-271-953-5143',88163,10,2,1,24),(80,NULL,'2022-01-19 14:15:04',NULL,'2023-01-31 16:05:00.000000','Shellie','(225) 321-8957',62118,11,3,7,34),(81,NULL,'2020-02-08 11:24:51',NULL,'2023-01-31 16:05:00.000000','Ira','(324) 891-7635',84776,26,3,2,40),(82,NULL,'2020-07-12 13:56:24',NULL,'2023-01-31 16:05:00.000000','Neville','1-259-611-2850',55790,35,2,6,33),(83,NULL,'2021-11-15 06:22:58',NULL,'2023-01-31 16:05:00.000000','Nehru','1-574-811-7893',46532,90,6,8,75),(84,NULL,'2022-12-04 18:31:59',NULL,'2023-01-31 16:05:00.000000','Ursa','(557) 467-7934',57648,3,6,9,19),(85,NULL,'2022-12-06 12:26:18',NULL,'2023-01-31 16:05:00.000000','Isaac','(889) 436-2248',22665,33,3,6,90),(86,NULL,'2020-03-26 00:06:05',NULL,'2023-01-31 16:05:00.000000','Lane','(676) 518-8884',95119,25,4,8,63),(87,NULL,'2020-05-24 13:49:30',NULL,'2023-01-31 16:05:00.000000','Dai','(229) 980-3168',94041,34,2,2,71),(88,NULL,'2020-04-15 17:27:50',NULL,'2023-01-31 16:05:00.000000','Summer','1-467-579-7438',29110,20,2,4,48),(89,NULL,'2022-09-29 12:23:17',NULL,'2023-01-31 16:05:00.000000','Trevor','(418) 792-0185',66818,94,6,5,72),(90,NULL,'2022-06-07 20:09:21',NULL,'2023-01-31 16:05:00.000000','Anne','(232) 856-4469',3969,84,3,3,40),(91,NULL,'2022-03-03 08:40:52',NULL,'2023-01-31 16:05:00.000000','Karina','(888) 364-7867',86734,50,5,10,64),(92,NULL,'2022-06-28 06:19:06',NULL,'2023-01-31 16:05:00.000000','Judah','1-281-857-6264',31563,67,4,1,8),(93,NULL,'2022-01-19 16:23:17',NULL,'2023-01-31 16:05:00.000000','Kathleen','(139) 237-8360',94077,12,2,5,55),(94,NULL,'2020-07-29 20:55:58',NULL,'2023-01-31 16:05:00.000000','Gary','1-612-102-7887',48333,20,4,3,64),(95,NULL,'2021-08-19 13:32:01',NULL,'2023-01-31 16:05:00.000000','Yuli','1-171-458-6587',83550,38,4,8,81),(96,NULL,'2020-05-26 04:46:18',NULL,'2023-01-31 16:05:00.000000','Chancellor','1-271-988-8823',42311,90,2,9,35),(97,NULL,'2020-06-14 01:25:54',NULL,'2023-01-31 16:05:00.000000','Veda','1-686-223-8247',8999,74,3,7,33),(98,NULL,'2021-03-15 18:28:55',NULL,'2023-01-31 16:05:00.000000','Kato','(516) 154-1216',41833,91,2,4,39),(99,NULL,'2020-10-25 08:17:47',NULL,'2023-01-31 16:05:00.000000','Henry','(503) 981-6616',48610,88,2,3,65),(100,NULL,'2020-10-13 15:40:42',NULL,'2023-01-31 16:05:00.000000','Veda','(923) 280-9866',76574,50,2,9,39),(101,NULL,'2020-06-26 19:42:07',NULL,'2023-01-31 16:05:00.000000','Urielle','(313) 385-3789',90541,2,2,9,68),(102,NULL,'2021-05-30 16:29:23',NULL,'2023-01-31 16:05:00.000000','James','1-231-628-8871',72132,91,1,7,1),(103,NULL,'2020-11-15 23:17:16',NULL,'2023-01-31 16:05:00.000000','Carson','(525) 744-8980',55015,93,4,8,3),(104,NULL,'2021-06-10 13:47:01',NULL,'2023-01-31 16:05:00.000000','Darryl','(645) 276-2532',90221,36,5,3,72),(105,NULL,'2020-03-08 02:17:32',NULL,'2023-01-31 16:05:00.000000','Hope','(567) 854-8363',85439,28,4,3,66),(106,NULL,'2022-12-12 08:32:51',NULL,'2023-01-31 16:05:00.000000','Austin','1-787-761-1077',54959,43,1,2,24),(107,NULL,'2020-10-12 11:05:23',NULL,'2023-01-31 16:05:00.000000','Mona','1-248-464-5733',20999,10,3,4,38),(108,NULL,'2020-11-27 06:55:11',NULL,'2023-01-31 16:05:00.000000','Timothy','1-585-906-8498',3839,10,2,3,74),(109,NULL,'2022-01-02 20:18:13',NULL,'2023-01-31 16:05:00.000000','Delilah','(485) 228-3862',31117,25,1,10,15),(110,NULL,'2022-11-30 10:57:32',NULL,'2023-01-31 16:05:00.000000','Laith','(966) 292-8773',14130,28,5,10,55),(111,NULL,'2021-08-19 03:49:26',NULL,'2023-01-31 16:05:00.000000','Zoe','(144) 669-7675',85156,15,3,9,75),(112,NULL,'2020-05-04 19:43:14',NULL,'2023-01-31 16:05:00.000000','Lucian','1-532-377-4256',606,46,5,8,76),(113,NULL,'2022-11-21 12:51:30',NULL,'2023-01-31 16:05:00.000000','Colette','1-834-239-8264',62161,18,4,6,49),(114,NULL,'2021-07-10 23:47:53',NULL,'2023-01-31 16:05:00.000000','Rylee','(925) 715-0601',44693,19,4,8,59),(115,NULL,'2023-01-10 16:47:16',NULL,'2023-01-31 16:05:00.000000','Adena','(137) 878-1127',79605,99,2,5,97),(116,NULL,'2021-08-23 19:07:30',NULL,'2023-01-31 16:05:00.000000','Chandler','(879) 372-4335',87368,47,1,7,78),(117,NULL,'2022-09-12 05:56:13',NULL,'2023-01-31 16:05:00.000000','Heather','1-739-621-3874',92183,38,2,7,56),(118,NULL,'2023-01-13 05:11:02',NULL,'2023-01-31 16:05:00.000000','Berk','(440) 559-5643',81885,51,6,2,74),(119,NULL,'2022-08-12 03:26:23',NULL,'2023-01-31 16:05:00.000000','Mari','1-263-504-7686',4850,6,5,5,83),(120,NULL,'2022-10-08 08:31:34',NULL,'2023-01-31 16:05:00.000000','Calvin','1-606-162-8231',82003,46,5,5,44),(121,NULL,'2021-04-30 04:05:19',NULL,'2023-01-31 16:05:00.000000','Clarke','1-266-307-6305',92185,69,3,6,56),(122,NULL,'2021-11-16 08:30:20',NULL,'2023-01-31 16:05:00.000000','Alden','1-684-841-5852',41899,93,3,4,6),(123,NULL,'2020-10-14 04:50:46',NULL,'2023-01-31 16:05:00.000000','Tanek','(215) 240-3115',83581,55,3,3,9),(124,NULL,'2020-05-31 17:17:13',NULL,'2023-01-31 16:05:00.000000','Zenia','1-705-813-5553',47698,94,3,4,25),(125,NULL,'2021-11-17 05:24:00',NULL,'2023-01-31 16:05:00.000000','Jonas','1-755-594-2906',89422,92,4,10,36),(126,NULL,'2020-05-08 07:07:31',NULL,'2023-01-31 16:05:00.000000','Carson','1-282-585-5637',67204,7,6,9,41),(127,NULL,'2020-08-08 08:58:41',NULL,'2023-01-31 16:05:00.000000','Tallulah','(647) 276-3187',96583,5,6,2,72),(128,NULL,'2022-07-02 06:57:01',NULL,'2023-01-31 16:05:00.000000','Hiroko','1-271-841-5702',63714,11,1,3,46),(129,NULL,'2020-04-19 14:14:07',NULL,'2023-01-31 16:05:00.000000','Flynn','(717) 117-1488',9236,49,3,3,28),(130,NULL,'2021-04-02 05:50:03',NULL,'2023-01-31 16:05:00.000000','Burton','1-343-817-7303',93468,11,3,3,51),(131,NULL,'2021-12-11 04:32:18',NULL,'2023-01-31 16:05:00.000000','Damon','1-447-326-6837',39359,19,3,6,81),(132,NULL,'2022-01-03 09:49:15',NULL,'2023-01-31 16:05:00.000000','Colorado','(913) 374-7764',25364,12,5,5,65),(133,NULL,'2022-03-19 18:12:24',NULL,'2023-01-31 16:05:00.000000','Levi','1-484-682-5165',25697,85,4,7,27),(134,NULL,'2021-04-20 09:42:36',NULL,'2023-01-31 16:05:00.000000','Wanda','(137) 212-3501',85361,53,5,8,79),(135,NULL,'2020-04-04 00:59:22',NULL,'2023-01-31 16:05:00.000000','Ocean','(836) 735-8357',43170,5,3,3,12),(136,NULL,'2022-03-15 06:37:27',NULL,'2023-01-31 16:05:00.000000','Jael','(511) 207-7247',36267,38,1,1,91),(137,NULL,'2022-09-16 06:16:44',NULL,'2023-01-31 16:05:00.000000','Adele','1-123-635-7081',29348,18,3,6,3),(138,NULL,'2022-04-26 18:55:51',NULL,'2023-01-31 16:05:00.000000','Lester','1-334-618-2831',52143,62,4,8,50),(139,NULL,'2022-05-15 00:39:16',NULL,'2023-01-31 16:05:00.000000','Geraldine','(288) 512-9718',85306,47,2,4,70),(140,NULL,'2021-07-10 00:06:19',NULL,'2023-01-31 16:05:00.000000','Wayne','1-366-733-1478',91837,85,1,1,96),(141,NULL,'2021-11-13 06:18:21',NULL,'2023-01-31 16:05:00.000000','Melyssa','1-888-739-5088',36572,3,2,8,6),(142,NULL,'2022-11-11 23:11:37',NULL,'2023-01-31 16:05:00.000000','Adara','1-757-535-7595',5630,86,1,8,57),(143,NULL,'2020-12-15 16:35:08',NULL,'2023-01-31 16:05:00.000000','Yolanda','1-530-317-4863',41612,49,3,6,31),(144,NULL,'2022-07-02 06:31:21',NULL,'2023-01-31 16:05:00.000000','Alvin','1-640-895-2032',3322,91,1,8,92),(145,NULL,'2021-08-04 01:29:32',NULL,'2023-01-31 16:05:00.000000','Belle','1-771-567-7281',23047,72,3,7,55),(146,NULL,'2021-02-09 09:05:14',NULL,'2023-01-31 16:05:00.000000','Ivy','1-449-557-1411',92739,73,1,2,6),(147,NULL,'2022-11-11 15:21:39',NULL,'2023-01-31 16:05:00.000000','Gareth','1-641-113-3671',66378,81,4,4,82),(148,NULL,'2021-03-16 11:57:22',NULL,'2023-01-31 16:05:00.000000','Robin','(756) 479-1165',55841,24,1,3,81),(149,NULL,'2022-07-23 03:35:37',NULL,'2023-01-31 16:05:00.000000','Vernon','(671) 869-7524',43823,60,1,7,21),(150,NULL,'2021-10-24 01:31:09',NULL,'2023-01-31 16:05:00.000000','Mannix','1-571-344-2118',44241,94,4,9,59),(151,NULL,'2020-11-25 22:02:44',NULL,'2023-01-31 16:05:00.000000','Zephr','1-867-649-9337',43666,8,6,2,66),(152,NULL,'2021-11-19 11:34:13',NULL,'2023-01-31 16:05:00.000000','Odysseus','1-423-191-1726',79416,73,4,6,11),(153,NULL,'2021-06-24 09:26:46',NULL,'2023-01-31 16:05:00.000000','Lydia','(909) 437-8682',53307,92,3,4,47),(154,NULL,'2020-05-07 02:58:17',NULL,'2023-01-31 16:05:00.000000','Brenna','(472) 941-7508',50670,28,2,3,78),(155,NULL,'2022-06-22 10:34:23',NULL,'2023-01-31 16:05:00.000000','Emerald','1-548-183-5253',1287,83,1,8,52),(156,NULL,'2020-12-19 19:50:11',NULL,'2023-01-31 16:05:00.000000','Lucian','(252) 752-3267',47299,66,2,5,60),(157,NULL,'2022-03-29 22:25:22',NULL,'2023-01-31 16:05:00.000000','Shelby','1-555-279-9133',88466,49,2,7,80),(158,NULL,'2023-01-15 21:24:42',NULL,'2023-01-31 16:05:00.000000','Bradley','1-464-408-1597',2379,81,2,6,64),(159,NULL,'2021-01-08 14:18:33',NULL,'2023-01-31 16:05:00.000000','Logan','1-836-616-8431',42960,11,2,7,7),(160,NULL,'2020-08-14 05:47:27',NULL,'2023-01-31 16:05:00.000000','Uta','1-246-151-8204',62086,10,4,6,24),(161,NULL,'2021-01-28 01:15:01',NULL,'2023-01-31 16:05:00.000000','Omar','(350) 372-2415',21047,13,3,8,82),(162,NULL,'2021-07-07 02:16:26',NULL,'2023-01-31 16:05:00.000000','Theodore','(257) 438-4232',98274,63,3,3,55),(163,NULL,'2021-09-22 03:48:26',NULL,'2023-01-31 16:05:00.000000','Quyn','(867) 535-3362',81289,5,4,3,28),(164,NULL,'2020-06-18 23:36:41',NULL,'2023-01-31 16:05:00.000000','Kameko','1-665-298-1015',31475,93,4,5,2),(165,NULL,'2021-02-05 14:54:29',NULL,'2023-01-31 16:05:00.000000','Fuller','(711) 852-8129',81983,82,2,5,34),(166,NULL,'2020-11-02 06:19:34',NULL,'2023-01-31 16:05:00.000000','Martina','1-691-473-3353',33889,62,6,9,10),(167,NULL,'2021-11-27 22:31:11',NULL,'2023-01-31 16:05:00.000000','Jana','(823) 165-5473',37353,82,3,5,19),(168,NULL,'2020-07-02 20:38:28',NULL,'2023-01-31 16:05:00.000000','Omar','1-870-855-1123',17755,30,4,7,53),(169,NULL,'2021-03-07 19:32:44',NULL,'2023-01-31 16:05:00.000000','Rowan','(217) 545-6844',91699,60,1,3,74),(170,NULL,'2021-04-22 00:49:02',NULL,'2023-01-31 16:05:00.000000','Kermit','(582) 222-1713',56052,8,4,6,76),(171,NULL,'2020-06-21 20:35:18',NULL,'2023-01-31 16:05:00.000000','Brandon','(855) 192-3548',37391,55,3,3,65),(172,NULL,'2020-12-22 00:30:24',NULL,'2023-01-31 16:05:00.000000','Joel','1-346-825-3601',52458,79,4,3,86),(173,NULL,'2022-11-30 02:22:03',NULL,'2023-01-31 16:05:00.000000','Georgia','1-860-471-9967',47202,68,3,7,59),(174,NULL,'2020-08-13 22:36:01',NULL,'2023-01-31 16:05:00.000000','Stacy','1-407-516-1551',19831,23,5,1,53),(175,NULL,'2020-03-01 17:39:20',NULL,'2023-01-31 16:05:00.000000','Elizabeth','(220) 548-1789',82352,73,1,5,9),(176,NULL,'2020-07-05 11:19:40',NULL,'2023-01-31 16:05:00.000000','Herman','1-960-961-6184',79483,74,5,9,67),(177,NULL,'2020-07-03 11:39:52',NULL,'2023-01-31 16:05:00.000000','Dawn','(283) 581-8227',17824,14,5,7,19),(178,NULL,'2022-07-15 14:20:48',NULL,'2023-01-31 16:05:00.000000','Maxwell','(297) 468-3813',30480,13,6,7,58),(179,NULL,'2020-02-09 18:31:40',NULL,'2023-01-31 16:05:00.000000','Kirestin','1-413-972-7672',12427,47,1,2,78),(180,NULL,'2022-05-15 23:07:04',NULL,'2023-01-31 16:05:00.000000','Scarlett','1-334-827-7224',98522,38,2,6,66),(181,NULL,'2020-01-25 15:14:04',NULL,'2023-01-31 16:05:00.000000','Bevis','(556) 788-6381',92756,18,6,5,62),(182,NULL,'2020-07-31 19:10:07',NULL,'2023-01-31 16:05:00.000000','Wayne','1-219-936-2449',28802,85,2,9,95),(183,NULL,'2022-10-16 11:45:14',NULL,'2023-01-31 16:05:00.000000','Stuart','1-471-515-4974',32893,6,4,6,75),(184,NULL,'2022-09-25 16:04:08',NULL,'2023-01-31 16:05:00.000000','Clinton','1-172-752-5671',66634,14,1,9,88),(185,NULL,'2021-05-13 10:53:43',NULL,'2023-01-31 16:05:00.000000','Gemma','(448) 543-2847',29930,65,4,3,57),(186,NULL,'2021-03-02 23:38:34',NULL,'2023-01-31 16:05:00.000000','Lisandra','1-423-785-4833',85442,75,5,2,9),(187,NULL,'2020-12-02 08:14:37',NULL,'2023-01-31 16:05:00.000000','Quintessa','1-512-580-8562',98084,45,3,7,61),(188,NULL,'2020-04-02 15:17:55',NULL,'2023-01-31 16:05:00.000000','Sonia','(267) 406-4785',21934,76,6,6,75),(189,NULL,'2020-11-14 06:14:02',NULL,'2023-01-31 16:05:00.000000','Moses','1-879-864-4538',77426,32,4,1,96),(190,NULL,'2021-02-25 20:03:59',NULL,'2023-01-31 16:05:00.000000','Alvin','1-118-792-5636',14627,74,6,8,91),(191,NULL,'2021-06-19 06:03:03',NULL,'2023-01-31 16:05:00.000000','Colorado','(310) 216-3227',21263,79,6,1,31),(192,NULL,'2020-08-06 04:15:25',NULL,'2023-01-31 16:05:00.000000','Charles','1-465-691-1137',21743,91,1,9,16),(193,NULL,'2022-07-01 17:56:43',NULL,'2023-01-31 16:05:00.000000','Hanae','1-274-314-6801',90879,49,3,8,87),(194,NULL,'2021-09-05 02:42:04',NULL,'2023-01-31 16:05:00.000000','Olympia','(869) 516-3714',43682,88,6,7,90),(195,NULL,'2021-04-30 04:26:33',NULL,'2023-01-31 16:05:00.000000','Jacqueline','(882) 763-7426',32036,35,5,1,3),(196,NULL,'2022-01-01 15:14:24',NULL,'2023-01-31 16:05:00.000000','Quin','1-360-582-6547',77155,61,5,3,19),(197,NULL,'2020-06-18 17:50:13',NULL,'2023-01-31 16:05:00.000000','Brianna','1-982-562-8627',83833,87,5,6,63),(198,NULL,'2022-11-03 08:23:03',NULL,'2023-01-31 16:05:00.000000','Martina','1-434-400-0751',33749,43,4,5,47),(199,NULL,'2022-12-02 12:28:56',NULL,'2023-01-31 16:05:00.000000','Roth','(921) 185-6154',59139,70,3,4,65),(200,NULL,'2020-03-19 22:53:08',NULL,'2023-01-31 16:05:00.000000','Reese','1-452-464-2444',40613,43,2,5,72),(201,NULL,'2020-12-16 08:05:23',NULL,'2023-01-31 16:05:00.000000','Brenden','1-976-888-9698',23700,86,2,8,25),(202,NULL,'2021-11-16 11:18:59',NULL,'2023-01-31 16:05:00.000000','Nathan','1-106-414-5409',40527,34,2,4,46),(203,NULL,'2021-12-04 21:30:46',NULL,'2023-01-31 16:05:00.000000','Gay','1-839-292-1823',48247,79,1,7,2),(204,NULL,'2020-08-18 01:45:13',NULL,'2023-01-31 16:05:00.000000','Robin','1-915-729-3785',59464,15,3,2,84),(205,NULL,'2020-01-27 05:53:42',NULL,'2023-01-31 16:05:00.000000','Paloma','(428) 425-2227',24351,5,4,2,47),(206,NULL,'2020-01-29 00:30:34',NULL,'2023-01-31 16:05:00.000000','Demetrius','(560) 244-2739',79146,60,2,7,39),(207,NULL,'2021-12-02 01:25:19',NULL,'2023-01-31 16:05:00.000000','Edward','1-740-334-7512',92351,15,1,6,40),(208,NULL,'2020-05-29 02:07:04',NULL,'2023-01-31 16:05:00.000000','Gillian','(157) 928-6902',27786,56,4,9,53),(209,NULL,'2022-12-24 22:21:19',NULL,'2023-01-31 16:05:00.000000','Hamish','(806) 757-2725',75716,66,3,3,33),(210,NULL,'2022-09-11 06:19:47',NULL,'2023-01-31 16:05:00.000000','Herman','1-616-456-1195',95771,3,3,6,49),(211,NULL,'2022-02-10 23:47:41',NULL,'2023-01-31 16:05:00.000000','Harriet','1-836-247-8892',41425,24,6,2,81),(212,NULL,'2020-05-20 08:14:09',NULL,'2023-01-31 16:05:00.000000','Demetrius','1-494-433-1214',85005,44,4,3,92),(213,NULL,'2021-02-15 01:40:59',NULL,'2023-01-31 16:05:00.000000','Brian','1-841-809-3591',53814,46,3,4,80),(214,NULL,'2021-03-16 02:12:54',NULL,'2023-01-31 16:05:00.000000','Nathan','(367) 595-8008',65091,64,2,5,81),(215,NULL,'2022-08-20 03:06:30',NULL,'2023-01-31 16:05:00.000000','Dominic','1-463-935-8748',27039,1,5,3,79),(216,NULL,'2021-06-14 05:53:22',NULL,'2023-01-31 16:05:00.000000','Adam','(217) 816-2272',41202,9,3,3,8),(217,NULL,'2020-04-16 10:56:38',NULL,'2023-01-31 16:05:00.000000','Caesar','(639) 645-5547',10167,56,2,2,42),(218,NULL,'2022-10-23 01:07:27',NULL,'2023-01-31 16:05:00.000000','Chaney','1-578-224-3198',22243,97,2,10,7),(219,NULL,'2020-08-22 09:47:52',NULL,'2023-01-31 16:05:00.000000','Malachi','(732) 961-3164',74936,34,5,5,76),(220,NULL,'2022-05-11 23:52:44',NULL,'2023-01-31 16:05:00.000000','Davis','(463) 676-4476',16355,39,5,8,88),(221,NULL,'2022-12-26 17:44:29',NULL,'2023-01-31 16:05:00.000000','Nina','1-629-364-7683',57661,2,5,4,57),(222,NULL,'2020-08-06 02:03:09',NULL,'2023-01-31 16:05:00.000000','Carson','(212) 589-7328',93747,28,5,4,37),(223,NULL,'2022-12-02 12:56:54',NULL,'2023-01-31 16:05:00.000000','Nicholas','(833) 851-1877',84337,21,4,2,28),(224,NULL,'2022-04-26 13:49:35',NULL,'2023-01-31 16:05:00.000000','Ima','(783) 310-8312',76779,18,2,9,71),(225,NULL,'2021-10-31 00:31:12',NULL,'2023-01-31 16:05:00.000000','James','(467) 230-7977',71675,22,4,3,23),(226,NULL,'2020-03-26 16:09:04',NULL,'2023-01-31 16:05:00.000000','Thomas','(386) 245-4416',67797,34,3,2,74),(227,NULL,'2020-08-28 08:13:23',NULL,'2023-01-31 16:05:00.000000','Fitzgerald','(588) 133-4663',27994,90,5,5,19),(228,NULL,'2021-04-02 14:52:37',NULL,'2023-01-31 16:05:00.000000','Edan','(739) 757-6641',35955,71,4,3,4),(229,NULL,'2021-12-12 03:57:58',NULL,'2023-01-31 16:05:00.000000','Flynn','(964) 478-5124',38828,9,2,10,42),(230,NULL,'2020-10-29 08:24:36',NULL,'2023-01-31 16:05:00.000000','Brianna','1-892-389-0553',7396,95,3,6,32),(231,NULL,'2023-01-01 23:06:30',NULL,'2023-01-31 16:05:00.000000','Kiona','(314) 645-7478',92402,12,3,6,5),(232,NULL,'2021-11-26 19:08:07',NULL,'2023-01-31 16:05:00.000000','Nero','1-212-235-6871',52575,38,3,5,31),(233,NULL,'2022-01-25 18:11:26',NULL,'2023-01-31 16:05:00.000000','Chandler','1-729-904-1572',25659,2,1,6,6),(234,NULL,'2022-08-30 07:46:45',NULL,'2023-01-31 16:05:00.000000','Jada','1-234-177-5311',4950,80,5,10,20),(235,NULL,'2022-12-30 20:47:29',NULL,'2023-01-31 16:05:00.000000','Edward','1-886-515-8167',3159,63,6,9,4),(236,NULL,'2022-04-24 02:55:36',NULL,'2023-01-31 16:05:00.000000','Phillip','1-944-239-2182',81380,69,5,6,95),(237,NULL,'2021-04-04 12:52:53',NULL,'2023-01-31 16:05:00.000000','Gavin','(120) 660-8245',11446,55,6,7,22),(238,NULL,'2021-11-20 22:01:15',NULL,'2023-01-31 16:05:00.000000','Lucas','1-427-842-3377',26846,87,4,2,39),(239,NULL,'2022-12-18 08:11:35',NULL,'2023-01-31 16:05:00.000000','Raphael','(495) 288-2060',71829,97,3,3,74),(240,NULL,'2021-02-07 00:37:55',NULL,'2023-01-31 16:05:00.000000','Hector','(711) 917-5644',79113,57,3,3,81),(241,NULL,'2020-07-22 20:36:01',NULL,'2023-01-31 16:05:00.000000','Yuri','(633) 834-5348',14523,5,2,8,93),(242,NULL,'2020-03-21 03:22:21',NULL,'2023-01-31 16:05:00.000000','Gannon','1-575-785-3142',41560,7,3,8,8),(243,NULL,'2021-05-27 09:38:54',NULL,'2023-01-31 16:05:00.000000','Wilma','1-742-196-2765',72491,77,2,2,20),(244,NULL,'2020-07-29 11:42:36',NULL,'2023-01-31 16:05:00.000000','Gareth','(658) 670-8278',64379,41,4,10,51),(245,NULL,'2022-12-09 01:59:06',NULL,'2023-01-31 16:05:00.000000','Reagan','1-452-424-0171',83087,49,5,6,66),(246,NULL,'2020-03-16 02:13:54',NULL,'2023-01-31 16:05:00.000000','Jillian','1-731-892-5570',91892,67,2,7,40),(247,NULL,'2021-09-11 06:03:05',NULL,'2023-01-31 16:05:00.000000','Coby','(541) 288-6969',21162,9,5,5,66),(248,NULL,'2020-07-11 18:44:17',NULL,'2023-01-31 16:05:00.000000','Elton','(616) 915-8583',25892,47,5,6,34),(249,NULL,'2022-05-09 07:10:20',NULL,'2023-01-31 16:05:00.000000','Maxine','1-871-691-6718',87486,97,5,8,25),(250,NULL,'2023-01-12 14:06:24',NULL,'2023-01-31 16:05:00.000000','Maxine','(882) 794-5948',64152,66,2,1,76),(251,NULL,'2021-11-17 14:59:37',NULL,'2023-01-31 16:05:00.000000','Katelyn','1-317-492-4937',22137,24,5,2,37),(252,NULL,'2021-05-22 16:27:21',NULL,'2023-01-31 16:05:00.000000','Lael','(216) 368-2076',78048,65,1,9,47),(253,NULL,'2021-12-01 04:37:00',NULL,'2023-01-31 16:05:00.000000','Giacomo','1-245-193-3835',44398,82,6,5,56),(254,NULL,'2022-10-03 06:29:47',NULL,'2023-01-31 16:05:00.000000','Chancellor','1-138-651-1764',82118,8,1,6,77),(255,NULL,'2022-06-29 02:45:04',NULL,'2023-01-31 16:05:00.000000','Yetta','(845) 453-3166',34665,83,5,2,13),(256,NULL,'2020-05-29 08:09:40',NULL,'2023-01-31 16:05:00.000000','Hamilton','(485) 833-1592',4166,87,2,4,64),(257,NULL,'2022-02-09 13:08:16',NULL,'2023-01-31 16:05:00.000000','Eleanor','(488) 235-5787',24702,29,4,7,78),(258,NULL,'2022-04-04 14:27:38',NULL,'2023-01-31 16:05:00.000000','Imani','(954) 983-7949',13061,30,3,2,87),(259,NULL,'2022-10-31 19:33:43',NULL,'2023-01-31 16:05:00.000000','Hedwig','(621) 897-6057',44989,35,2,2,41),(260,NULL,'2022-06-22 04:49:41',NULL,'2023-01-31 16:05:00.000000','Wyoming','(984) 482-2877',52905,72,5,10,50),(261,NULL,'2020-11-01 16:36:17',NULL,'2023-01-31 16:05:00.000000','Xanthus','(813) 355-7575',64107,73,2,3,93),(262,NULL,'2022-11-01 20:19:39',NULL,'2023-01-31 16:05:00.000000','Karleigh','(623) 724-2531',74239,62,3,6,79),(263,NULL,'2022-04-25 06:47:53',NULL,'2023-01-31 16:05:00.000000','Indigo','1-847-858-8146',83150,72,3,7,56),(264,NULL,'2021-06-15 00:45:48',NULL,'2023-01-31 16:05:00.000000','Abbot','1-613-747-4867',50305,14,5,9,97),(265,NULL,'2020-02-25 03:20:36',NULL,'2023-01-31 16:05:00.000000','Castor','1-565-642-7514',85927,67,2,4,20),(266,NULL,'2021-01-08 19:00:12',NULL,'2023-01-31 16:05:00.000000','Kimberley','(622) 458-7582',18262,87,3,9,75),(267,NULL,'2020-12-25 20:39:44',NULL,'2023-01-31 16:05:00.000000','Myles','1-339-957-2045',2135,77,5,2,82),(268,NULL,'2020-06-03 11:42:58',NULL,'2023-01-31 16:05:00.000000','May','1-702-357-2114',49817,18,3,8,62),(269,NULL,'2020-03-13 22:05:32',NULL,'2023-01-31 16:05:00.000000','Kiayada','1-452-648-5767',61445,68,5,6,16),(270,NULL,'2022-05-25 16:49:38',NULL,'2023-01-31 16:05:00.000000','Elizabeth','(867) 422-3152',40560,35,3,3,16),(271,NULL,'2020-11-06 23:18:18',NULL,'2023-01-31 16:05:00.000000','Abel','(348) 602-9801',74096,83,3,1,6),(272,NULL,'2021-08-10 17:07:16',NULL,'2023-01-31 16:05:00.000000','Eaton','(817) 705-2873',85719,87,6,6,71),(273,NULL,'2020-07-31 11:35:32',NULL,'2023-01-31 16:05:00.000000','Benedict','(400) 475-3656',39662,79,4,5,17),(274,NULL,'2022-08-03 04:02:04',NULL,'2023-01-31 16:05:00.000000','Tad','1-821-602-2272',61702,97,5,4,48),(275,NULL,'2021-01-06 22:05:48',NULL,'2023-01-31 16:05:00.000000','Isabelle','1-677-439-1093',174,81,5,5,87),(276,NULL,'2021-08-31 07:14:33',NULL,'2023-01-31 16:05:00.000000','Phillip','(762) 852-1776',97379,90,3,6,95),(277,NULL,'2022-07-10 06:39:03',NULL,'2023-01-31 16:05:00.000000','Ryan','(398) 625-8215',31869,92,3,8,74),(278,NULL,'2021-03-20 13:20:24',NULL,'2023-01-31 16:05:00.000000','Basia','1-639-275-7842',69582,73,6,7,21),(279,NULL,'2020-07-27 11:01:20',NULL,'2023-01-31 16:05:00.000000','Germaine','1-430-956-9015',67136,81,5,6,42),(280,NULL,'2021-11-22 17:59:55',NULL,'2023-01-31 16:05:00.000000','Claire','(449) 762-6566',3790,21,2,4,89),(281,NULL,'2023-01-12 08:34:29',NULL,'2023-01-31 16:05:00.000000','Isaac','(451) 467-4810',55643,90,6,6,97),(282,NULL,'2022-02-16 21:37:38',NULL,'2023-01-31 16:05:00.000000','Barclay','1-284-377-9520',97185,43,6,5,75),(283,NULL,'2022-07-25 01:14:53',NULL,'2023-01-31 16:05:00.000000','Peter','1-745-834-7361',62589,32,2,2,18),(284,NULL,'2022-10-21 19:42:20',NULL,'2023-01-31 16:05:00.000000','Leila','1-177-741-1187',40427,21,4,8,82),(285,NULL,'2022-04-24 08:03:15',NULL,'2023-01-31 16:05:00.000000','Basil','(384) 352-3827',38351,32,3,2,94),(286,NULL,'2022-05-28 20:33:50',NULL,'2023-01-31 16:05:00.000000','Tanisha','(476) 833-2674',22184,68,5,3,41),(287,NULL,'2022-10-03 22:00:38',NULL,'2023-01-31 16:05:00.000000','Zeus','(245) 497-2578',27405,87,6,3,32),(288,NULL,'2022-02-19 05:19:35',NULL,'2023-01-31 16:05:00.000000','Kiara','(739) 671-4484',94905,24,4,7,84),(289,NULL,'2020-07-04 09:50:39',NULL,'2023-01-31 16:05:00.000000','Rosalyn','(353) 387-6279',34114,7,2,5,72),(290,NULL,'2022-05-08 01:44:06',NULL,'2023-01-31 16:05:00.000000','Wang','(394) 681-0351',44272,53,2,6,20),(291,NULL,'2022-02-13 09:37:18',NULL,'2023-01-31 16:05:00.000000','Georgia','(267) 467-0036',37576,33,5,4,84),(292,NULL,'2020-04-29 14:54:52',NULL,'2023-01-31 16:05:00.000000','Harding','1-216-828-2665',58349,58,3,9,16),(293,NULL,'2020-05-21 04:09:45',NULL,'2023-01-31 16:05:00.000000','Astra','(386) 374-2148',81454,85,5,6,62),(294,NULL,'2021-11-22 23:17:38',NULL,'2023-01-31 16:05:00.000000','Regan','1-741-486-1386',48113,55,3,6,85),(295,NULL,'2021-10-15 09:21:23',NULL,'2023-01-31 16:05:00.000000','Hamish','1-768-962-2794',72132,87,6,9,81),(296,NULL,'2020-03-06 07:55:47',NULL,'2023-01-31 16:05:00.000000','Drew','1-235-641-8014',41652,63,2,9,72),(297,NULL,'2022-03-16 07:36:18',NULL,'2023-01-31 16:05:00.000000','Keane','(184) 767-7194',63265,88,4,5,100),(298,NULL,'2022-03-12 17:03:17',NULL,'2023-01-31 16:05:00.000000','Lesley','1-663-698-2382',52662,56,1,6,3),(299,NULL,'2021-12-09 20:21:58',NULL,'2023-01-31 16:05:00.000000','Galvin','(117) 282-5235',20330,88,4,3,2),(300,NULL,'2021-01-21 05:59:25',NULL,'2023-01-31 16:05:00.000000','Hasad','1-852-949-8071',38773,99,5,2,93),(301,NULL,'2021-12-09 00:02:52',NULL,'2023-01-31 16:05:00.000000','Noah','1-713-718-5113',97658,74,5,2,23),(302,NULL,'2020-09-25 04:34:32',NULL,'2023-01-31 16:05:00.000000','Prescott','1-167-630-7717',18943,54,3,3,41),(303,NULL,'2020-10-03 13:13:29',NULL,'2023-01-31 16:05:00.000000','Kyla','1-217-581-4691',39586,30,5,7,86),(304,NULL,'2020-09-03 20:03:11',NULL,'2023-01-31 16:05:00.000000','Shad','1-761-541-8827',43077,64,4,9,54),(305,NULL,'2021-05-06 04:31:55',NULL,'2023-01-31 16:05:00.000000','Raja','(278) 735-1597',60304,66,6,6,39),(306,NULL,'2022-01-16 18:03:43',NULL,'2023-01-31 16:05:00.000000','Jack','(458) 352-1431',48238,59,3,4,36),(307,NULL,'2021-05-27 15:33:42',NULL,'2023-01-31 16:05:00.000000','Scarlet','1-488-471-8767',10792,45,6,2,95),(308,NULL,'2021-05-10 06:09:22',NULL,'2023-01-31 16:05:00.000000','Amos','1-336-288-1977',49502,48,2,3,47),(309,NULL,'2020-03-19 11:14:35',NULL,'2023-01-31 16:05:00.000000','Quon','1-623-563-0716',42439,56,4,8,37),(310,NULL,'2021-09-22 08:35:11',NULL,'2023-01-31 16:05:00.000000','John','1-321-633-6712',72588,11,5,7,44),(311,NULL,'2021-03-26 20:30:30',NULL,'2023-01-31 16:05:00.000000','Lucius','1-286-201-1547',89859,95,3,7,6),(312,NULL,'2022-04-23 11:21:40',NULL,'2023-01-31 16:05:00.000000','Xenos','1-517-585-8837',91217,34,2,5,36),(313,NULL,'2021-05-10 09:10:35',NULL,'2023-01-31 16:05:00.000000','Tarik','(236) 726-7971',47630,93,4,3,43),(314,NULL,'2022-02-20 10:04:19',NULL,'2023-01-31 16:05:00.000000','Meghan','1-537-355-7584',98694,35,2,8,91),(315,NULL,'2021-02-21 20:14:44',NULL,'2023-01-31 16:05:00.000000','Christen','(545) 142-6850',97932,54,5,7,16),(316,NULL,'2022-11-10 20:17:09',NULL,'2023-01-31 16:05:00.000000','Todd','(458) 525-8945',71608,26,4,7,97),(317,NULL,'2022-11-06 22:37:07',NULL,'2023-01-31 16:05:00.000000','Meredith','1-416-146-5675',7113,80,1,6,19),(318,NULL,'2020-12-04 02:23:35',NULL,'2023-01-31 16:05:00.000000','Caryn','(751) 633-0731',76739,12,6,3,76),(319,NULL,'2020-12-20 23:40:13',NULL,'2023-01-31 16:05:00.000000','Arthur','(782) 618-5936',65742,83,2,10,15),(320,NULL,'2020-08-19 09:58:26',NULL,'2023-01-31 16:05:00.000000','MacKensie','(638) 212-0888',42325,18,5,8,41),(321,NULL,'2022-03-23 08:06:33',NULL,'2023-01-31 16:05:00.000000','Geoffrey','1-294-196-7637',13549,32,5,2,27),(322,NULL,'2022-05-01 22:09:18',NULL,'2023-01-31 16:05:00.000000','Yvette','1-671-984-6308',25030,42,4,3,35),(323,NULL,'2022-10-19 17:20:43',NULL,'2023-01-31 16:05:00.000000','Harper','(854) 667-1224',33449,61,1,4,100),(324,NULL,'2020-03-18 19:04:39',NULL,'2023-01-31 16:05:00.000000','Priscilla','1-281-515-8038',8484,4,4,8,34),(325,NULL,'2022-03-07 06:20:20',NULL,'2023-01-31 16:05:00.000000','Elton','1-502-721-7191',71359,12,5,2,29),(326,NULL,'2021-08-15 03:00:16',NULL,'2023-01-31 16:05:00.000000','Aiko','1-831-568-6139',98269,30,5,3,87),(327,NULL,'2020-08-31 07:36:40',NULL,'2023-01-31 16:05:00.000000','Amos','(684) 527-7061',84617,6,6,8,90),(328,NULL,'2021-12-09 06:46:30',NULL,'2023-01-31 16:05:00.000000','Dahlia','(128) 211-9635',88809,71,5,2,23),(329,NULL,'2020-02-17 17:27:06',NULL,'2023-01-31 16:05:00.000000','Germaine','1-361-741-2678',56865,49,3,9,14),(330,NULL,'2021-01-24 11:52:11',NULL,'2023-01-31 16:05:00.000000','Caleb','1-923-581-8525',16930,44,5,9,59),(331,NULL,'2020-10-17 16:44:19',NULL,'2023-01-31 16:05:00.000000','Myles','(818) 663-4284',63127,77,2,2,20),(332,NULL,'2020-11-12 10:13:02',NULL,'2023-01-31 16:05:00.000000','Elvis','(312) 174-3287',25826,24,5,8,22),(333,NULL,'2023-01-09 20:17:41',NULL,'2023-01-31 16:05:00.000000','Lewis','1-421-325-7250',4439,85,5,5,44),(334,NULL,'2022-09-14 20:08:43',NULL,'2023-01-31 16:05:00.000000','Grant','(433) 558-8464',79209,53,3,3,37),(335,NULL,'2020-03-20 02:14:27',NULL,'2023-01-31 16:05:00.000000','Tate','(317) 207-9127',7764,96,2,4,87),(336,NULL,'2020-08-19 19:39:14',NULL,'2023-01-31 16:05:00.000000','Henry','1-160-562-7489',48728,19,6,9,21),(337,NULL,'2022-07-23 12:24:39',NULL,'2023-01-31 16:05:00.000000','Wyoming','(575) 910-0857',35896,76,6,4,79),(338,NULL,'2020-05-21 07:32:50',NULL,'2023-01-31 16:05:00.000000','Ivor','1-461-964-8811',28491,18,2,7,83),(339,NULL,'2020-09-05 20:57:28',NULL,'2023-01-31 16:05:00.000000','Kirby','(846) 220-4258',21925,18,4,7,82),(340,NULL,'2020-05-23 06:27:04',NULL,'2023-01-31 16:05:00.000000','Cleo','1-585-888-1832',88443,40,3,8,64),(341,NULL,'2021-12-24 19:33:15',NULL,'2023-01-31 16:05:00.000000','Ria','(485) 370-7713',92604,46,2,1,21),(342,NULL,'2020-09-02 00:37:14',NULL,'2023-01-31 16:05:00.000000','Paloma','(483) 349-7359',64658,68,4,8,82),(343,NULL,'2022-11-24 00:21:09',NULL,'2023-01-31 16:05:00.000000','Ingrid','1-592-676-2175',13511,25,3,6,89),(344,NULL,'2021-06-12 10:40:25',NULL,'2023-01-31 16:05:00.000000','Grant','(449) 445-0577',51236,86,5,8,28),(345,NULL,'2020-04-11 02:18:18',NULL,'2023-01-31 16:05:00.000000','Fleur','(335) 889-6830',193,26,6,6,97),(346,NULL,'2021-04-04 20:35:14',NULL,'2023-01-31 16:05:00.000000','Keaton','1-211-434-8567',67072,66,6,4,62),(347,NULL,'2022-05-04 17:10:09',NULL,'2023-01-31 16:05:00.000000','Quail','(315) 349-8756',10220,35,6,9,38),(348,NULL,'2021-10-04 09:57:17',NULL,'2023-01-31 16:05:00.000000','Garrison','1-722-609-5609',32374,60,1,6,56),(349,NULL,'2020-11-13 09:29:09',NULL,'2023-01-31 16:05:00.000000','Wilma','1-828-513-4452',18636,55,5,3,95),(350,NULL,'2021-01-08 15:42:17',NULL,'2023-01-31 16:05:00.000000','Kylie','(960) 431-8437',44300,75,6,3,39),(351,NULL,'2021-09-17 10:09:42',NULL,'2023-01-31 16:05:00.000000','Nathaniel','(964) 347-7679',53510,83,4,3,39),(352,NULL,'2021-12-13 14:03:10',NULL,'2023-01-31 16:05:00.000000','Daria','1-965-118-7225',65363,85,3,8,33),(353,NULL,'2020-10-02 12:40:47',NULL,'2023-01-31 16:05:00.000000','Patricia','(674) 309-7409',77765,41,1,3,94),(354,NULL,'2021-10-01 04:26:43',NULL,'2023-01-31 16:05:00.000000','Samantha','1-151-504-7035',97922,48,6,3,2),(355,NULL,'2022-09-15 03:54:11',NULL,'2023-01-31 16:05:00.000000','Bruno','(385) 643-0626',58163,5,4,7,76),(356,NULL,'2022-02-13 11:19:30',NULL,'2023-01-31 16:05:00.000000','Clark','(123) 557-0470',43366,63,4,7,75),(357,NULL,'2022-01-15 23:47:16',NULL,'2023-01-31 16:05:00.000000','Flynn','1-338-289-8589',22686,34,5,7,74),(358,NULL,'2020-08-11 13:34:01',NULL,'2023-01-31 16:05:00.000000','Scarlett','1-866-412-7275',94426,55,6,1,4),(359,NULL,'2022-08-05 19:04:11',NULL,'2023-01-31 16:05:00.000000','Ira','(656) 201-5111',87499,76,3,9,73),(360,NULL,'2022-12-01 23:23:44',NULL,'2023-01-31 16:05:00.000000','Castor','1-242-798-7182',80627,94,4,2,5),(361,NULL,'2021-06-07 08:06:58',NULL,'2023-01-31 16:05:00.000000','Drake','(685) 538-6493',78073,67,2,6,93),(362,NULL,'2022-01-15 15:10:21',NULL,'2023-01-31 16:05:00.000000','Steven','(267) 727-3628',28320,35,5,7,14),(363,NULL,'2023-01-18 07:23:17',NULL,'2023-01-31 16:05:00.000000','Brent','1-683-659-5356',57306,46,1,4,69),(364,NULL,'2022-05-10 08:04:45',NULL,'2023-01-31 16:05:00.000000','Joan','1-441-379-5157',33346,32,1,3,89),(365,NULL,'2021-04-25 20:20:45',NULL,'2023-01-31 16:05:00.000000','Mariam','(640) 468-5157',4779,42,2,4,75),(366,NULL,'2021-09-08 09:08:40',NULL,'2023-01-31 16:05:00.000000','Abdul','(632) 652-7551',53556,6,2,9,23),(367,NULL,'2020-05-25 17:11:12',NULL,'2023-01-31 16:05:00.000000','Sigourney','1-789-326-5713',13844,41,4,5,10),(368,NULL,'2021-07-25 08:47:19',NULL,'2023-01-31 16:05:00.000000','Ulysses','(416) 538-4356',28462,95,4,5,67),(369,NULL,'2020-08-10 04:35:19',NULL,'2023-01-31 16:05:00.000000','Joy','(420) 186-2171',57126,2,5,6,39),(370,NULL,'2022-08-10 02:09:51',NULL,'2023-01-31 16:05:00.000000','Baker','(143) 765-1201',8439,7,2,1,88),(371,NULL,'2020-10-18 23:17:58',NULL,'2023-01-31 16:05:00.000000','Ira','1-116-825-6822',96313,33,3,5,28),(372,NULL,'2020-12-08 11:48:48',NULL,'2023-01-31 16:05:00.000000','Drew','(888) 876-2480',73326,20,2,8,63),(373,NULL,'2022-12-17 00:19:27',NULL,'2023-01-31 16:05:00.000000','George','1-775-271-4376',38662,88,3,3,5),(374,NULL,'2022-03-10 10:19:54',NULL,'2023-01-31 16:05:00.000000','Bruce','1-937-748-7631',49487,62,1,7,44),(375,NULL,'2021-08-25 23:42:12',NULL,'2023-01-31 16:05:00.000000','Wylie','(871) 998-1778',25057,97,6,4,69),(376,NULL,'2022-04-30 11:36:34',NULL,'2023-01-31 16:05:00.000000','Octavia','1-244-631-5786',36428,48,5,5,10),(377,NULL,'2020-09-21 05:38:38',NULL,'2023-01-31 16:05:00.000000','Grant','1-319-454-7307',66181,53,5,3,72),(378,NULL,'2021-09-09 00:14:32',NULL,'2023-01-31 16:05:00.000000','Nelle','(996) 148-8313',54322,57,2,1,49),(379,NULL,'2020-11-26 10:31:38',NULL,'2023-01-31 16:05:00.000000','Xavier','(641) 868-2979',94488,12,2,7,98),(380,NULL,'2022-01-27 22:41:26',NULL,'2023-01-31 16:05:00.000000','Jessamine','1-375-431-0351',21775,66,3,8,74),(381,NULL,'2021-07-25 16:29:07',NULL,'2023-01-31 16:05:00.000000','Hayden','(861) 227-1971',91114,98,4,4,75),(382,NULL,'2022-03-07 08:08:53',NULL,'2023-01-31 16:05:00.000000','Kamal','1-381-769-9391',87331,19,5,2,42),(383,NULL,'2020-09-20 14:55:24',NULL,'2023-01-31 16:05:00.000000','Hilel','1-186-684-6360',90230,2,5,6,1),(384,NULL,'2020-06-24 02:18:09',NULL,'2023-01-31 16:05:00.000000','Harlan','(481) 688-2128',70356,60,4,4,84),(385,NULL,'2021-03-03 00:49:24',NULL,'2023-01-31 16:05:00.000000','Carolyn','1-778-497-0251',41412,16,1,7,67),(386,NULL,'2022-08-01 20:48:14',NULL,'2023-01-31 16:05:00.000000','Brady','1-862-886-5888',12266,45,2,4,67),(387,NULL,'2021-07-15 16:37:26',NULL,'2023-01-31 16:05:00.000000','Hannah','1-273-681-2486',79252,13,4,7,95),(388,NULL,'2021-11-10 16:02:53',NULL,'2023-01-31 16:05:00.000000','Hilda','(438) 682-7586',19200,36,3,2,49),(389,NULL,'2021-03-28 01:44:15',NULL,'2023-01-31 16:05:00.000000','Kasper','(789) 283-3660',81707,65,5,9,57),(390,NULL,'2022-01-16 08:47:00',NULL,'2023-01-31 16:05:00.000000','Aladdin','(226) 751-1572',70333,40,2,8,43),(391,NULL,'2022-07-30 01:45:09',NULL,'2023-01-31 16:05:00.000000','Maisie','1-634-355-4915',43823,31,5,8,86),(392,NULL,'2022-03-08 20:25:08',NULL,'2023-01-31 16:05:00.000000','Rowan','(429) 549-7618',64823,20,4,6,27),(393,NULL,'2020-11-15 09:47:11',NULL,'2023-01-31 16:05:00.000000','Jaden','(463) 327-8297',99415,6,3,1,10),(394,NULL,'2020-06-21 07:56:25',NULL,'2023-01-31 16:05:00.000000','Montana','(413) 253-0376',64820,43,5,2,98),(395,NULL,'2020-06-07 06:16:01',NULL,'2023-01-31 16:05:00.000000','Noah','(412) 349-4496',15274,87,2,2,66),(396,NULL,'2022-01-24 12:37:06',NULL,'2023-01-31 16:05:00.000000','Paula','(766) 755-6712',43239,62,5,2,73),(397,NULL,'2021-02-10 01:13:18',NULL,'2023-01-31 16:05:00.000000','Alexa','1-155-736-2366',71310,11,5,4,25),(398,NULL,'2021-10-21 11:58:05',NULL,'2023-01-31 16:05:00.000000','Walker','1-151-234-2756',46665,31,1,6,16),(399,NULL,'2020-04-10 03:52:02',NULL,'2023-01-31 16:05:00.000000','Shoshana','(876) 380-8382',16190,27,2,5,87),(400,NULL,'2022-12-27 11:36:49',NULL,'2023-01-31 16:05:00.000000','Mallory','(782) 313-6325',4481,42,5,8,95),(401,NULL,'2020-07-13 17:33:30',NULL,'2023-01-31 16:05:00.000000','Kaitlin','1-743-404-2386',64445,65,6,6,20),(402,NULL,'2022-08-11 09:22:09',NULL,'2023-01-31 16:05:00.000000','Chandler','(420) 779-5258',8490,28,4,5,58),(403,NULL,'2020-02-25 18:50:49',NULL,'2023-01-31 16:05:00.000000','Seth','1-725-692-7555',39749,47,3,10,47),(404,NULL,'2021-06-07 10:49:50',NULL,'2023-01-31 16:05:00.000000','Althea','1-215-707-7788',42157,65,4,8,41),(405,NULL,'2022-06-07 20:57:02',NULL,'2023-01-31 16:05:00.000000','Palmer','1-635-280-2362',8135,14,1,4,55),(406,NULL,'2021-02-02 14:49:13',NULL,'2023-01-31 16:05:00.000000','Judith','1-204-846-4765',35015,47,2,4,90),(407,NULL,'2020-08-11 18:21:44',NULL,'2023-01-31 16:05:00.000000','Malik','1-702-396-8055',59635,70,5,3,8),(408,NULL,'2021-04-13 23:06:52',NULL,'2023-01-31 16:05:00.000000','Cameron','1-634-872-2539',97926,52,3,6,86),(409,NULL,'2022-08-09 00:10:06',NULL,'2023-01-31 16:05:00.000000','Yoshio','(870) 426-4148',98814,28,1,7,43),(410,NULL,'2023-01-02 15:01:43',NULL,'2023-01-31 16:05:00.000000','Jasper','(578) 184-3493',59445,71,5,3,62),(411,NULL,'2021-07-18 01:59:42',NULL,'2023-01-31 16:05:00.000000','Lucius','1-458-540-9458',96968,25,2,7,12),(412,NULL,'2022-09-13 03:14:31',NULL,'2023-01-31 16:05:00.000000','Yeo','1-680-852-4946',55455,11,3,5,61),(413,NULL,'2021-03-03 10:33:33',NULL,'2023-01-31 16:05:00.000000','Cairo','1-780-143-6831',75540,76,4,7,84),(414,NULL,'2020-12-10 19:51:04',NULL,'2023-01-31 16:05:00.000000','Jaime','(173) 243-7718',2405,24,6,7,97),(415,NULL,'2022-03-04 06:38:24',NULL,'2023-01-31 16:05:00.000000','Suki','1-436-873-4709',637,74,1,2,49),(416,NULL,'2022-01-20 07:19:49',NULL,'2023-01-31 16:05:00.000000','Risa','1-572-573-7854',55751,86,4,5,3),(417,NULL,'2020-10-18 11:43:41',NULL,'2023-01-31 16:05:00.000000','Cameron','1-708-531-0775',39603,79,5,7,17),(418,NULL,'2020-04-17 02:57:52',NULL,'2023-01-31 16:05:00.000000','Sawyer','1-310-357-8917',93887,64,6,10,47),(419,NULL,'2020-11-07 13:08:51',NULL,'2023-01-31 16:05:00.000000','Jolene','(641) 314-4000',95312,55,5,4,94),(420,NULL,'2020-11-22 14:41:01',NULL,'2023-01-31 16:05:00.000000','Dexter','1-557-954-3533',86963,39,3,4,20),(421,NULL,'2022-12-03 03:58:24',NULL,'2023-01-31 16:05:00.000000','Ulric','(453) 346-8580',74218,33,4,8,23),(422,NULL,'2021-06-26 22:28:31',NULL,'2023-01-31 16:05:00.000000','Cameron','1-748-685-5149',94850,21,1,3,71),(423,NULL,'2020-05-04 01:09:47',NULL,'2023-01-31 16:05:00.000000','Jordan','1-325-672-2232',91437,96,1,6,96),(424,NULL,'2022-12-02 09:43:46',NULL,'2023-01-31 16:05:00.000000','Timon','(679) 313-5367',30722,69,5,7,96),(425,NULL,'2022-03-04 21:24:35',NULL,'2023-01-31 16:05:00.000000','Hop','(664) 417-0182',30559,47,4,6,78),(426,NULL,'2022-03-03 18:32:02',NULL,'2023-01-31 16:05:00.000000','Desiree','(438) 532-3368',10190,86,1,4,89),(427,NULL,'2021-01-12 21:29:48',NULL,'2023-01-31 16:05:00.000000','Basia','(495) 496-2417',66975,32,2,9,65),(428,NULL,'2021-07-23 05:14:36',NULL,'2023-01-31 16:05:00.000000','Hayden','1-361-662-5863',17218,60,2,9,41),(429,NULL,'2021-03-12 01:24:21',NULL,'2023-01-31 16:05:00.000000','Alana','(537) 845-1784',70583,45,2,10,17),(430,NULL,'2020-05-03 06:00:07',NULL,'2023-01-31 16:05:00.000000','Tallulah','(734) 687-1454',16801,37,6,7,20),(431,NULL,'2021-10-14 08:26:26',NULL,'2023-01-31 16:05:00.000000','Yvette','1-317-337-6256',87633,23,2,3,2),(432,NULL,'2020-09-06 11:15:34',NULL,'2023-01-31 16:05:00.000000','Wylie','1-662-755-0832',9302,98,2,3,11),(433,NULL,'2022-03-26 09:53:18',NULL,'2023-01-31 16:05:00.000000','Paloma','1-562-118-4113',29957,8,2,7,43),(434,NULL,'2020-09-26 15:52:54',NULL,'2023-01-31 16:05:00.000000','Drake','(553) 910-6373',57175,81,2,5,21),(435,NULL,'2022-09-03 21:43:25',NULL,'2023-01-31 16:05:00.000000','Gail','1-124-263-5646',36362,20,3,7,39),(436,NULL,'2021-11-24 11:20:59',NULL,'2023-01-31 16:05:00.000000','Serina','(498) 560-4994',84495,36,2,4,27),(437,NULL,'2020-02-05 10:21:21',NULL,'2023-01-31 16:05:00.000000','Ryder','(643) 765-4684',94615,62,3,7,99),(438,NULL,'2021-04-08 05:29:45',NULL,'2023-01-31 16:05:00.000000','Barrett','1-537-251-7926',87986,93,4,6,82),(439,NULL,'2021-10-17 01:50:41',NULL,'2023-01-31 16:05:00.000000','Angelica','1-887-228-0057',54507,46,4,3,30),(440,NULL,'2021-09-26 19:26:31',NULL,'2023-01-31 16:05:00.000000','Hyatt','(462) 631-1488',18366,57,2,3,66),(441,NULL,'2021-10-29 03:22:41',NULL,'2023-01-31 16:05:00.000000','Norman','1-488-964-7686',90049,28,4,9,63),(442,NULL,'2022-04-25 08:29:19',NULL,'2023-01-31 16:05:00.000000','Robert','(664) 831-2616',70386,66,4,1,83),(443,NULL,'2021-06-01 10:53:21',NULL,'2023-01-31 16:05:00.000000','Lev','(756) 835-2666',90017,21,6,7,68),(444,NULL,'2020-10-06 06:25:38',NULL,'2023-01-31 16:05:00.000000','May','1-772-569-1037',66616,45,5,2,77),(445,NULL,'2022-11-18 20:55:35',NULL,'2023-01-31 16:05:00.000000','Dara','1-526-642-3724',36238,53,6,8,34),(446,NULL,'2020-12-24 15:12:57',NULL,'2023-01-31 16:05:00.000000','Libby','(165) 507-4751',5160,20,2,7,82),(447,NULL,'2020-12-13 11:53:18',NULL,'2023-01-31 16:05:00.000000','Thor','(280) 622-1712',64359,4,1,5,35),(448,NULL,'2022-01-22 14:50:19',NULL,'2023-01-31 16:05:00.000000','Dennis','1-636-759-3112',23495,80,2,3,31),(449,NULL,'2020-09-01 04:05:44',NULL,'2023-01-31 16:05:00.000000','Ina','1-545-527-1985',13965,65,1,5,13),(450,NULL,'2020-07-07 14:49:19',NULL,'2023-01-31 16:05:00.000000','Sonya','1-723-471-1655',26973,36,2,10,57),(451,NULL,'2021-09-16 07:09:58',NULL,'2023-01-31 16:05:00.000000','Quentin','1-711-930-5822',86499,15,5,9,5),(452,NULL,'2022-08-05 12:06:47',NULL,'2023-01-31 16:05:00.000000','Skyler','(248) 881-3412',12241,48,3,3,74),(453,NULL,'2022-01-07 16:18:30',NULL,'2023-01-31 16:05:00.000000','Amethyst','1-165-265-3925',82530,14,6,1,47),(454,NULL,'2021-01-24 02:45:57',NULL,'2023-01-31 16:05:00.000000','Kylynn','(600) 202-6817',56695,93,4,5,3),(455,NULL,'2020-01-25 06:46:52',NULL,'2023-01-31 16:05:00.000000','Germane','1-813-285-7433',15285,67,5,9,99),(456,NULL,'2020-08-17 18:32:09',NULL,'2023-01-31 16:05:00.000000','Omar','1-407-447-6665',25938,2,6,4,72),(457,NULL,'2022-04-25 10:28:32',NULL,'2023-01-31 16:05:00.000000','Giacomo','1-135-222-7750',46170,82,6,6,4),(458,NULL,'2021-12-18 13:24:14',NULL,'2023-01-31 16:05:00.000000','Patience','1-430-763-2617',99331,50,2,7,52),(459,NULL,'2022-09-22 22:25:04',NULL,'2023-01-31 16:05:00.000000','Aidan','1-677-752-4767',62941,86,5,5,42),(460,NULL,'2020-07-17 05:54:16',NULL,'2023-01-31 16:05:00.000000','Lesley','1-870-331-0112',41499,77,5,9,38),(461,NULL,'2021-04-17 10:21:11',NULL,'2023-01-31 16:05:00.000000','Hiroko','1-546-457-4283',31560,25,1,1,31),(462,NULL,'2022-03-06 21:41:48',NULL,'2023-01-31 16:05:00.000000','Ciara','(268) 601-6722',42258,67,6,5,91),(463,NULL,'2021-07-06 12:39:53',NULL,'2023-01-31 16:05:00.000000','Veronica','1-315-545-3911',76621,15,5,9,37),(464,NULL,'2022-07-19 23:52:07',NULL,'2023-01-31 16:05:00.000000','Jillian','(765) 264-1123',24748,63,4,6,46),(465,NULL,'2022-04-04 07:40:03',NULL,'2023-01-31 16:05:00.000000','Myles','(594) 511-5222',4573,19,5,7,6),(466,NULL,'2021-03-06 14:09:42',NULL,'2023-01-31 16:05:00.000000','Acton','(525) 335-1878',77527,61,2,2,77),(467,NULL,'2020-03-06 17:46:20',NULL,'2023-01-31 16:05:00.000000','Zelda','1-352-942-9334',12147,3,4,1,14),(468,NULL,'2021-06-22 15:41:26',NULL,'2023-01-31 16:05:00.000000','Jacob','(885) 895-7064',38163,72,6,5,54),(469,NULL,'2023-01-03 16:39:46',NULL,'2023-01-31 16:05:00.000000','Jacob','1-358-523-7736',77219,51,6,8,17),(470,NULL,'2020-12-18 02:50:19',NULL,'2023-01-31 16:05:00.000000','Armand','1-515-548-9476',70945,13,3,6,54),(471,NULL,'2022-10-14 23:32:53',NULL,'2023-01-31 16:05:00.000000','Cailin','(863) 758-9311',15856,54,5,5,31),(472,NULL,'2021-08-31 02:29:42',NULL,'2023-01-31 16:05:00.000000','Jasper','(740) 466-0883',73866,47,5,1,18),(473,NULL,'2021-08-16 02:24:49',NULL,'2023-01-31 16:05:00.000000','Lars','(347) 339-2014',48663,2,2,3,22),(474,NULL,'2020-12-06 21:58:31',NULL,'2023-01-31 16:05:00.000000','Zachery','(353) 329-3121',93248,8,4,3,29),(475,NULL,'2021-11-04 04:10:55',NULL,'2023-01-31 16:05:00.000000','Gil','1-424-596-1101',19240,60,1,5,20),(476,NULL,'2022-11-29 15:30:00',NULL,'2023-01-31 16:05:00.000000','Clementine','(182) 823-5526',91901,2,6,8,12),(477,NULL,'2020-05-19 03:46:49',NULL,'2023-01-31 16:05:00.000000','Chaim','(604) 638-3218',59683,41,3,2,52),(478,NULL,'2022-03-31 06:26:39',NULL,'2023-01-31 16:05:00.000000','Aretha','(556) 296-7053',37870,78,5,6,42),(479,NULL,'2021-08-16 02:53:22',NULL,'2023-01-31 16:05:00.000000','Hayfa','1-198-951-6379',30183,77,6,5,4),(480,NULL,'2022-12-11 18:55:02',NULL,'2023-01-31 16:05:00.000000','Dacey','1-392-547-6248',12972,5,5,4,92),(481,NULL,'2020-02-01 15:45:45',NULL,'2023-01-31 16:05:00.000000','Jessica','1-814-450-7817',44550,58,3,9,72),(482,NULL,'2021-08-05 10:18:38',NULL,'2023-01-31 16:05:00.000000','Kermit','1-542-571-8575',57208,63,4,8,77),(483,NULL,'2021-08-18 23:21:15',NULL,'2023-01-31 16:05:00.000000','Alexa','(239) 728-7327',4048,88,3,3,37),(484,NULL,'2022-03-15 21:05:56',NULL,'2023-01-31 16:05:00.000000','Callum','1-715-310-0280',41236,26,3,7,37),(485,NULL,'2023-01-12 08:26:01',NULL,'2023-01-31 16:05:00.000000','Leo','(322) 716-6736',9050,4,1,1,59),(486,NULL,'2022-04-17 07:57:46',NULL,'2023-01-31 16:05:00.000000','Genevieve','1-223-245-4100',361,66,1,5,23),(487,NULL,'2022-10-15 19:17:34',NULL,'2023-01-31 16:05:00.000000','Chloe','(665) 441-8465',84062,49,5,9,81),(488,NULL,'2022-08-28 19:13:15',NULL,'2023-01-31 16:05:00.000000','Laith','1-287-586-1348',94725,40,3,7,42),(489,NULL,'2021-05-19 08:43:49',NULL,'2023-01-31 16:05:00.000000','Keelie','(732) 878-3464',31868,71,2,8,65),(490,NULL,'2021-09-19 04:13:17',NULL,'2023-01-31 16:05:00.000000','Rahim','(235) 998-4561',82482,74,3,6,10),(491,NULL,'2020-06-15 09:18:34',NULL,'2023-01-31 16:05:00.000000','Devin','1-253-555-6685',18628,89,4,3,9),(492,NULL,'2022-11-28 02:11:52',NULL,'2023-01-31 16:05:00.000000','Cain','(315) 311-3074',47416,27,5,2,91),(493,NULL,'2021-03-29 19:59:57',NULL,'2023-01-31 16:05:00.000000','Jeremy','(743) 574-5211',25753,19,3,10,80),(494,NULL,'2021-10-11 17:30:44',NULL,'2023-01-31 16:05:00.000000','Baxter','(744) 194-2846',72889,95,3,8,15),(495,NULL,'2022-05-05 20:00:24',NULL,'2023-01-31 16:05:00.000000','Garrison','1-721-602-7345',49469,30,6,4,34),(496,NULL,'2022-07-19 17:11:25',NULL,'2023-01-31 16:05:00.000000','Andrew','1-843-646-3218',71328,47,6,6,48),(497,NULL,'2022-04-22 05:48:20',NULL,'2023-01-31 16:05:00.000000','Marvin','(658) 770-1276',10292,78,4,6,35),(498,NULL,'2022-02-25 00:49:58',NULL,'2023-01-31 16:05:00.000000','Germane','(673) 677-7448',21085,34,5,9,80),(499,NULL,'2022-06-11 02:43:19',NULL,'2023-01-31 16:05:00.000000','Blaze','(188) 274-7589',32478,56,4,1,35),(500,NULL,'2022-11-20 10:13:31',NULL,'2023-01-31 16:05:00.000000','Ashton','1-367-703-5971',23069,2,3,4,44),(501,NULL,'2021-11-3 00:54:00',NULL,NULL,'ReyNa','000000000000',23069,2,1,4,44);
/*!40000 ALTER TABLE `order` ENABLE KEYS */;
UNLOCK TABLES;

--
-- Table structure for table `order_detail`
--

DROP TABLE IF EXISTS `order_detail`;
/*!40101 SET @saved_cs_client     = @@character_set_client */;
/*!50503 SET character_set_client = utf8mb4 */;
CREATE TABLE `order_detail` (
  `id` bigint NOT NULL AUTO_INCREMENT,
  `create_by` varchar(255) DEFAULT NULL,
  `create_date` varchar(255) DEFAULT NULL,
  `modified_by` varchar(255) DEFAULT NULL,
  `modified_date` datetime(6) DEFAULT NULL,
  `price` double DEFAULT NULL,
  `quantity` int NOT NULL,
  `order_id` bigint NOT NULL,
  `product_detail_id` bigint NOT NULL,
  PRIMARY KEY (`id`),
  KEY `FK68mf7v62attypi34kgadriu28` (`order_id`),
  KEY `FK4onmghajt9jh9quh6ed3lipdn` (`product_detail_id`),
  CONSTRAINT `FK4onmghajt9jh9quh6ed3lipdn` FOREIGN KEY (`product_detail_id`) REFERENCES `product_detail` (`id`),
  CONSTRAINT `FK68mf7v62attypi34kgadriu28` FOREIGN KEY (`order_id`) REFERENCES `order` (`id`)
) ENGINE=InnoDB AUTO_INCREMENT=501 DEFAULT CHARSET=utf8mb4 COLLATE=utf8mb4_0900_ai_ci;
/*!40101 SET character_set_client = @saved_cs_client */;

--
-- Dumping data for table `order_detail`
--

LOCK TABLES `order_detail` WRITE;
/*!40000 ALTER TABLE `order_detail` DISABLE KEYS */;
INSERT INTO `order_detail` VALUES (1,NULL,'2021-06-15 07:15:42',NULL,'2023-01-31 16:05:00.000000',46531,48,119,474),(2,NULL,'2020-06-12 10:28:14',NULL,'2023-01-31 16:05:00.000000',72540,6,185,420),(3,NULL,'2020-11-13 21:51:39',NULL,'2023-01-31 16:05:00.000000',98155,18,353,46),(4,NULL,'2020-04-10 09:07:13',NULL,'2023-01-31 16:05:00.000000',69665,7,500,59),(5,NULL,'2020-04-11 04:48:46',NULL,'2023-01-31 16:05:00.000000',22819,61,492,157),(6,NULL,'2022-02-02 22:46:54',NULL,'2023-01-31 16:05:00.000000',52394,56,475,441),(7,NULL,'2020-08-21 10:22:04',NULL,'2023-01-31 16:05:00.000000',36966,82,4,296),(8,NULL,'2022-06-01 12:08:56',NULL,'2023-01-31 16:05:00.000000',20299,56,257,534),(9,NULL,'2020-02-23 17:56:08',NULL,'2023-01-31 16:05:00.000000',31413,66,235,244),(10,NULL,'2021-03-17 15:37:21',NULL,'2023-01-31 16:05:00.000000',22632,49,145,468),(11,NULL,'2022-02-01 01:29:41',NULL,'2023-01-31 16:05:00.000000',66982,97,265,215),(12,NULL,'2022-03-05 11:11:34',NULL,'2023-01-31 16:05:00.000000',36065,58,4,474),(13,NULL,'2020-04-13 02:02:31',NULL,'2023-01-31 16:05:00.000000',52689,89,245,483),(14,NULL,'2020-03-19 22:50:38',NULL,'2023-01-31 16:05:00.000000',77364,25,231,290),(15,NULL,'2021-05-28 23:37:11',NULL,'2023-01-31 16:05:00.000000',98984,6,445,368),(16,NULL,'2021-10-26 23:45:10',NULL,'2023-01-31 16:05:00.000000',39112,41,327,158),(17,NULL,'2021-09-25 10:12:59',NULL,'2023-01-31 16:05:00.000000',25341,63,407,1),(18,NULL,'2020-12-27 09:08:56',NULL,'2023-01-31 16:05:00.000000',49830,37,132,85),(19,NULL,'2020-09-22 18:06:03',NULL,'2023-01-31 16:05:00.000000',91497,7,440,160),(20,NULL,'2020-04-02 14:51:32',NULL,'2023-01-31 16:05:00.000000',90167,71,335,473),(21,NULL,'2021-05-29 11:33:58',NULL,'2023-01-31 16:05:00.000000',94878,23,447,374),(22,NULL,'2022-08-27 16:49:11',NULL,'2023-01-31 16:05:00.000000',85835,44,319,3),(23,NULL,'2022-01-22 23:34:12',NULL,'2023-01-31 16:05:00.000000',12176,54,176,438),(24,NULL,'2022-09-16 15:23:01',NULL,'2023-01-31 16:05:00.000000',52516,19,146,41),(25,NULL,'2021-11-14 18:29:00',NULL,'2023-01-31 16:05:00.000000',98382,29,394,351),(26,NULL,'2022-06-26 18:12:37',NULL,'2023-01-31 16:05:00.000000',95217,95,315,338),(27,NULL,'2021-12-23 02:12:24',NULL,'2023-01-31 16:05:00.000000',96325,63,10,48),(28,NULL,'2022-03-01 05:47:01',NULL,'2023-01-31 16:05:00.000000',78864,49,73,433),(29,NULL,'2021-08-02 20:59:55',NULL,'2023-01-31 16:05:00.000000',86584,76,237,380),(30,NULL,'2021-04-01 05:10:28',NULL,'2023-01-31 16:05:00.000000',71447,70,475,269),(31,NULL,'2023-01-10 10:35:08',NULL,'2023-01-31 16:05:00.000000',47828,25,98,383),(32,NULL,'2022-10-16 20:02:33',NULL,'2023-01-31 16:05:00.000000',10315,71,103,90),(33,NULL,'2021-04-30 09:29:25',NULL,'2023-01-31 16:05:00.000000',35664,97,363,515),(34,NULL,'2022-11-23 08:52:09',NULL,'2023-01-31 16:05:00.000000',8293,81,225,295),(35,NULL,'2020-03-11 00:57:26',NULL,'2023-01-31 16:05:00.000000',59077,16,391,286),(36,NULL,'2022-12-26 20:29:17',NULL,'2023-01-31 16:05:00.000000',79679,39,356,141),(37,NULL,'2022-04-14 16:18:54',NULL,'2023-01-31 16:05:00.000000',85490,55,279,214),(38,NULL,'2021-12-26 22:38:59',NULL,'2023-01-31 16:05:00.000000',18579,99,279,443),(39,NULL,'2020-03-18 20:37:03',NULL,'2023-01-31 16:05:00.000000',82525,27,247,123),(40,NULL,'2022-06-22 08:39:21',NULL,'2023-01-31 16:05:00.000000',69562,80,149,428),(41,NULL,'2020-09-02 04:57:00',NULL,'2023-01-31 16:05:00.000000',49403,33,497,83),(42,NULL,'2021-10-28 09:10:45',NULL,'2023-01-31 16:05:00.000000',63419,81,72,272),(43,NULL,'2020-02-06 07:55:44',NULL,'2023-01-31 16:05:00.000000',62933,11,456,516),(44,NULL,'2021-01-29 10:24:26',NULL,'2023-01-31 16:05:00.000000',26116,99,46,477),(45,NULL,'2020-07-14 10:20:36',NULL,'2023-01-31 16:05:00.000000',10610,70,428,68),(46,NULL,'2021-10-23 14:07:39',NULL,'2023-01-31 16:05:00.000000',51133,99,289,138),(47,NULL,'2022-02-26 01:11:20',NULL,'2023-01-31 16:05:00.000000',74497,50,397,123),(48,NULL,'2020-09-11 00:33:51',NULL,'2023-01-31 16:05:00.000000',58713,52,36,11),(49,NULL,'2022-11-25 23:26:56',NULL,'2023-01-31 16:05:00.000000',26277,56,330,530),(50,NULL,'2022-09-04 21:16:39',NULL,'2023-01-31 16:05:00.000000',33417,28,248,135),(51,NULL,'2022-08-08 08:47:19',NULL,'2023-01-31 16:05:00.000000',67374,11,90,502),(52,NULL,'2022-01-16 01:51:08',NULL,'2023-01-31 16:05:00.000000',55664,4,170,414),(53,NULL,'2021-10-30 02:33:12',NULL,'2023-01-31 16:05:00.000000',56235,6,216,107),(54,NULL,'2021-11-22 18:44:54',NULL,'2023-01-31 16:05:00.000000',44937,24,293,106),(55,NULL,'2020-02-11 14:23:15',NULL,'2023-01-31 16:05:00.000000',62353,24,484,337),(56,NULL,'2020-03-15 06:33:09',NULL,'2023-01-31 16:05:00.000000',52523,97,321,429),(57,NULL,'2022-06-15 13:40:33',NULL,'2023-01-31 16:05:00.000000',63501,88,482,361),(58,NULL,'2021-01-04 20:51:00',NULL,'2023-01-31 16:05:00.000000',2474,66,231,62),(59,NULL,'2020-08-11 16:45:20',NULL,'2023-01-31 16:05:00.000000',9022,34,423,136),(60,NULL,'2022-08-24 00:36:33',NULL,'2023-01-31 16:05:00.000000',69826,54,128,333),(61,NULL,'2021-01-12 21:52:25',NULL,'2023-01-31 16:05:00.000000',96149,18,249,402),(62,NULL,'2020-10-02 23:58:28',NULL,'2023-01-31 16:05:00.000000',29394,12,334,143),(63,NULL,'2022-08-07 10:30:36',NULL,'2023-01-31 16:05:00.000000',27246,76,396,286),(64,NULL,'2020-07-23 17:34:56',NULL,'2023-01-31 16:05:00.000000',17838,37,267,472),(65,NULL,'2021-10-06 16:27:05',NULL,'2023-01-31 16:05:00.000000',90136,28,117,508),(66,NULL,'2021-05-09 20:24:14',NULL,'2023-01-31 16:05:00.000000',3550,65,301,205),(67,NULL,'2022-01-07 23:19:35',NULL,'2023-01-31 16:05:00.000000',86693,19,152,101),(68,NULL,'2020-11-15 23:15:16',NULL,'2023-01-31 16:05:00.000000',16664,93,135,284),(69,NULL,'2021-05-18 11:39:26',NULL,'2023-01-31 16:05:00.000000',34935,23,94,12),(70,NULL,'2021-08-21 04:11:36',NULL,'2023-01-31 16:05:00.000000',6877,20,16,385),(71,NULL,'2022-09-01 09:20:30',NULL,'2023-01-31 16:05:00.000000',6996,11,86,376),(72,NULL,'2022-02-03 09:43:34',NULL,'2023-01-31 16:05:00.000000',23035,45,73,407),(73,NULL,'2021-10-22 19:29:02',NULL,'2023-01-31 16:05:00.000000',62006,92,217,484),(74,NULL,'2022-10-19 10:41:14',NULL,'2023-01-31 16:05:00.000000',47217,91,30,12),(75,NULL,'2021-06-20 00:05:52',NULL,'2023-01-31 16:05:00.000000',57106,99,34,275),(76,NULL,'2020-11-18 02:23:37',NULL,'2023-01-31 16:05:00.000000',63302,78,214,379),(77,NULL,'2022-06-20 12:13:06',NULL,'2023-01-31 16:05:00.000000',97389,60,398,207),(78,NULL,'2021-12-07 23:35:42',NULL,'2023-01-31 16:05:00.000000',72582,96,237,487),(79,NULL,'2021-11-06 01:40:58',NULL,'2023-01-31 16:05:00.000000',44255,85,217,219),(80,NULL,'2022-01-23 15:19:52',NULL,'2023-01-31 16:05:00.000000',76908,14,388,484),(81,NULL,'2022-02-28 01:41:24',NULL,'2023-01-31 16:05:00.000000',21738,61,476,486),(82,NULL,'2020-03-28 20:29:19',NULL,'2023-01-31 16:05:00.000000',19210,27,267,139),(83,NULL,'2022-05-13 09:17:11',NULL,'2023-01-31 16:05:00.000000',83986,61,52,523),(84,NULL,'2020-05-14 16:31:28',NULL,'2023-01-31 16:05:00.000000',75372,13,9,475),(85,NULL,'2022-07-12 00:59:07',NULL,'2023-01-31 16:05:00.000000',93391,30,111,67),(86,NULL,'2020-11-01 11:36:15',NULL,'2023-01-31 16:05:00.000000',38040,1,193,429),(87,NULL,'2020-12-29 03:15:30',NULL,'2023-01-31 16:05:00.000000',95689,74,270,447),(88,NULL,'2021-04-11 03:05:18',NULL,'2023-01-31 16:05:00.000000',59867,55,199,118),(89,NULL,'2020-04-22 19:46:25',NULL,'2023-01-31 16:05:00.000000',51320,63,298,4),(90,NULL,'2020-07-02 02:04:32',NULL,'2023-01-31 16:05:00.000000',29269,4,227,260),(91,NULL,'2021-02-22 06:10:50',NULL,'2023-01-31 16:05:00.000000',28646,66,159,154),(92,NULL,'2020-08-27 08:33:45',NULL,'2023-01-31 16:05:00.000000',98291,65,76,68),(93,NULL,'2020-12-23 04:13:34',NULL,'2023-01-31 16:05:00.000000',40263,34,165,11),(94,NULL,'2020-09-05 04:20:11',NULL,'2023-01-31 16:05:00.000000',23287,80,216,169),(95,NULL,'2020-02-25 22:40:35',NULL,'2023-01-31 16:05:00.000000',98712,42,128,185),(96,NULL,'2022-05-01 05:29:24',NULL,'2023-01-31 16:05:00.000000',28605,40,208,53),(97,NULL,'2021-03-14 04:34:16',NULL,'2023-01-31 16:05:00.000000',12327,77,115,270),(98,NULL,'2022-01-09 12:44:33',NULL,'2023-01-31 16:05:00.000000',41489,2,251,369),(99,NULL,'2021-01-05 08:39:19',NULL,'2023-01-31 16:05:00.000000',27465,37,355,399),(100,NULL,'2020-09-19 12:52:42',NULL,'2023-01-31 16:05:00.000000',2299,65,334,11),(101,NULL,'2021-08-04 11:24:02',NULL,'2023-01-31 16:05:00.000000',3905,7,408,406),(102,NULL,'2021-11-06 13:44:37',NULL,'2023-01-31 16:05:00.000000',29289,57,147,475),(103,NULL,'2021-11-13 10:38:42',NULL,'2023-01-31 16:05:00.000000',87120,10,324,205),(104,NULL,'2020-05-29 03:26:29',NULL,'2023-01-31 16:05:00.000000',12660,18,103,285),(105,NULL,'2020-08-21 18:08:26',NULL,'2023-01-31 16:05:00.000000',1550,75,246,483),(106,NULL,'2022-06-16 04:50:06',NULL,'2023-01-31 16:05:00.000000',3667,67,101,66),(107,NULL,'2021-08-09 02:08:28',NULL,'2023-01-31 16:05:00.000000',7224,51,350,512),(108,NULL,'2021-10-08 01:51:45',NULL,'2023-01-31 16:05:00.000000',49262,12,423,214),(109,NULL,'2020-06-28 18:17:49',NULL,'2023-01-31 16:05:00.000000',78185,22,343,518),(110,NULL,'2021-03-30 06:44:41',NULL,'2023-01-31 16:05:00.000000',22427,53,307,298),(111,NULL,'2022-08-14 12:29:59',NULL,'2023-01-31 16:05:00.000000',80291,97,461,37),(112,NULL,'2022-07-09 08:36:36',NULL,'2023-01-31 16:05:00.000000',30342,50,259,367),(113,NULL,'2023-01-08 06:03:09',NULL,'2023-01-31 16:05:00.000000',25703,8,426,487),(114,NULL,'2020-08-18 14:24:59',NULL,'2023-01-31 16:05:00.000000',51655,15,455,124),(115,NULL,'2020-10-06 22:01:16',NULL,'2023-01-31 16:05:00.000000',19868,95,156,450),(116,NULL,'2021-10-15 15:45:21',NULL,'2023-01-31 16:05:00.000000',34042,9,124,142),(117,NULL,'2022-02-27 16:52:21',NULL,'2023-01-31 16:05:00.000000',8158,59,64,136),(118,NULL,'2022-09-18 12:31:11',NULL,'2023-01-31 16:05:00.000000',59827,17,355,85),(119,NULL,'2020-08-12 14:44:44',NULL,'2023-01-31 16:05:00.000000',74726,64,309,167),(120,NULL,'2020-10-23 20:56:02',NULL,'2023-01-31 16:05:00.000000',95982,92,28,186),(121,NULL,'2022-01-13 05:14:49',NULL,'2023-01-31 16:05:00.000000',94935,23,398,3),(122,NULL,'2020-05-26 23:52:39',NULL,'2023-01-31 16:05:00.000000',71921,91,114,469),(123,NULL,'2020-03-08 04:27:36',NULL,'2023-01-31 16:05:00.000000',29781,66,261,16),(124,NULL,'2020-05-02 20:00:32',NULL,'2023-01-31 16:05:00.000000',15916,90,323,45),(125,NULL,'2020-10-29 13:48:55',NULL,'2023-01-31 16:05:00.000000',74783,97,477,282),(126,NULL,'2020-02-25 16:18:30',NULL,'2023-01-31 16:05:00.000000',47510,42,89,456),(127,NULL,'2021-09-27 04:45:04',NULL,'2023-01-31 16:05:00.000000',58891,86,35,497),(128,NULL,'2021-11-17 18:24:31',NULL,'2023-01-31 16:05:00.000000',41535,75,310,66),(129,NULL,'2021-01-18 18:41:47',NULL,'2023-01-31 16:05:00.000000',40067,88,358,31),(130,NULL,'2020-08-27 17:55:43',NULL,'2023-01-31 16:05:00.000000',50394,48,91,471),(131,NULL,'2021-02-20 06:54:19',NULL,'2023-01-31 16:05:00.000000',77055,7,470,204),(132,NULL,'2021-03-17 01:28:53',NULL,'2023-01-31 16:05:00.000000',5659,63,200,57),(133,NULL,'2022-12-24 21:01:55',NULL,'2023-01-31 16:05:00.000000',40766,19,402,352),(134,NULL,'2022-04-01 08:30:33',NULL,'2023-01-31 16:05:00.000000',62632,73,183,485),(135,NULL,'2022-02-11 05:06:38',NULL,'2023-01-31 16:05:00.000000',65233,40,194,518),(136,NULL,'2022-03-02 07:02:52',NULL,'2023-01-31 16:05:00.000000',28393,80,165,42),(137,NULL,'2021-01-27 09:25:30',NULL,'2023-01-31 16:05:00.000000',25677,29,387,306),(138,NULL,'2022-12-10 20:27:16',NULL,'2023-01-31 16:05:00.000000',8960,92,316,337),(139,NULL,'2022-08-10 19:07:36',NULL,'2023-01-31 16:05:00.000000',76887,84,289,377),(140,NULL,'2020-09-21 12:59:12',NULL,'2023-01-31 16:05:00.000000',29455,10,366,188),(141,NULL,'2020-07-17 01:40:37',NULL,'2023-01-31 16:05:00.000000',18578,95,325,521),(142,NULL,'2021-11-30 23:03:50',NULL,'2023-01-31 16:05:00.000000',792,25,329,397),(143,NULL,'2022-01-18 06:51:00',NULL,'2023-01-31 16:05:00.000000',47995,76,454,459),(144,NULL,'2020-11-09 21:54:42',NULL,'2023-01-31 16:05:00.000000',63922,64,74,259),(145,NULL,'2021-10-09 21:27:21',NULL,'2023-01-31 16:05:00.000000',44776,98,109,198),(146,NULL,'2022-07-27 22:06:10',NULL,'2023-01-31 16:05:00.000000',77982,81,176,82),(147,NULL,'2022-01-03 20:26:39',NULL,'2023-01-31 16:05:00.000000',12709,51,450,296),(148,NULL,'2020-06-12 01:44:48',NULL,'2023-01-31 16:05:00.000000',58422,67,159,281),(149,NULL,'2021-05-19 17:22:02',NULL,'2023-01-31 16:05:00.000000',52341,23,359,149),(150,NULL,'2020-03-01 13:51:08',NULL,'2023-01-31 16:05:00.000000',71581,47,459,477),(151,NULL,'2023-01-11 22:25:49',NULL,'2023-01-31 16:05:00.000000',43178,87,104,343),(152,NULL,'2020-11-03 11:25:02',NULL,'2023-01-31 16:05:00.000000',40914,88,388,11),(153,NULL,'2020-08-03 08:12:59',NULL,'2023-01-31 16:05:00.000000',72437,34,48,3),(154,NULL,'2021-02-02 12:32:22',NULL,'2023-01-31 16:05:00.000000',52902,59,202,366),(155,NULL,'2022-10-04 03:11:52',NULL,'2023-01-31 16:05:00.000000',76597,80,344,294),(156,NULL,'2021-01-21 02:24:10',NULL,'2023-01-31 16:05:00.000000',96414,8,247,151),(157,NULL,'2021-04-08 12:20:51',NULL,'2023-01-31 16:05:00.000000',1478,25,27,81),(158,NULL,'2021-01-18 09:29:12',NULL,'2023-01-31 16:05:00.000000',58862,29,377,515),(159,NULL,'2022-03-21 23:51:05',NULL,'2023-01-31 16:05:00.000000',17820,9,349,367),(160,NULL,'2021-02-24 23:10:35',NULL,'2023-01-31 16:05:00.000000',68527,62,496,422),(161,NULL,'2022-06-29 11:22:37',NULL,'2023-01-31 16:05:00.000000',5038,13,453,510),(162,NULL,'2021-09-01 21:43:26',NULL,'2023-01-31 16:05:00.000000',29258,97,383,411),(163,NULL,'2020-10-28 09:47:51',NULL,'2023-01-31 16:05:00.000000',81531,71,400,438),(164,NULL,'2020-06-02 10:35:14',NULL,'2023-01-31 16:05:00.000000',12251,81,420,416),(165,NULL,'2020-02-11 22:37:05',NULL,'2023-01-31 16:05:00.000000',29028,13,3,189),(166,NULL,'2022-04-30 05:47:36',NULL,'2023-01-31 16:05:00.000000',53279,45,226,6),(167,NULL,'2021-04-09 08:41:58',NULL,'2023-01-31 16:05:00.000000',65539,28,448,443),(168,NULL,'2020-12-08 13:59:11',NULL,'2023-01-31 16:05:00.000000',98204,37,315,303),(169,NULL,'2022-10-18 06:34:56',NULL,'2023-01-31 16:05:00.000000',75625,48,392,316),(170,NULL,'2020-03-17 16:59:19',NULL,'2023-01-31 16:05:00.000000',24351,63,283,335),(171,NULL,'2022-02-26 16:46:47',NULL,'2023-01-31 16:05:00.000000',55275,85,139,216),(172,NULL,'2020-03-19 20:15:53',NULL,'2023-01-31 16:05:00.000000',85190,45,291,457),(173,NULL,'2020-08-16 17:23:13',NULL,'2023-01-31 16:05:00.000000',14928,49,439,354),(174,NULL,'2021-04-07 18:12:59',NULL,'2023-01-31 16:05:00.000000',48629,96,61,42),(175,NULL,'2022-02-18 13:03:43',NULL,'2023-01-31 16:05:00.000000',38683,69,279,209),(176,NULL,'2022-06-09 04:07:46',NULL,'2023-01-31 16:05:00.000000',984,82,472,502),(177,NULL,'2021-10-30 19:54:05',NULL,'2023-01-31 16:05:00.000000',59181,39,302,164),(178,NULL,'2022-04-14 13:27:12',NULL,'2023-01-31 16:05:00.000000',4518,45,318,184),(179,NULL,'2022-05-03 14:49:19',NULL,'2023-01-31 16:05:00.000000',22746,3,379,59),(180,NULL,'2020-05-06 03:10:22',NULL,'2023-01-31 16:05:00.000000',9420,85,155,25),(181,NULL,'2022-05-11 02:14:15',NULL,'2023-01-31 16:05:00.000000',15592,78,200,207),(182,NULL,'2021-07-22 14:43:33',NULL,'2023-01-31 16:05:00.000000',13138,45,216,372),(183,NULL,'2021-08-25 13:42:11',NULL,'2023-01-31 16:05:00.000000',84799,10,404,510),(184,NULL,'2022-12-31 23:34:25',NULL,'2023-01-31 16:05:00.000000',84376,96,338,340),(185,NULL,'2020-12-05 11:01:09',NULL,'2023-01-31 16:05:00.000000',6653,94,208,247),(186,NULL,'2022-05-14 19:40:48',NULL,'2023-01-31 16:05:00.000000',11053,37,167,194),(187,NULL,'2022-01-03 05:32:22',NULL,'2023-01-31 16:05:00.000000',43704,29,174,215),(188,NULL,'2022-09-28 00:47:18',NULL,'2023-01-31 16:05:00.000000',20220,31,201,189),(189,NULL,'2020-05-14 23:23:19',NULL,'2023-01-31 16:05:00.000000',49375,41,156,161),(190,NULL,'2021-09-29 20:49:56',NULL,'2023-01-31 16:05:00.000000',43026,54,377,532),(191,NULL,'2021-04-04 03:08:21',NULL,'2023-01-31 16:05:00.000000',87064,17,296,213),(192,NULL,'2021-06-11 23:00:53',NULL,'2023-01-31 16:05:00.000000',61938,34,296,169),(193,NULL,'2021-01-03 01:13:52',NULL,'2023-01-31 16:05:00.000000',67953,15,492,91),(194,NULL,'2022-08-29 17:56:51',NULL,'2023-01-31 16:05:00.000000',42006,34,428,396),(195,NULL,'2021-03-30 09:08:58',NULL,'2023-01-31 16:05:00.000000',88534,96,201,157),(196,NULL,'2020-02-28 13:58:11',NULL,'2023-01-31 16:05:00.000000',20937,53,498,227),(197,NULL,'2020-09-01 21:39:16',NULL,'2023-01-31 16:05:00.000000',57249,16,304,398),(198,NULL,'2020-05-03 12:27:20',NULL,'2023-01-31 16:05:00.000000',26826,99,64,484),(199,NULL,'2022-03-11 12:15:30',NULL,'2023-01-31 16:05:00.000000',90680,33,444,146),(200,NULL,'2021-09-28 07:03:59',NULL,'2023-01-31 16:05:00.000000',51521,41,393,225),(201,NULL,'2021-08-16 21:31:21',NULL,'2023-01-31 16:05:00.000000',98036,50,83,34),(202,NULL,'2022-05-12 10:05:02',NULL,'2023-01-31 16:05:00.000000',65949,73,76,331),(203,NULL,'2020-08-02 23:07:35',NULL,'2023-01-31 16:05:00.000000',39212,83,488,172),(204,NULL,'2021-05-16 19:10:26',NULL,'2023-01-31 16:05:00.000000',43875,48,201,98),(205,NULL,'2021-07-20 07:43:30',NULL,'2023-01-31 16:05:00.000000',64906,34,362,391),(206,NULL,'2021-03-11 16:09:42',NULL,'2023-01-31 16:05:00.000000',8118,93,23,115),(207,NULL,'2020-10-19 18:45:05',NULL,'2023-01-31 16:05:00.000000',84473,90,14,260),(208,NULL,'2021-07-18 05:44:07',NULL,'2023-01-31 16:05:00.000000',70131,79,90,179),(209,NULL,'2020-04-29 11:10:58',NULL,'2023-01-31 16:05:00.000000',6501,46,10,25),(210,NULL,'2021-04-21 01:47:10',NULL,'2023-01-31 16:05:00.000000',22627,84,4,526),(211,NULL,'2021-09-16 22:58:23',NULL,'2023-01-31 16:05:00.000000',12637,75,353,201),(212,NULL,'2020-11-22 19:52:47',NULL,'2023-01-31 16:05:00.000000',39778,51,491,465),(213,NULL,'2020-02-27 22:06:17',NULL,'2023-01-31 16:05:00.000000',80618,56,24,169),(214,NULL,'2020-01-31 01:44:35',NULL,'2023-01-31 16:05:00.000000',56765,71,95,443),(215,NULL,'2020-02-11 23:18:07',NULL,'2023-01-31 16:05:00.000000',98758,44,29,450),(216,NULL,'2021-03-11 15:49:45',NULL,'2023-01-31 16:05:00.000000',9751,70,297,239),(217,NULL,'2021-08-28 11:10:46',NULL,'2023-01-31 16:05:00.000000',89980,65,375,113),(218,NULL,'2021-07-29 20:27:33',NULL,'2023-01-31 16:05:00.000000',6786,18,250,507),(219,NULL,'2020-02-19 10:04:00',NULL,'2023-01-31 16:05:00.000000',10194,81,399,380),(220,NULL,'2022-10-27 15:20:31',NULL,'2023-01-31 16:05:00.000000',43668,16,17,260),(221,NULL,'2020-04-01 18:48:02',NULL,'2023-01-31 16:05:00.000000',83693,59,291,514),(222,NULL,'2022-04-30 18:47:49',NULL,'2023-01-31 16:05:00.000000',82054,16,52,17),(223,NULL,'2021-05-12 19:41:41',NULL,'2023-01-31 16:05:00.000000',36769,53,295,393),(224,NULL,'2020-12-29 03:13:20',NULL,'2023-01-31 16:05:00.000000',1479,35,244,104),(225,NULL,'2020-10-04 05:30:11',NULL,'2023-01-31 16:05:00.000000',74522,29,247,430),(226,NULL,'2020-09-28 10:45:58',NULL,'2023-01-31 16:05:00.000000',33716,10,332,442),(227,NULL,'2022-12-12 22:47:02',NULL,'2023-01-31 16:05:00.000000',87953,57,485,195),(228,NULL,'2021-12-06 11:23:56',NULL,'2023-01-31 16:05:00.000000',25589,25,141,441),(229,NULL,'2020-04-23 18:16:14',NULL,'2023-01-31 16:05:00.000000',2553,22,121,305),(230,NULL,'2021-09-08 02:47:02',NULL,'2023-01-31 16:05:00.000000',1249,2,273,33),(231,NULL,'2020-12-20 10:39:32',NULL,'2023-01-31 16:05:00.000000',17601,12,150,63),(232,NULL,'2022-12-14 07:20:04',NULL,'2023-01-31 16:05:00.000000',28934,86,221,217),(233,NULL,'2021-07-05 18:46:23',NULL,'2023-01-31 16:05:00.000000',22882,87,127,114),(234,NULL,'2021-07-14 04:46:08',NULL,'2023-01-31 16:05:00.000000',85267,60,486,310),(235,NULL,'2022-07-27 20:48:15',NULL,'2023-01-31 16:05:00.000000',15423,97,411,303),(236,NULL,'2021-07-08 08:57:11',NULL,'2023-01-31 16:05:00.000000',27580,72,498,286),(237,NULL,'2022-05-14 10:15:01',NULL,'2023-01-31 16:05:00.000000',82454,20,163,337),(238,NULL,'2021-02-23 08:10:36',NULL,'2023-01-31 16:05:00.000000',37294,52,241,145),(239,NULL,'2021-11-18 15:04:28',NULL,'2023-01-31 16:05:00.000000',86074,51,258,233),(240,NULL,'2022-07-14 17:44:57',NULL,'2023-01-31 16:05:00.000000',61911,75,235,133),(241,NULL,'2021-06-03 13:13:02',NULL,'2023-01-31 16:05:00.000000',52288,64,418,434),(242,NULL,'2022-08-03 07:27:46',NULL,'2023-01-31 16:05:00.000000',18823,52,379,335),(243,NULL,'2020-07-23 15:42:33',NULL,'2023-01-31 16:05:00.000000',75883,86,25,274),(244,NULL,'2020-04-04 18:49:13',NULL,'2023-01-31 16:05:00.000000',72210,71,422,144),(245,NULL,'2020-03-14 10:51:24',NULL,'2023-01-31 16:05:00.000000',20663,75,222,102),(246,NULL,'2022-12-01 05:27:33',NULL,'2023-01-31 16:05:00.000000',63725,4,412,300),(247,NULL,'2022-07-30 01:56:48',NULL,'2023-01-31 16:05:00.000000',98664,60,213,399),(248,NULL,'2021-02-14 05:47:17',NULL,'2023-01-31 16:05:00.000000',63080,63,208,235),(249,NULL,'2021-12-22 05:09:34',NULL,'2023-01-31 16:05:00.000000',91170,46,255,337),(250,NULL,'2020-08-07 19:16:43',NULL,'2023-01-31 16:05:00.000000',93071,12,388,450),(251,NULL,'2021-04-25 06:50:48',NULL,'2023-01-31 16:05:00.000000',67405,58,396,486),(252,NULL,'2021-01-20 22:18:47',NULL,'2023-01-31 16:05:00.000000',88985,1,269,422),(253,NULL,'2021-02-21 13:13:22',NULL,'2023-01-31 16:05:00.000000',96981,99,412,533),(254,NULL,'2020-10-28 21:18:22',NULL,'2023-01-31 16:05:00.000000',30751,44,200,102),(255,NULL,'2021-12-25 19:25:04',NULL,'2023-01-31 16:05:00.000000',33151,33,330,183),(256,NULL,'2020-09-18 18:32:36',NULL,'2023-01-31 16:05:00.000000',16383,25,492,374),(257,NULL,'2022-03-20 07:46:13',NULL,'2023-01-31 16:05:00.000000',20596,47,107,146),(258,NULL,'2020-06-17 22:48:11',NULL,'2023-01-31 16:05:00.000000',29888,19,472,181),(259,NULL,'2022-04-25 12:48:06',NULL,'2023-01-31 16:05:00.000000',47578,23,187,360),(260,NULL,'2021-05-27 14:56:55',NULL,'2023-01-31 16:05:00.000000',10401,77,92,343),(261,NULL,'2021-04-05 03:02:03',NULL,'2023-01-31 16:05:00.000000',20727,56,397,222),(262,NULL,'2021-04-12 05:10:33',NULL,'2023-01-31 16:05:00.000000',54421,61,146,376),(263,NULL,'2023-01-13 12:02:53',NULL,'2023-01-31 16:05:00.000000',64420,45,470,534),(264,NULL,'2020-11-04 23:01:57',NULL,'2023-01-31 16:05:00.000000',26275,39,378,349),(265,NULL,'2020-10-04 18:38:47',NULL,'2023-01-31 16:05:00.000000',88488,26,442,272),(266,NULL,'2021-01-30 14:11:57',NULL,'2023-01-31 16:05:00.000000',8503,51,126,151),(267,NULL,'2020-07-10 13:12:07',NULL,'2023-01-31 16:05:00.000000',30992,89,381,455),(268,NULL,'2021-06-14 10:37:32',NULL,'2023-01-31 16:05:00.000000',57769,43,81,113),(269,NULL,'2022-03-24 19:52:58',NULL,'2023-01-31 16:05:00.000000',14529,11,189,349),(270,NULL,'2020-01-20 15:48:05',NULL,'2023-01-31 16:05:00.000000',35275,47,182,107),(271,NULL,'2020-09-04 17:53:07',NULL,'2023-01-31 16:05:00.000000',23700,7,318,480),(272,NULL,'2022-01-20 07:09:52',NULL,'2023-01-31 16:05:00.000000',50294,53,60,94),(273,NULL,'2020-08-27 15:31:31',NULL,'2023-01-31 16:05:00.000000',73741,42,45,103),(274,NULL,'2022-01-20 13:20:43',NULL,'2023-01-31 16:05:00.000000',74526,29,189,447),(275,NULL,'2022-10-19 22:27:36',NULL,'2023-01-31 16:05:00.000000',7062,69,37,293),(276,NULL,'2022-12-04 23:37:17',NULL,'2023-01-31 16:05:00.000000',19810,81,209,493),(277,NULL,'2020-12-22 11:57:47',NULL,'2023-01-31 16:05:00.000000',21588,76,447,202),(278,NULL,'2020-11-20 05:39:21',NULL,'2023-01-31 16:05:00.000000',30642,86,45,323),(279,NULL,'2020-05-04 11:30:50',NULL,'2023-01-31 16:05:00.000000',69238,44,387,290),(280,NULL,'2021-10-12 06:18:59',NULL,'2023-01-31 16:05:00.000000',23950,68,390,326),(281,NULL,'2022-01-09 01:17:55',NULL,'2023-01-31 16:05:00.000000',21227,98,322,419),(282,NULL,'2022-08-31 16:22:57',NULL,'2023-01-31 16:05:00.000000',6917,98,126,33),(283,NULL,'2020-06-16 07:35:19',NULL,'2023-01-31 16:05:00.000000',26420,84,343,298),(284,NULL,'2022-08-02 20:14:28',NULL,'2023-01-31 16:05:00.000000',64700,65,435,266),(285,NULL,'2022-01-20 14:22:15',NULL,'2023-01-31 16:05:00.000000',7437,52,424,512),(286,NULL,'2022-07-04 15:41:47',NULL,'2023-01-31 16:05:00.000000',80300,8,283,192),(287,NULL,'2020-10-08 03:15:25',NULL,'2023-01-31 16:05:00.000000',2888,4,268,387),(288,NULL,'2021-09-18 08:02:35',NULL,'2023-01-31 16:05:00.000000',62499,46,206,29),(289,NULL,'2020-08-17 09:59:17',NULL,'2023-01-31 16:05:00.000000',60434,39,12,382),(290,NULL,'2022-04-22 10:51:06',NULL,'2023-01-31 16:05:00.000000',90212,82,113,4),(291,NULL,'2020-08-19 00:53:40',NULL,'2023-01-31 16:05:00.000000',60491,35,148,274),(292,NULL,'2020-05-09 08:01:32',NULL,'2023-01-31 16:05:00.000000',52777,50,224,395),(293,NULL,'2021-09-21 12:25:35',NULL,'2023-01-31 16:05:00.000000',85307,8,109,139),(294,NULL,'2021-02-20 04:30:34',NULL,'2023-01-31 16:05:00.000000',5875,25,379,415),(295,NULL,'2020-08-26 22:45:10',NULL,'2023-01-31 16:05:00.000000',23540,87,176,190),(296,NULL,'2021-09-06 10:21:26',NULL,'2023-01-31 16:05:00.000000',36245,55,316,271),(297,NULL,'2021-01-19 19:42:42',NULL,'2023-01-31 16:05:00.000000',69594,79,213,387),(298,NULL,'2021-08-23 08:04:25',NULL,'2023-01-31 16:05:00.000000',94520,30,378,196),(299,NULL,'2021-12-23 15:55:11',NULL,'2023-01-31 16:05:00.000000',38891,76,434,204),(300,NULL,'2022-02-04 15:28:54',NULL,'2023-01-31 16:05:00.000000',12462,3,189,288),(301,NULL,'2022-05-23 00:04:34',NULL,'2023-01-31 16:05:00.000000',39307,76,425,134),(302,NULL,'2022-08-01 03:23:41',NULL,'2023-01-31 16:05:00.000000',92338,41,131,203),(303,NULL,'2022-10-17 05:51:58',NULL,'2023-01-31 16:05:00.000000',30508,20,171,347),(304,NULL,'2020-04-13 02:22:46',NULL,'2023-01-31 16:05:00.000000',59113,51,363,24),(305,NULL,'2021-04-21 19:45:38',NULL,'2023-01-31 16:05:00.000000',16060,81,327,336),(306,NULL,'2022-04-19 00:46:10',NULL,'2023-01-31 16:05:00.000000',89095,23,67,239),(307,NULL,'2023-01-02 20:56:58',NULL,'2023-01-31 16:05:00.000000',63382,79,301,270),(308,NULL,'2021-09-26 12:37:11',NULL,'2023-01-31 16:05:00.000000',41842,31,436,426),(309,NULL,'2020-05-13 00:49:24',NULL,'2023-01-31 16:05:00.000000',94901,52,227,248),(310,NULL,'2020-05-08 02:55:31',NULL,'2023-01-31 16:05:00.000000',82625,10,199,271),(311,NULL,'2021-01-23 09:25:57',NULL,'2023-01-31 16:05:00.000000',85710,53,388,122),(312,NULL,'2021-07-25 01:24:18',NULL,'2023-01-31 16:05:00.000000',96147,78,27,184),(313,NULL,'2021-03-03 04:09:21',NULL,'2023-01-31 16:05:00.000000',19271,42,93,298),(314,NULL,'2021-03-11 05:18:01',NULL,'2023-01-31 16:05:00.000000',10364,16,78,530),(315,NULL,'2021-04-07 19:26:31',NULL,'2023-01-31 16:05:00.000000',62964,55,42,113),(316,NULL,'2022-09-15 09:25:22',NULL,'2023-01-31 16:05:00.000000',86975,83,370,456),(317,NULL,'2020-12-10 10:16:10',NULL,'2023-01-31 16:05:00.000000',33049,78,166,233),(318,NULL,'2022-04-17 14:57:46',NULL,'2023-01-31 16:05:00.000000',398,47,422,173),(319,NULL,'2022-10-23 12:49:40',NULL,'2023-01-31 16:05:00.000000',48077,55,395,279),(320,NULL,'2021-09-30 04:14:36',NULL,'2023-01-31 16:05:00.000000',20041,43,490,209),(321,NULL,'2022-08-19 22:37:44',NULL,'2023-01-31 16:05:00.000000',89839,1,146,50),(322,NULL,'2021-03-24 11:40:12',NULL,'2023-01-31 16:05:00.000000',64827,9,369,259),(323,NULL,'2021-05-20 08:43:39',NULL,'2023-01-31 16:05:00.000000',2766,96,7,331),(324,NULL,'2021-01-16 03:07:47',NULL,'2023-01-31 16:05:00.000000',5992,31,77,163),(325,NULL,'2022-03-06 03:09:32',NULL,'2023-01-31 16:05:00.000000',31184,13,397,394),(326,NULL,'2020-05-04 02:44:37',NULL,'2023-01-31 16:05:00.000000',65135,53,475,125),(327,NULL,'2022-09-18 02:17:37',NULL,'2023-01-31 16:05:00.000000',72916,27,64,247),(328,NULL,'2021-03-08 06:52:59',NULL,'2023-01-31 16:05:00.000000',1563,25,164,276),(329,NULL,'2021-01-19 03:43:53',NULL,'2023-01-31 16:05:00.000000',72398,33,5,87),(330,NULL,'2022-04-27 08:37:38',NULL,'2023-01-31 16:05:00.000000',69212,87,108,180),(331,NULL,'2022-02-10 18:16:04',NULL,'2023-01-31 16:05:00.000000',98620,74,47,209),(332,NULL,'2022-03-31 21:29:55',NULL,'2023-01-31 16:05:00.000000',22938,63,278,8),(333,NULL,'2020-01-24 23:15:11',NULL,'2023-01-31 16:05:00.000000',73444,8,199,89),(334,NULL,'2020-05-04 22:19:31',NULL,'2023-01-31 16:05:00.000000',2443,63,123,177),(335,NULL,'2021-10-18 08:18:51',NULL,'2023-01-31 16:05:00.000000',46440,51,475,14),(336,NULL,'2021-04-10 05:52:13',NULL,'2023-01-31 16:05:00.000000',15392,35,84,377),(337,NULL,'2021-02-08 05:24:23',NULL,'2023-01-31 16:05:00.000000',95743,76,441,421),(338,NULL,'2022-08-19 16:46:06',NULL,'2023-01-31 16:05:00.000000',91260,47,7,129),(339,NULL,'2021-09-14 19:20:01',NULL,'2023-01-31 16:05:00.000000',45957,22,225,456),(340,NULL,'2020-10-30 08:02:57',NULL,'2023-01-31 16:05:00.000000',13314,99,116,186),(341,NULL,'2022-08-13 17:50:26',NULL,'2023-01-31 16:05:00.000000',29231,59,334,261),(342,NULL,'2020-09-23 16:06:14',NULL,'2023-01-31 16:05:00.000000',18891,73,32,175),(343,NULL,'2020-09-17 03:12:45',NULL,'2023-01-31 16:05:00.000000',86214,78,361,125),(344,NULL,'2021-01-01 23:07:41',NULL,'2023-01-31 16:05:00.000000',4810,93,213,83),(345,NULL,'2022-06-28 07:47:43',NULL,'2023-01-31 16:05:00.000000',80729,3,258,380),(346,NULL,'2020-11-19 22:23:01',NULL,'2023-01-31 16:05:00.000000',31899,10,291,37),(347,NULL,'2022-05-12 22:29:40',NULL,'2023-01-31 16:05:00.000000',41405,95,379,487),(348,NULL,'2020-10-02 17:26:27',NULL,'2023-01-31 16:05:00.000000',94964,48,472,33),(349,NULL,'2021-08-13 09:40:18',NULL,'2023-01-31 16:05:00.000000',97104,66,89,21),(350,NULL,'2022-10-16 18:18:00',NULL,'2023-01-31 16:05:00.000000',68871,42,444,42),(351,NULL,'2021-11-12 22:09:47',NULL,'2023-01-31 16:05:00.000000',92147,95,44,412),(352,NULL,'2022-01-25 07:59:07',NULL,'2023-01-31 16:05:00.000000',34930,41,260,503),(353,NULL,'2020-09-24 06:07:38',NULL,'2023-01-31 16:05:00.000000',69087,88,446,210),(354,NULL,'2021-09-10 17:24:12',NULL,'2023-01-31 16:05:00.000000',90268,57,123,221),(355,NULL,'2022-10-08 09:16:32',NULL,'2023-01-31 16:05:00.000000',19945,3,316,179),(356,NULL,'2021-09-12 12:58:40',NULL,'2023-01-31 16:05:00.000000',27105,15,378,59),(357,NULL,'2021-06-15 00:52:51',NULL,'2023-01-31 16:05:00.000000',64397,8,240,498),(358,NULL,'2021-07-24 15:12:15',NULL,'2023-01-31 16:05:00.000000',18150,12,474,84),(359,NULL,'2021-04-09 20:14:01',NULL,'2023-01-31 16:05:00.000000',76845,56,428,85),(360,NULL,'2021-08-26 22:45:42',NULL,'2023-01-31 16:05:00.000000',31287,84,246,128),(361,NULL,'2022-04-28 18:57:26',NULL,'2023-01-31 16:05:00.000000',38357,22,12,3),(362,NULL,'2022-06-22 17:03:40',NULL,'2023-01-31 16:05:00.000000',52723,58,119,165),(363,NULL,'2022-08-27 11:15:45',NULL,'2023-01-31 16:05:00.000000',83078,33,136,354),(364,NULL,'2021-06-10 10:27:23',NULL,'2023-01-31 16:05:00.000000',50935,1,227,388),(365,NULL,'2020-10-27 11:15:02',NULL,'2023-01-31 16:05:00.000000',89633,71,212,519),(366,NULL,'2022-03-30 00:59:02',NULL,'2023-01-31 16:05:00.000000',85738,4,164,2),(367,NULL,'2020-05-07 01:14:33',NULL,'2023-01-31 16:05:00.000000',81796,64,227,30),(368,NULL,'2022-11-14 11:04:44',NULL,'2023-01-31 16:05:00.000000',70230,73,424,482),(369,NULL,'2020-11-21 23:33:54',NULL,'2023-01-31 16:05:00.000000',82873,80,350,145),(370,NULL,'2021-06-28 21:11:43',NULL,'2023-01-31 16:05:00.000000',92753,90,9,108),(371,NULL,'2021-08-08 19:16:01',NULL,'2023-01-31 16:05:00.000000',3400,24,386,129),(372,NULL,'2021-04-27 10:54:44',NULL,'2023-01-31 16:05:00.000000',80165,29,112,416),(373,NULL,'2022-01-13 06:18:48',NULL,'2023-01-31 16:05:00.000000',16737,86,219,377),(374,NULL,'2021-11-22 01:23:17',NULL,'2023-01-31 16:05:00.000000',10140,52,195,163),(375,NULL,'2022-04-06 12:04:11',NULL,'2023-01-31 16:05:00.000000',47697,64,194,175),(376,NULL,'2022-09-12 05:21:44',NULL,'2023-01-31 16:05:00.000000',12560,27,436,110),(377,NULL,'2021-05-01 14:30:57',NULL,'2023-01-31 16:05:00.000000',62472,46,272,242),(378,NULL,'2022-10-05 19:25:43',NULL,'2023-01-31 16:05:00.000000',2647,36,303,66),(379,NULL,'2021-11-29 22:08:21',NULL,'2023-01-31 16:05:00.000000',69364,83,274,98),(380,NULL,'2021-01-15 06:16:58',NULL,'2023-01-31 16:05:00.000000',67391,53,181,414),(381,NULL,'2020-08-06 05:16:29',NULL,'2023-01-31 16:05:00.000000',92602,78,128,447),(382,NULL,'2022-04-12 15:48:57',NULL,'2023-01-31 16:05:00.000000',82965,50,488,164),(383,NULL,'2020-03-30 17:53:27',NULL,'2023-01-31 16:05:00.000000',64446,33,262,160),(384,NULL,'2022-05-27 06:48:06',NULL,'2023-01-31 16:05:00.000000',34747,50,424,177),(385,NULL,'2020-05-04 02:17:27',NULL,'2023-01-31 16:05:00.000000',15907,63,222,126),(386,NULL,'2021-12-15 04:47:17',NULL,'2023-01-31 16:05:00.000000',31171,57,70,200),(387,NULL,'2022-12-12 22:32:29',NULL,'2023-01-31 16:05:00.000000',77701,13,270,510),(388,NULL,'2020-05-13 03:40:49',NULL,'2023-01-31 16:05:00.000000',41574,38,387,354),(389,NULL,'2022-05-25 01:52:11',NULL,'2023-01-31 16:05:00.000000',92514,25,96,458),(390,NULL,'2021-01-22 13:42:57',NULL,'2023-01-31 16:05:00.000000',3334,38,57,437),(391,NULL,'2021-07-28 18:18:35',NULL,'2023-01-31 16:05:00.000000',61856,28,323,50),(392,NULL,'2020-08-07 04:18:26',NULL,'2023-01-31 16:05:00.000000',68309,28,145,338),(393,NULL,'2020-03-11 09:10:48',NULL,'2023-01-31 16:05:00.000000',16492,91,190,164),(394,NULL,'2020-07-23 12:04:38',NULL,'2023-01-31 16:05:00.000000',38616,27,291,106),(395,NULL,'2021-01-03 12:19:52',NULL,'2023-01-31 16:05:00.000000',48498,96,180,79),(396,NULL,'2021-03-17 13:09:06',NULL,'2023-01-31 16:05:00.000000',90284,76,413,102),(397,NULL,'2020-03-14 13:36:13',NULL,'2023-01-31 16:05:00.000000',97804,99,172,314),(398,NULL,'2020-07-13 16:14:03',NULL,'2023-01-31 16:05:00.000000',38904,57,226,100),(399,NULL,'2022-07-21 02:38:53',NULL,'2023-01-31 16:05:00.000000',17620,41,156,247),(400,NULL,'2021-05-21 03:47:51',NULL,'2023-01-31 16:05:00.000000',98085,13,3,89),(401,NULL,'2020-09-20 08:18:05',NULL,'2023-01-31 16:05:00.000000',73730,88,178,13),(402,NULL,'2021-09-09 23:39:46',NULL,'2023-01-31 16:05:00.000000',4886,7,319,21),(403,NULL,'2022-08-07 04:21:24',NULL,'2023-01-31 16:05:00.000000',64591,19,201,252),(404,NULL,'2020-04-21 02:36:41',NULL,'2023-01-31 16:05:00.000000',14229,36,209,201),(405,NULL,'2022-01-25 00:09:21',NULL,'2023-01-31 16:05:00.000000',6726,79,410,395),(406,NULL,'2022-05-19 03:16:40',NULL,'2023-01-31 16:05:00.000000',81985,2,460,490),(407,NULL,'2021-08-29 13:19:17',NULL,'2023-01-31 16:05:00.000000',98443,90,144,258),(408,NULL,'2020-10-24 11:29:04',NULL,'2023-01-31 16:05:00.000000',80117,31,461,86),(409,NULL,'2021-03-20 00:07:39',NULL,'2023-01-31 16:05:00.000000',43724,41,438,24),(410,NULL,'2020-03-19 05:43:10',NULL,'2023-01-31 16:05:00.000000',7586,80,270,349),(411,NULL,'2022-12-22 16:36:49',NULL,'2023-01-31 16:05:00.000000',78381,92,374,256),(412,NULL,'2022-08-09 16:19:01',NULL,'2023-01-31 16:05:00.000000',83765,94,301,375),(413,NULL,'2022-02-25 13:35:05',NULL,'2023-01-31 16:05:00.000000',39837,70,436,104),(414,NULL,'2020-06-26 15:48:04',NULL,'2023-01-31 16:05:00.000000',96246,83,193,432),(415,NULL,'2022-07-20 16:51:51',NULL,'2023-01-31 16:05:00.000000',2902,39,304,192),(416,NULL,'2021-04-02 22:50:30',NULL,'2023-01-31 16:05:00.000000',38633,23,163,229),(417,NULL,'2020-09-12 18:11:00',NULL,'2023-01-31 16:05:00.000000',50571,17,239,503),(418,NULL,'2022-08-10 05:20:08',NULL,'2023-01-31 16:05:00.000000',59820,66,475,416),(419,NULL,'2020-08-08 14:59:37',NULL,'2023-01-31 16:05:00.000000',94233,15,401,89),(420,NULL,'2020-05-30 14:32:15',NULL,'2023-01-31 16:05:00.000000',85748,38,412,401),(421,NULL,'2021-08-14 04:46:31',NULL,'2023-01-31 16:05:00.000000',59039,48,155,141),(422,NULL,'2020-02-04 19:02:48',NULL,'2023-01-31 16:05:00.000000',41647,79,377,74),(423,NULL,'2021-04-27 11:56:03',NULL,'2023-01-31 16:05:00.000000',72134,55,229,489),(424,NULL,'2022-04-17 16:57:52',NULL,'2023-01-31 16:05:00.000000',25775,42,80,334),(425,NULL,'2022-08-20 12:45:00',NULL,'2023-01-31 16:05:00.000000',56631,82,16,334),(426,NULL,'2022-01-07 07:17:58',NULL,'2023-01-31 16:05:00.000000',10334,93,37,238),(427,NULL,'2021-04-05 04:57:21',NULL,'2023-01-31 16:05:00.000000',39702,68,181,447),(428,NULL,'2022-05-20 19:04:48',NULL,'2023-01-31 16:05:00.000000',58003,22,53,313),(429,NULL,'2021-10-28 17:56:44',NULL,'2023-01-31 16:05:00.000000',64917,25,310,328),(430,NULL,'2022-07-14 12:00:09',NULL,'2023-01-31 16:05:00.000000',27664,57,82,333),(431,NULL,'2022-09-27 10:48:43',NULL,'2023-01-31 16:05:00.000000',67943,44,130,104),(432,NULL,'2022-07-21 10:45:19',NULL,'2023-01-31 16:05:00.000000',75587,88,275,310),(433,NULL,'2021-10-08 16:04:23',NULL,'2023-01-31 16:05:00.000000',69779,33,290,534),(434,NULL,'2020-10-29 22:31:33',NULL,'2023-01-31 16:05:00.000000',79961,62,19,379),(435,NULL,'2022-11-13 05:19:58',NULL,'2023-01-31 16:05:00.000000',11956,86,204,452),(436,NULL,'2021-11-16 15:52:33',NULL,'2023-01-31 16:05:00.000000',56073,77,165,211),(437,NULL,'2020-05-27 03:43:09',NULL,'2023-01-31 16:05:00.000000',10627,67,256,57),(438,NULL,'2021-04-28 16:45:49',NULL,'2023-01-31 16:05:00.000000',65505,55,147,76),(439,NULL,'2020-08-19 06:47:57',NULL,'2023-01-31 16:05:00.000000',42403,54,215,430),(440,NULL,'2021-06-23 15:35:33',NULL,'2023-01-31 16:05:00.000000',58828,52,33,399),(441,NULL,'2020-03-14 22:30:22',NULL,'2023-01-31 16:05:00.000000',94591,36,27,521),(442,NULL,'2021-10-08 10:32:21',NULL,'2023-01-31 16:05:00.000000',67872,56,167,132),(443,NULL,'2021-02-25 07:37:16',NULL,'2023-01-31 16:05:00.000000',43402,69,198,415),(444,NULL,'2020-11-21 06:44:23',NULL,'2023-01-31 16:05:00.000000',83163,36,209,395),(445,NULL,'2021-11-12 10:46:41',NULL,'2023-01-31 16:05:00.000000',34906,39,183,140),(446,NULL,'2023-01-05 21:43:51',NULL,'2023-01-31 16:05:00.000000',90753,79,308,416),(447,NULL,'2020-03-03 06:36:12',NULL,'2023-01-31 16:05:00.000000',47485,32,408,414),(448,NULL,'2021-06-21 07:53:20',NULL,'2023-01-31 16:05:00.000000',13698,77,163,444),(449,NULL,'2021-03-23 06:24:53',NULL,'2023-01-31 16:05:00.000000',75962,99,64,208),(450,NULL,'2022-08-25 12:19:31',NULL,'2023-01-31 16:05:00.000000',22658,2,102,409),(451,NULL,'2023-01-04 19:23:00',NULL,'2023-01-31 16:05:00.000000',39681,22,226,153),(452,NULL,'2020-02-22 18:51:36',NULL,'2023-01-31 16:05:00.000000',28828,79,408,461),(453,NULL,'2022-03-20 04:33:23',NULL,'2023-01-31 16:05:00.000000',95081,41,293,353),(454,NULL,'2020-03-22 18:52:17',NULL,'2023-01-31 16:05:00.000000',83898,95,490,308),(455,NULL,'2022-07-20 01:10:23',NULL,'2023-01-31 16:05:00.000000',21755,58,21,134),(456,NULL,'2022-07-29 07:43:05',NULL,'2023-01-31 16:05:00.000000',99075,79,427,488),(457,NULL,'2021-12-22 05:00:48',NULL,'2023-01-31 16:05:00.000000',63592,54,121,71),(458,NULL,'2021-07-30 05:24:19',NULL,'2023-01-31 16:05:00.000000',58691,48,293,61),(459,NULL,'2021-10-22 08:54:59',NULL,'2023-01-31 16:05:00.000000',77502,54,47,312),(460,NULL,'2020-06-07 10:28:57',NULL,'2023-01-31 16:05:00.000000',95663,56,382,248),(461,NULL,'2022-03-27 08:23:28',NULL,'2023-01-31 16:05:00.000000',20781,55,477,95),(462,NULL,'2021-01-24 06:58:31',NULL,'2023-01-31 16:05:00.000000',17227,58,140,100),(463,NULL,'2021-03-25 13:24:17',NULL,'2023-01-31 16:05:00.000000',47761,97,476,273),(464,NULL,'2021-07-24 17:55:16',NULL,'2023-01-31 16:05:00.000000',44745,92,111,350),(465,NULL,'2022-11-19 06:55:17',NULL,'2023-01-31 16:05:00.000000',65061,89,464,382),(466,NULL,'2021-11-07 03:56:15',NULL,'2023-01-31 16:05:00.000000',59200,52,484,482),(467,NULL,'2020-10-21 03:48:00',NULL,'2023-01-31 16:05:00.000000',35164,86,94,12),(468,NULL,'2022-04-28 05:13:10',NULL,'2023-01-31 16:05:00.000000',92607,87,364,370),(469,NULL,'2022-11-19 09:03:52',NULL,'2023-01-31 16:05:00.000000',25191,15,300,178),(470,NULL,'2020-06-28 03:03:19',NULL,'2023-01-31 16:05:00.000000',32584,10,50,453),(471,NULL,'2022-07-29 12:36:51',NULL,'2023-01-31 16:05:00.000000',63709,23,288,343),(472,NULL,'2022-08-04 16:02:27',NULL,'2023-01-31 16:05:00.000000',28899,70,441,34),(473,NULL,'2020-08-07 07:42:23',NULL,'2023-01-31 16:05:00.000000',59212,87,429,340),(474,NULL,'2022-07-17 17:48:53',NULL,'2023-01-31 16:05:00.000000',99841,24,184,276),(475,NULL,'2021-09-22 07:16:36',NULL,'2023-01-31 16:05:00.000000',77525,79,197,195),(476,NULL,'2022-04-03 08:58:47',NULL,'2023-01-31 16:05:00.000000',38499,22,441,238),(477,NULL,'2021-05-04 07:49:27',NULL,'2023-01-31 16:05:00.000000',36133,67,207,157),(478,NULL,'2022-08-22 22:31:54',NULL,'2023-01-31 16:05:00.000000',84410,38,330,434),(479,NULL,'2022-09-13 04:39:53',NULL,'2023-01-31 16:05:00.000000',22398,55,282,299),(480,NULL,'2020-08-31 08:50:22',NULL,'2023-01-31 16:05:00.000000',73536,2,365,430),(481,NULL,'2023-01-17 05:04:12',NULL,'2023-01-31 16:05:00.000000',80589,70,126,435),(482,NULL,'2021-01-01 18:10:45',NULL,'2023-01-31 16:05:00.000000',17079,99,75,493),(483,NULL,'2021-10-09 03:26:42',NULL,'2023-01-31 16:05:00.000000',47609,76,153,422),(484,NULL,'2020-04-16 09:40:58',NULL,'2023-01-31 16:05:00.000000',25168,77,306,517),(485,NULL,'2020-10-04 20:21:59',NULL,'2023-01-31 16:05:00.000000',96816,95,478,197),(486,NULL,'2020-10-10 14:38:30',NULL,'2023-01-31 16:05:00.000000',16291,11,144,506),(487,NULL,'2021-10-22 01:26:38',NULL,'2023-01-31 16:05:00.000000',98736,14,499,420),(488,NULL,'2021-12-21 22:27:06',NULL,'2023-01-31 16:05:00.000000',42518,34,232,523),(489,NULL,'2023-01-02 06:15:34',NULL,'2023-01-31 16:05:00.000000',14323,54,231,57),(490,NULL,'2020-06-07 00:40:48',NULL,'2023-01-31 16:05:00.000000',80083,62,248,137),(491,NULL,'2022-10-07 08:22:05',NULL,'2023-01-31 16:05:00.000000',78979,43,436,118),(492,NULL,'2020-06-20 12:32:32',NULL,'2023-01-31 16:05:00.000000',25438,63,69,340),(493,NULL,'2020-04-23 01:19:48',NULL,'2023-01-31 16:05:00.000000',84527,44,348,203),(494,NULL,'2020-07-21 06:51:17',NULL,'2023-01-31 16:05:00.000000',34255,21,370,256),(495,NULL,'2021-12-24 23:06:36',NULL,'2023-01-31 16:05:00.000000',25007,59,313,374),(496,NULL,'2021-03-05 05:58:39',NULL,'2023-01-31 16:05:00.000000',37184,98,324,348),(497,NULL,'2021-05-06 10:18:19',NULL,'2023-01-31 16:05:00.000000',66999,81,454,410),(498,NULL,'2022-09-13 04:57:42',NULL,'2023-01-31 16:05:00.000000',5055,99,248,311),(499,NULL,'2021-08-04 14:00:44',NULL,'2023-01-31 16:05:00.000000',39411,67,351,107),(500,NULL,'2021-02-13 14:23:45',NULL,'2023-01-31 16:05:00.000000',49705,57,413,401);
/*!40000 ALTER TABLE `order_detail` ENABLE KEYS */;
UNLOCK TABLES;

--
-- Table structure for table `order_status`
--

DROP TABLE IF EXISTS `order_status`;
/*!40101 SET @saved_cs_client     = @@character_set_client */;
/*!50503 SET character_set_client = utf8mb4 */;
CREATE TABLE `order_status` (
  `id` bigint NOT NULL AUTO_INCREMENT,
  `create_by` varchar(255) DEFAULT NULL,
  `create_date` varchar(255) DEFAULT NULL,
  `modified_by` varchar(255) DEFAULT NULL,
  `modified_date` datetime(6) DEFAULT NULL,
  `status` varchar(50) DEFAULT NULL,
  PRIMARY KEY (`id`)
) ENGINE=InnoDB AUTO_INCREMENT=7 DEFAULT CHARSET=utf8mb4 COLLATE=utf8mb4_0900_ai_ci;
/*!40101 SET character_set_client = @saved_cs_client */;

--
-- Dumping data for table `order_status`
--

LOCK TABLES `order_status` WRITE;
/*!40000 ALTER TABLE `order_status` DISABLE KEYS */;
INSERT INTO `order_status` VALUES (1,NULL,NULL,NULL,NULL,'Completed'),(2,NULL,NULL,NULL,NULL,'Cancel'),(3,NULL,NULL,NULL,NULL,'Wait for pay'),(4,NULL,NULL,NULL,NULL,'Delivery in progress'),(5,NULL,NULL,NULL,NULL,'Wait for confirmation'),(6,NULL,NULL,NULL,NULL,'Confirmed');
/*!40000 ALTER TABLE `order_status` ENABLE KEYS */;
UNLOCK TABLES;

--
-- Table structure for table `payment_type`
--

DROP TABLE IF EXISTS `payment_type`;
/*!40101 SET @saved_cs_client     = @@character_set_client */;
/*!50503 SET character_set_client = utf8mb4 */;
CREATE TABLE `payment_type` (
  `id` bigint NOT NULL AUTO_INCREMENT,
  `create_by` varchar(255) DEFAULT NULL,
  `create_date` varchar(255) DEFAULT NULL,
  `modified_by` varchar(255) DEFAULT NULL,
  `modified_date` datetime(6) DEFAULT NULL,
  `value` varchar(145) NOT NULL,
  `status` tinyint DEFAULT '1',
  PRIMARY KEY (`id`)
) ENGINE=InnoDB AUTO_INCREMENT=3 DEFAULT CHARSET=utf8mb4 COLLATE=utf8mb4_0900_ai_ci;
/*!40101 SET character_set_client = @saved_cs_client */;

--
-- Dumping data for table `payment_type`
--

LOCK TABLES `payment_type` WRITE;
/*!40000 ALTER TABLE `payment_type` DISABLE KEYS */;
INSERT INTO `payment_type` VALUES (1,NULL,NULL,NULL,NULL,'Ship code',NULL),(2,NULL,NULL,NULL,NULL,'Online',NULL);
/*!40000 ALTER TABLE `payment_type` ENABLE KEYS */;
UNLOCK TABLES;

--
-- Table structure for table `product`
--

DROP TABLE IF EXISTS `product`;
/*!40101 SET @saved_cs_client     = @@character_set_client */;
/*!50503 SET character_set_client = utf8mb4 */;
CREATE TABLE `product` (
  `id` bigint NOT NULL AUTO_INCREMENT,
  `create_by` varchar(255) DEFAULT NULL,
  `create_date` varchar(255) DEFAULT NULL,
  `modified_by` varchar(255) DEFAULT NULL,
  `modified_date` datetime(6) DEFAULT NULL,
  `default_image` varchar(505) DEFAULT 'Unknow',
  `description` varchar(1005) DEFAULT NULL,
  `name` varchar(215) NOT NULL,
  `category_id` bigint NOT NULL,
  `status` tinyint DEFAULT '1',
  PRIMARY KEY (`id`),
  KEY `FK1mtsbur82frn64de7balymq9s` (`category_id`),
  CONSTRAINT `FK1mtsbur82frn64de7balymq9s` FOREIGN KEY (`category_id`) REFERENCES `category` (`id`)
) ENGINE=InnoDB AUTO_INCREMENT=538 DEFAULT CHARSET=utf8mb4 COLLATE=utf8mb4_0900_ai_ci;
/*!40101 SET character_set_client = @saved_cs_client */;

--
-- Dumping data for table `product`
--

LOCK TABLES `product` WRITE;
/*!40000 ALTER TABLE `product` DISABLE KEYS */;
INSERT INTO `product` VALUES (1,NULL,NULL,NULL,NULL,'Unknow',NULL,'Áo thun tay lỡ unisex ClownZ Blood Diamond T-shirt form rộng, chất cotton',3,NULL),(2,NULL,NULL,NULL,NULL,'Unknow',NULL,'Áo thun tay lỡ unisex ClownZ Blood Diamond T-shirt form rộng, chất cotton',3,NULL),(3,NULL,NULL,NULL,NULL,'Unknow',NULL,'Áo thun tay lỡ unisex Clownz Digital World T-Shirt form rộng, chất cotton',3,NULL),(4,NULL,NULL,NULL,NULL,'Unknow',NULL,'Áo thun tay lỡ unisex ClownZ Fxxk Karma Acid Washed T-shirt form rộng, chất cotton',3,NULL),(5,NULL,NULL,NULL,NULL,'Unknow',NULL,'Áo thun tay lỡ unisex ClownZ Graffiti Tag T-shirt form rộng, chất cotton',3,NULL),(6,NULL,NULL,NULL,NULL,'Unknow',NULL,'Áo thun tay lỡ unisex ClownZ Let’s Get Wet T-shirt form rộng',3,NULL),(7,NULL,NULL,NULL,NULL,'Unknow',NULL,'Áo thun tay lỡ unisex ClownZ King of School T-shirt form rộng, chất cotton',3,NULL),(8,NULL,NULL,NULL,NULL,'Unknow',NULL,'Áo thun tay lỡ unisex ClownZ Karma form rộng',3,NULL),(9,NULL,NULL,NULL,NULL,'Unknow',NULL,'Áo thun tay lỡ unisex ClownZ Signature Checkerboard T-shirt kẻ sọc',3,NULL),(10,NULL,NULL,NULL,NULL,'Unknow',NULL,'Áo thun tay lỡ unisex ClownZ Space form rộng',3,NULL),(11,NULL,NULL,NULL,NULL,'Unknow',NULL,'Áo thun tay lỡ unisex ClownZ Wildlife T-Shirt form rộng',3,NULL),(12,NULL,NULL,NULL,NULL,'Unknow',NULL,'Áo thun tay lỡ unisex ClownZ.co Racing Team form rộng',3,NULL),(13,NULL,NULL,NULL,NULL,'Unknow',NULL,'DICO UNIVERSITY POLO - CREAM',3,NULL),(14,NULL,NULL,NULL,NULL,'Unknow',NULL,'2023 MONARCH BUTTERFLY T-SHIRT',3,NULL),(15,NULL,NULL,NULL,NULL,'Unknow',NULL,'CHONKY KITTENS T-SHIRT - WHITE',3,NULL),(16,NULL,NULL,NULL,NULL,'Unknow',NULL,'UNIVERSITY LOGO POLO',3,NULL),(17,NULL,NULL,NULL,NULL,'Unknow',NULL,'DICO XRAY T-SHIRT - BLACK',3,NULL),(18,NULL,NULL,NULL,NULL,'Unknow',NULL,'DICO LIQUID T-SHIRT',3,NULL),(19,NULL,NULL,NULL,NULL,'Unknow',NULL,'GOTHIC LOGO CIRCLE WARP T-SHIRT',3,NULL),(20,NULL,NULL,NULL,NULL,'Unknow',NULL,'FUKYBA ACTIVE T-SHIRT - CREAM',3,NULL),(21,NULL,NULL,NULL,NULL,'Unknow',NULL,'DC x OPF:R Shanks T-shirt - Cream',3,NULL),(22,NULL,NULL,NULL,NULL,'Unknow',NULL,'DC x OPF:R Zoro T-shirt - Black',3,NULL),(23,NULL,NULL,NULL,NULL,'Unknow',NULL,'Dico Boy Skateboarding T-shirt - Black',3,NULL),(24,NULL,NULL,NULL,NULL,'Unknow',NULL,'DICO COMFY LOGO T-SHIRT',3,NULL),(25,NULL,NULL,NULL,NULL,'Unknow',NULL,'TWISTED LOGO T-SHIRT',3,NULL),(26,NULL,NULL,NULL,NULL,'Unknow',NULL,'CLOWNZ ACADEMY T-SHIRT',3,NULL),(27,NULL,NULL,NULL,NULL,'Unknow',NULL,'BASIC FOR LIFE V2 T-SHIRT',3,NULL),(28,NULL,NULL,NULL,NULL,'Unknow',NULL,'BASIC FOR LIFE T-SHIRT',3,NULL),(29,NULL,NULL,NULL,NULL,'Unknow',NULL,'CLOWNZ SKULL T-SHIRT',3,NULL),(30,NULL,NULL,NULL,NULL,'Unknow',NULL,'CLOWNZ LEOPARD BIG LOGO T-SHIRT',3,NULL),(31,NULL,NULL,NULL,NULL,'Unknow',NULL,'C LETTER T-SHIRT',3,NULL),(32,NULL,NULL,NULL,NULL,'Unknow',NULL,'SKELETAL LOGO T-SHIRT',3,NULL),(33,NULL,NULL,NULL,NULL,'Unknow',NULL,'CLOWNZ GOOD VIBE T-SHIRT',3,NULL),(34,NULL,NULL,NULL,NULL,'Unknow',NULL,'Z-BOT APOCALYPSE T-SHIRT',3,NULL),(35,NULL,NULL,NULL,NULL,'Unknow',NULL,'Z-BOT ICON T-SHIRT',3,NULL),(36,NULL,NULL,NULL,NULL,'Unknow',NULL,'BIG KARMA T-SHIRT',3,NULL),(37,NULL,NULL,NULL,NULL,'Unknow',NULL,'DIAMOND Z-BOT T-SHIRT',3,NULL),(38,NULL,NULL,NULL,NULL,'Unknow','Galvin Church','Tech Support',6,NULL),(39,NULL,NULL,NULL,NULL,'Unknow','Erich Frank','Research and Development',9,NULL),(40,NULL,NULL,NULL,NULL,'Unknow','Reese Perry','Sales and Marketing',5,NULL),(41,NULL,NULL,NULL,NULL,'Unknow','Donna Rogers','Media Relations',7,NULL),(42,NULL,NULL,NULL,NULL,'Unknow','Merrill Tate','Asset Management',6,NULL),(43,NULL,NULL,NULL,NULL,'Unknow','Samson Barker','Customer Relations',6,NULL),(44,NULL,NULL,NULL,NULL,'Unknow','Steven Benson','Sales and Marketing',9,NULL),(45,NULL,NULL,NULL,NULL,'Unknow','Barry Blankenship','Customer Service',5,NULL),(46,NULL,NULL,NULL,NULL,'Unknow','Paloma Page','Media Relations',5,NULL),(47,NULL,NULL,NULL,NULL,'Unknow','Cadman Dixon','Customer Service',7,NULL),(48,NULL,NULL,NULL,NULL,'Unknow','Amy Davis','Customer Relations',8,NULL),(49,NULL,NULL,NULL,NULL,'Unknow','Salvador Lucas','Advertising',8,NULL),(50,NULL,NULL,NULL,NULL,'Unknow','Brody Hardy','Quality Assurance',6,NULL),(51,NULL,NULL,NULL,NULL,'Unknow','Sonia Petersen','Payroll',6,NULL),(52,NULL,NULL,NULL,NULL,'Unknow','Timothy Daniel','Legal Department',8,NULL),(53,NULL,NULL,NULL,NULL,'Unknow','Alea Erickson','Media Relations',8,NULL),(54,NULL,NULL,NULL,NULL,'Unknow','Donovan Hopper','Legal Department',5,NULL),(55,NULL,NULL,NULL,NULL,'Unknow','Tate Pickett','Research and Development',7,NULL),(56,NULL,NULL,NULL,NULL,'Unknow','Chastity Chan','Legal Department',7,NULL),(57,NULL,NULL,NULL,NULL,'Unknow','Quinlan Hebert','Customer Relations',5,NULL),(58,NULL,NULL,NULL,NULL,'Unknow','Wynter Graham','Quality Assurance',9,NULL),(59,NULL,NULL,NULL,NULL,'Unknow','Colt Kerr','Customer Relations',6,NULL),(60,NULL,NULL,NULL,NULL,'Unknow','Kasimir Wallace','Customer Relations',6,NULL),(61,NULL,NULL,NULL,NULL,'Unknow','Steven Mcdaniel','Human Resources',9,NULL),(62,NULL,NULL,NULL,NULL,'Unknow','Cleo Delgado','Advertising',5,NULL),(63,NULL,NULL,NULL,NULL,'Unknow','Zephania Farley','Payroll',8,NULL),(64,NULL,NULL,NULL,NULL,'Unknow','Shana Price','Customer Service',4,NULL),(65,NULL,NULL,NULL,NULL,'Unknow','Karleigh Forbes','Quality Assurance',9,NULL),(66,NULL,NULL,NULL,NULL,'Unknow','Zeph Cherry','Research and Development',9,NULL),(67,NULL,NULL,NULL,NULL,'Unknow','Herman Harris','Tech Support',5,NULL),(68,NULL,NULL,NULL,NULL,'Unknow','Oleg Bernard','Advertising',5,NULL),(69,NULL,NULL,NULL,NULL,'Unknow','Darrel Turner','Asset Management',9,NULL),(70,NULL,NULL,NULL,NULL,'Unknow','Quynn Bridges','Human Resources',10,NULL),(71,NULL,NULL,NULL,NULL,'Unknow','Raja Sanders','Advertising',5,NULL),(72,NULL,NULL,NULL,NULL,'Unknow','Amity Boyer','Public Relations',8,NULL),(73,NULL,NULL,NULL,NULL,'Unknow','Stewart Blackwell','Research and Development',6,NULL),(74,NULL,NULL,NULL,NULL,'Unknow','Fleur Randolph','Asset Management',7,NULL),(75,NULL,NULL,NULL,NULL,'Unknow','Igor Ross','Customer Service',5,NULL),(76,NULL,NULL,NULL,NULL,'Unknow','Daphne Patrick','Human Resources',10,NULL),(77,NULL,NULL,NULL,NULL,'Unknow','Joan Rivas','Accounting',5,NULL),(78,NULL,NULL,NULL,NULL,'Unknow','Kasper Acosta','Sales and Marketing',6,NULL),(79,NULL,NULL,NULL,NULL,'Unknow','Felix Fuller','Customer Relations',5,NULL),(80,NULL,NULL,NULL,NULL,'Unknow','Lucian Morin','Media Relations',9,NULL),(81,NULL,NULL,NULL,NULL,'Unknow','Oleg Martin','Human Resources',9,NULL),(82,NULL,NULL,NULL,NULL,'Unknow','Hoyt Meyers','Customer Relations',6,NULL),(83,NULL,NULL,NULL,NULL,'Unknow','Cathleen Vasquez','Public Relations',8,NULL),(84,NULL,NULL,NULL,NULL,'Unknow','Bert Humphrey','Legal Department',6,NULL),(85,NULL,NULL,NULL,NULL,'Unknow','Rebekah Stark','Legal Department',4,NULL),(86,NULL,NULL,NULL,NULL,'Unknow','Sasha Walters','Accounting',8,NULL),(87,NULL,NULL,NULL,NULL,'Unknow','Avram Malone','Human Resources',5,NULL),(88,NULL,NULL,NULL,NULL,'Unknow','Wynne Donaldson','Asset Management',10,NULL),(89,NULL,NULL,NULL,NULL,'Unknow','Hanna Joyner','Customer Service',4,NULL),(90,NULL,NULL,NULL,NULL,'Unknow','Tallulah Weeks','Finances',6,NULL),(91,NULL,NULL,NULL,NULL,'Unknow','Donovan Carr','Payroll',4,NULL),(92,NULL,NULL,NULL,NULL,'Unknow','Rose Sweeney','Human Resources',5,NULL),(93,NULL,NULL,NULL,NULL,'Unknow','Raja Nguyen','Legal Department',8,NULL),(94,NULL,NULL,NULL,NULL,'Unknow','Rose Evans','Media Relations',8,NULL),(95,NULL,NULL,NULL,NULL,'Unknow','Jason Mckenzie','Asset Management',8,NULL),(96,NULL,NULL,NULL,NULL,'Unknow','Amelia Adams','Sales and Marketing',9,NULL),(97,NULL,NULL,NULL,NULL,'Unknow','Desirae Pittman','Tech Support',9,NULL),(98,NULL,NULL,NULL,NULL,'Unknow','Calista Todd','Tech Support',5,NULL),(99,NULL,NULL,NULL,NULL,'Unknow','Marsden Duncan','Human Resources',6,NULL),(100,NULL,NULL,NULL,NULL,'Unknow','Camille Mccall','Quality Assurance',5,NULL),(101,NULL,NULL,NULL,NULL,'Unknow','Ila Atkins','Accounting',4,NULL),(102,NULL,NULL,NULL,NULL,'Unknow','Deacon Robles','Tech Support',6,NULL),(103,NULL,NULL,NULL,NULL,'Unknow','Patience Jacobs','Advertising',7,NULL),(104,NULL,NULL,NULL,NULL,'Unknow','Hamish Norman','Finances',8,NULL),(105,NULL,NULL,NULL,NULL,'Unknow','Sebastian Chen','Advertising',9,NULL),(106,NULL,NULL,NULL,NULL,'Unknow','Jaden Jennings','Payroll',5,NULL),(107,NULL,NULL,NULL,NULL,'Unknow','Ashton Hester','Payroll',9,NULL),(108,NULL,NULL,NULL,NULL,'Unknow','Ingrid Bray','Asset Management',6,NULL),(109,NULL,NULL,NULL,NULL,'Unknow','Vaughan Mejia','Finances',10,NULL),(110,NULL,NULL,NULL,NULL,'Unknow','Shaeleigh White','Public Relations',4,NULL),(111,NULL,NULL,NULL,NULL,'Unknow','Luke Blair','Payroll',5,NULL),(112,NULL,NULL,NULL,NULL,'Unknow','Lacota Sims','Public Relations',8,NULL),(113,NULL,NULL,NULL,NULL,'Unknow','Burton Benson','Advertising',6,NULL),(114,NULL,NULL,NULL,NULL,'Unknow','Odessa Solis','Quality Assurance',4,NULL),(115,NULL,NULL,NULL,NULL,'Unknow','Quamar Graham','Asset Management',8,NULL),(116,NULL,NULL,NULL,NULL,'Unknow','Rigel Burch','Tech Support',5,NULL),(117,NULL,NULL,NULL,NULL,'Unknow','Neve Gay','Research and Development',10,NULL),(118,NULL,NULL,NULL,NULL,'Unknow','Edan Gardner','Tech Support',5,NULL),(119,NULL,NULL,NULL,NULL,'Unknow','Ignacia Fuentes','Asset Management',5,NULL),(120,NULL,NULL,NULL,NULL,'Unknow','Forrest Ray','Finances',8,NULL),(121,NULL,NULL,NULL,NULL,'Unknow','Melinda Shepard','Finances',9,NULL),(122,NULL,NULL,NULL,NULL,'Unknow','Garrison Campos','Customer Service',5,NULL),(123,NULL,NULL,NULL,NULL,'Unknow','Ariana Bowers','Tech Support',6,NULL),(124,NULL,NULL,NULL,NULL,'Unknow','Maite Snow','Quality Assurance',5,NULL),(125,NULL,NULL,NULL,NULL,'Unknow','Stone Cardenas','Legal Department',6,NULL),(126,NULL,NULL,NULL,NULL,'Unknow','Summer Carney','Public Relations',7,NULL),(127,NULL,NULL,NULL,NULL,'Unknow','Holmes Stein','Customer Service',7,NULL),(128,NULL,NULL,NULL,NULL,'Unknow','Chelsea Avery','Finances',9,NULL),(129,NULL,NULL,NULL,NULL,'Unknow','Quon Day','Finances',8,NULL),(130,NULL,NULL,NULL,NULL,'Unknow','Neil Ayers','Legal Department',9,NULL),(131,NULL,NULL,NULL,NULL,'Unknow','Leonard Rich','Tech Support',8,NULL),(132,NULL,NULL,NULL,NULL,'Unknow','Kellie Park','Asset Management',10,NULL),(133,NULL,NULL,NULL,NULL,'Unknow','Cruz Gates','Legal Department',5,NULL),(134,NULL,NULL,NULL,NULL,'Unknow','Melinda Luna','Customer Service',5,NULL),(135,NULL,NULL,NULL,NULL,'Unknow','Winter Wiggins','Customer Service',7,NULL),(136,NULL,NULL,NULL,NULL,'Unknow','Katelyn Mcconnell','Tech Support',5,NULL),(137,NULL,NULL,NULL,NULL,'Unknow','Nayda Ross','Public Relations',9,NULL),(138,NULL,NULL,NULL,NULL,'Unknow','Joshua Mclean','Sales and Marketing',5,NULL),(139,NULL,NULL,NULL,NULL,'Unknow','Madeline Williamson','Public Relations',10,NULL),(140,NULL,NULL,NULL,NULL,'Unknow','Rinah Hardin','Accounting',9,NULL),(141,NULL,NULL,NULL,NULL,'Unknow','Quentin Shaffer','Asset Management',9,NULL),(142,NULL,NULL,NULL,NULL,'Unknow','Zephr Barnett','Advertising',6,NULL),(143,NULL,NULL,NULL,NULL,'Unknow','Pascale Washington','Customer Relations',6,NULL),(144,NULL,NULL,NULL,NULL,'Unknow','Lyle Riddle','Payroll',9,NULL),(145,NULL,NULL,NULL,NULL,'Unknow','Cynthia Barnett','Asset Management',9,NULL),(146,NULL,NULL,NULL,NULL,'Unknow','Denise Conrad','Customer Relations',7,NULL),(147,NULL,NULL,NULL,NULL,'Unknow','Ingrid Sweet','Payroll',5,NULL),(148,NULL,NULL,NULL,NULL,'Unknow','Zachary Noel','Finances',10,NULL),(149,NULL,NULL,NULL,NULL,'Unknow','Alfonso Leach','Finances',5,NULL),(150,NULL,NULL,NULL,NULL,'Unknow','Sarah Padilla','Research and Development',10,NULL),(151,NULL,NULL,NULL,NULL,'Unknow','Yuli Ingram','Advertising',9,NULL),(152,NULL,NULL,NULL,NULL,'Unknow','Claudia Nieves','Human Resources',10,NULL),(153,NULL,NULL,NULL,NULL,'Unknow','Jordan Hart','Human Resources',7,NULL),(154,NULL,NULL,NULL,NULL,'Unknow','Unity Albert','Sales and Marketing',7,NULL),(155,NULL,NULL,NULL,NULL,'Unknow','Luke Spears','Legal Department',7,NULL),(156,NULL,NULL,NULL,NULL,'Unknow','Lillith Wolfe','Customer Service',9,NULL),(157,NULL,NULL,NULL,NULL,'Unknow','David Ortiz','Human Resources',6,NULL),(158,NULL,NULL,NULL,NULL,'Unknow','Jin Gentry','Accounting',10,NULL),(159,NULL,NULL,NULL,NULL,'Unknow','Garrison Kirkland','Tech Support',5,NULL),(160,NULL,NULL,NULL,NULL,'Unknow','Holmes Abbott','Payroll',6,NULL),(161,NULL,NULL,NULL,NULL,'Unknow','Anne Craig','Accounting',9,NULL),(162,NULL,NULL,NULL,NULL,'Unknow','Iola Cline','Customer Relations',4,NULL),(163,NULL,NULL,NULL,NULL,'Unknow','Madonna Peters','Research and Development',4,NULL),(164,NULL,NULL,NULL,NULL,'Unknow','Nomlanga Guy','Advertising',7,NULL),(165,NULL,NULL,NULL,NULL,'Unknow','Lars Briggs','Asset Management',9,NULL),(166,NULL,NULL,NULL,NULL,'Unknow','Karly Ewing','Advertising',6,NULL),(167,NULL,NULL,NULL,NULL,'Unknow','Cole Cline','Finances',6,NULL),(168,NULL,NULL,NULL,NULL,'Unknow','Ashton Clemons','Asset Management',7,NULL),(169,NULL,NULL,NULL,NULL,'Unknow','Martena Sherman','Public Relations',10,NULL),(170,NULL,NULL,NULL,NULL,'Unknow','Meredith Parrish','Customer Service',4,NULL),(171,NULL,NULL,NULL,NULL,'Unknow','Russell Lewis','Accounting',4,NULL),(172,NULL,NULL,NULL,NULL,'Unknow','Tobias Riddle','Finances',7,NULL),(173,NULL,NULL,NULL,NULL,'Unknow','Abigail Doyle','Legal Department',6,NULL),(174,NULL,NULL,NULL,NULL,'Unknow','Prescott Farmer','Customer Service',5,NULL),(175,NULL,NULL,NULL,NULL,'Unknow','Joshua Hewitt','Public Relations',5,NULL),(176,NULL,NULL,NULL,NULL,'Unknow','Chester Olson','Public Relations',10,NULL),(177,NULL,NULL,NULL,NULL,'Unknow','Shaine Holcomb','Quality Assurance',8,NULL),(178,NULL,NULL,NULL,NULL,'Unknow','Hilda Lawson','Sales and Marketing',7,NULL),(179,NULL,NULL,NULL,NULL,'Unknow','Cassady Shepherd','Finances',5,NULL),(180,NULL,NULL,NULL,NULL,'Unknow','Amity Holcomb','Public Relations',7,NULL),(181,NULL,NULL,NULL,NULL,'Unknow','Oliver Kelly','Quality Assurance',7,NULL),(182,NULL,NULL,NULL,NULL,'Unknow','Boris Berger','Media Relations',6,NULL),(183,NULL,NULL,NULL,NULL,'Unknow','Kim Mckinney','Media Relations',9,NULL),(184,NULL,NULL,NULL,NULL,'Unknow','David Key','Research and Development',5,NULL),(185,NULL,NULL,NULL,NULL,'Unknow','Mary Trujillo','Advertising',8,NULL),(186,NULL,NULL,NULL,NULL,'Unknow','Quamar Navarro','Public Relations',9,NULL),(187,NULL,NULL,NULL,NULL,'Unknow','Blake Kirby','Payroll',7,NULL),(188,NULL,NULL,NULL,NULL,'Unknow','Cairo Sanchez','Accounting',10,NULL),(189,NULL,NULL,NULL,NULL,'Unknow','Helen Simpson','Legal Department',8,NULL),(190,NULL,NULL,NULL,NULL,'Unknow','Medge Vargas','Advertising',4,NULL),(191,NULL,NULL,NULL,NULL,'Unknow','Autumn Fischer','Customer Service',5,NULL),(192,NULL,NULL,NULL,NULL,'Unknow','Slade Nieves','Asset Management',5,NULL),(193,NULL,NULL,NULL,NULL,'Unknow','Brock Talley','Sales and Marketing',4,NULL),(194,NULL,NULL,NULL,NULL,'Unknow','Dean Barnett','Public Relations',5,NULL),(195,NULL,NULL,NULL,NULL,'Unknow','Dante William','Sales and Marketing',8,NULL),(196,NULL,NULL,NULL,NULL,'Unknow','Hilda Combs','Public Relations',10,NULL),(197,NULL,NULL,NULL,NULL,'Unknow','Marsden Bass','Research and Development',7,NULL),(198,NULL,NULL,NULL,NULL,'Unknow','Patience Hamilton','Legal Department',5,NULL),(199,NULL,NULL,NULL,NULL,'Unknow','Elmo Sexton','Customer Relations',8,NULL),(200,NULL,NULL,NULL,NULL,'Unknow','Isaiah Wilder','Accounting',8,NULL),(201,NULL,NULL,NULL,NULL,'Unknow','Adam Robles','Asset Management',9,NULL),(202,NULL,NULL,NULL,NULL,'Unknow','Duncan Shaw','Payroll',8,NULL),(203,NULL,NULL,NULL,NULL,'Unknow','Michelle Buck','Media Relations',7,NULL),(204,NULL,NULL,NULL,NULL,'Unknow','Deacon Morgan','Finances',9,NULL),(205,NULL,NULL,NULL,NULL,'Unknow','Stuart Hubbard','Media Relations',9,NULL),(206,NULL,NULL,NULL,NULL,'Unknow','Vernon Velez','Sales and Marketing',10,NULL),(207,NULL,NULL,NULL,NULL,'Unknow','Glenna Wiley','Public Relations',5,NULL),(208,NULL,NULL,NULL,NULL,'Unknow','Mercedes Barron','Advertising',7,NULL),(209,NULL,NULL,NULL,NULL,'Unknow','Theodore Larsen','Asset Management',9,NULL),(210,NULL,NULL,NULL,NULL,'Unknow','Ingrid Riddle','Advertising',6,NULL),(211,NULL,NULL,NULL,NULL,'Unknow','Rahim Skinner','Tech Support',5,NULL),(212,NULL,NULL,NULL,NULL,'Unknow','Stewart Nichols','Tech Support',7,NULL),(213,NULL,NULL,NULL,NULL,'Unknow','Mason Zimmerman','Public Relations',8,NULL),(214,NULL,NULL,NULL,NULL,'Unknow','Alexis Baird','Customer Relations',8,NULL),(215,NULL,NULL,NULL,NULL,'Unknow','Evan Dorsey','Asset Management',8,NULL),(216,NULL,NULL,NULL,NULL,'Unknow','Ginger Chavez','Finances',9,NULL),(217,NULL,NULL,NULL,NULL,'Unknow','Kasimir Booth','Public Relations',8,NULL),(218,NULL,NULL,NULL,NULL,'Unknow','Aristotle Savage','Quality Assurance',8,NULL),(219,NULL,NULL,NULL,NULL,'Unknow','Stone Morrow','Finances',8,NULL),(220,NULL,NULL,NULL,NULL,'Unknow','Dane Giles','Customer Relations',6,NULL),(221,NULL,NULL,NULL,NULL,'Unknow','Nina Serrano','Quality Assurance',9,NULL),(222,NULL,NULL,NULL,NULL,'Unknow','Brock Sampson','Human Resources',9,NULL),(223,NULL,NULL,NULL,NULL,'Unknow','Leo Welch','Human Resources',8,NULL),(224,NULL,NULL,NULL,NULL,'Unknow','Uriah Leonard','Advertising',9,NULL),(225,NULL,NULL,NULL,NULL,'Unknow','Roth Kirkland','Payroll',8,NULL),(226,NULL,NULL,NULL,NULL,'Unknow','Nichole Moore','Customer Relations',7,NULL),(227,NULL,NULL,NULL,NULL,'Unknow','Vielka Landry','Accounting',9,NULL),(228,NULL,NULL,NULL,NULL,'Unknow','Elmo Frederick','Advertising',8,NULL),(229,NULL,NULL,NULL,NULL,'Unknow','Philip Thompson','Payroll',7,NULL),(230,NULL,NULL,NULL,NULL,'Unknow','Mari Chase','Advertising',9,NULL),(231,NULL,NULL,NULL,NULL,'Unknow','Simone Melendez','Customer Relations',6,NULL),(232,NULL,NULL,NULL,NULL,'Unknow','Lacota Mays','Customer Relations',7,NULL),(233,NULL,NULL,NULL,NULL,'Unknow','Keegan Cruz','Human Resources',6,NULL),(234,NULL,NULL,NULL,NULL,'Unknow','Norman Day','Asset Management',6,NULL),(235,NULL,NULL,NULL,NULL,'Unknow','Tatyana Boyd','Legal Department',6,NULL),(236,NULL,NULL,NULL,NULL,'Unknow','Ria Murphy','Advertising',6,NULL),(237,NULL,NULL,NULL,NULL,'Unknow','Uriel Cohen','Payroll',7,NULL),(238,NULL,NULL,NULL,NULL,'Unknow','Jessica Bird','Advertising',5,NULL),(239,NULL,NULL,NULL,NULL,'Unknow','Rhoda Combs','Customer Relations',7,NULL),(240,NULL,NULL,NULL,NULL,'Unknow','Kato Kidd','Customer Relations',9,NULL),(241,NULL,NULL,NULL,NULL,'Unknow','Hamish Wood','Public Relations',10,NULL),(242,NULL,NULL,NULL,NULL,'Unknow','Wallace Rodriguez','Accounting',5,NULL),(243,NULL,NULL,NULL,NULL,'Unknow','Zeus Foley','Research and Development',9,NULL),(244,NULL,NULL,NULL,NULL,'Unknow','Brady Manning','Media Relations',7,NULL),(245,NULL,NULL,NULL,NULL,'Unknow','Davis Flynn','Quality Assurance',9,NULL),(246,NULL,NULL,NULL,NULL,'Unknow','Imelda Estes','Public Relations',10,NULL),(247,NULL,NULL,NULL,NULL,'Unknow','Zachery Clements','Tech Support',6,NULL),(248,NULL,NULL,NULL,NULL,'Unknow','Hamilton Pollard','Asset Management',5,NULL),(249,NULL,NULL,NULL,NULL,'Unknow','Damon Elliott','Legal Department',8,NULL),(250,NULL,NULL,NULL,NULL,'Unknow','Jesse Madden','Sales and Marketing',9,NULL),(251,NULL,NULL,NULL,NULL,'Unknow','Rhea Fletcher','Legal Department',10,NULL),(252,NULL,NULL,NULL,NULL,'Unknow','Hall Cantu','Quality Assurance',9,NULL),(253,NULL,NULL,NULL,NULL,'Unknow','Adria Ruiz','Media Relations',8,NULL),(254,NULL,NULL,NULL,NULL,'Unknow','Kathleen Nicholson','Finances',7,NULL),(255,NULL,NULL,NULL,NULL,'Unknow','Ina Anthony','Quality Assurance',6,NULL),(256,NULL,NULL,NULL,NULL,'Unknow','Sharon Scott','Sales and Marketing',6,NULL),(257,NULL,NULL,NULL,NULL,'Unknow','Sara Noble','Quality Assurance',5,NULL),(258,NULL,NULL,NULL,NULL,'Unknow','Elton Cross','Public Relations',10,NULL),(259,NULL,NULL,NULL,NULL,'Unknow','Prescott Pierce','Customer Service',10,NULL),(260,NULL,NULL,NULL,NULL,'Unknow','Justina Massey','Legal Department',9,NULL),(261,NULL,NULL,NULL,NULL,'Unknow','Bertha Herrera','Human Resources',10,NULL),(262,NULL,NULL,NULL,NULL,'Unknow','Channing Hurst','Legal Department',8,NULL),(263,NULL,NULL,NULL,NULL,'Unknow','Quentin Sharp','Sales and Marketing',6,NULL),(264,NULL,NULL,NULL,NULL,'Unknow','Quinlan Bentley','Customer Relations',9,NULL),(265,NULL,NULL,NULL,NULL,'Unknow','Mason Boone','Payroll',7,NULL),(266,NULL,NULL,NULL,NULL,'Unknow','Summer Leblanc','Advertising',7,NULL),(267,NULL,NULL,NULL,NULL,'Unknow','Mark Gilliam','Finances',6,NULL),(268,NULL,NULL,NULL,NULL,'Unknow','Silas Marks','Customer Relations',9,NULL),(269,NULL,NULL,NULL,NULL,'Unknow','Wing Harding','Human Resources',10,NULL),(270,NULL,NULL,NULL,NULL,'Unknow','Rowan Lowery','Advertising',4,NULL),(271,NULL,NULL,NULL,NULL,'Unknow','Oscar Bailey','Customer Relations',6,NULL),(272,NULL,NULL,NULL,NULL,'Unknow','Graham Adkins','Sales and Marketing',9,NULL),(273,NULL,NULL,NULL,NULL,'Unknow','Ingrid Prince','Public Relations',6,NULL),(274,NULL,NULL,NULL,NULL,'Unknow','Sigourney Jensen','Quality Assurance',8,NULL),(275,NULL,NULL,NULL,NULL,'Unknow','Hadassah Wood','Advertising',4,NULL),(276,NULL,NULL,NULL,NULL,'Unknow','Sacha Robles','Asset Management',6,NULL),(277,NULL,NULL,NULL,NULL,'Unknow','Jamal Austin','Public Relations',9,NULL),(278,NULL,NULL,NULL,NULL,'Unknow','Aurora Vasquez','Finances',5,NULL),(279,NULL,NULL,NULL,NULL,'Unknow','Quail Hensley','Research and Development',7,NULL),(280,NULL,NULL,NULL,NULL,'Unknow','India Burton','Legal Department',10,NULL),(281,NULL,NULL,NULL,NULL,'Unknow','Yasir Cannon','Asset Management',4,NULL),(282,NULL,NULL,NULL,NULL,'Unknow','Sharon Callahan','Payroll',4,NULL),(283,NULL,NULL,NULL,NULL,'Unknow','Ciaran Shaw','Media Relations',8,NULL),(284,NULL,NULL,NULL,NULL,'Unknow','Sonya Wagner','Human Resources',5,NULL),(285,NULL,NULL,NULL,NULL,'Unknow','Catherine Bright','Sales and Marketing',5,NULL),(286,NULL,NULL,NULL,NULL,'Unknow','Sopoline Richmond','Research and Development',5,NULL),(287,NULL,NULL,NULL,NULL,'Unknow','Morgan Faulkner','Accounting',4,NULL),(288,NULL,NULL,NULL,NULL,'Unknow','Chloe Watts','Research and Development',6,NULL),(289,NULL,NULL,NULL,NULL,'Unknow','Barry Barron','Asset Management',6,NULL),(290,NULL,NULL,NULL,NULL,'Unknow','Latifah Strong','Advertising',5,NULL),(291,NULL,NULL,NULL,NULL,'Unknow','Nicole Conway','Quality Assurance',9,NULL),(292,NULL,NULL,NULL,NULL,'Unknow','Melanie Jenkins','Payroll',5,NULL),(293,NULL,NULL,NULL,NULL,'Unknow','Christen Nelson','Advertising',5,NULL),(294,NULL,NULL,NULL,NULL,'Unknow','Lev Padilla','Public Relations',9,NULL),(295,NULL,NULL,NULL,NULL,'Unknow','Lareina Manning','Customer Service',8,NULL),(296,NULL,NULL,NULL,NULL,'Unknow','Paul Decker','Tech Support',5,NULL),(297,NULL,NULL,NULL,NULL,'Unknow','Lionel French','Human Resources',5,NULL),(298,NULL,NULL,NULL,NULL,'Unknow','Basil O\'Neill','Accounting',5,NULL),(299,NULL,NULL,NULL,NULL,'Unknow','Margaret Briggs','Quality Assurance',6,NULL),(300,NULL,NULL,NULL,NULL,'Unknow','Honorato Smith','Human Resources',7,NULL),(301,NULL,NULL,NULL,NULL,'Unknow','Ava Woodard','Human Resources',7,NULL),(302,NULL,NULL,NULL,NULL,'Unknow','Claudia Curtis','Legal Department',5,NULL),(303,NULL,NULL,NULL,NULL,'Unknow','Claudia Tran','Human Resources',8,NULL),(304,NULL,NULL,NULL,NULL,'Unknow','Zeus Cross','Accounting',10,NULL),(305,NULL,NULL,NULL,NULL,'Unknow','Alana Black','Tech Support',7,NULL),(306,NULL,NULL,NULL,NULL,'Unknow','Kasper Justice','Sales and Marketing',9,NULL),(307,NULL,NULL,NULL,NULL,'Unknow','Gemma Blankenship','Legal Department',6,NULL),(308,NULL,NULL,NULL,NULL,'Unknow','Kermit Bullock','Customer Relations',9,NULL),(309,NULL,NULL,NULL,NULL,'Unknow','Debra Summers','Media Relations',9,NULL),(310,NULL,NULL,NULL,NULL,'Unknow','Lucian Burch','Customer Relations',8,NULL),(311,NULL,NULL,NULL,NULL,'Unknow','Gray Hebert','Customer Relations',5,NULL),(312,NULL,NULL,NULL,NULL,'Unknow','Cade Webb','Legal Department',8,NULL),(313,NULL,NULL,NULL,NULL,'Unknow','Tanisha Cook','Sales and Marketing',7,NULL),(314,NULL,NULL,NULL,NULL,'Unknow','Chase Hardy','Public Relations',7,NULL),(315,NULL,NULL,NULL,NULL,'Unknow','Maisie Poole','Research and Development',7,NULL),(316,NULL,NULL,NULL,NULL,'Unknow','Iliana Sims','Legal Department',7,NULL),(317,NULL,NULL,NULL,NULL,'Unknow','Chiquita Stewart','Finances',7,NULL),(318,NULL,NULL,NULL,NULL,'Unknow','Jacob Wise','Media Relations',5,NULL),(319,NULL,NULL,NULL,NULL,'Unknow','Imogene Clemons','Advertising',5,NULL),(320,NULL,NULL,NULL,NULL,'Unknow','Akeem Velez','Asset Management',6,NULL),(321,NULL,NULL,NULL,NULL,'Unknow','Phelan Mcfarland','Accounting',9,NULL),(322,NULL,NULL,NULL,NULL,'Unknow','Idona Carver','Accounting',9,NULL),(323,NULL,NULL,NULL,NULL,'Unknow','Britanni Goff','Research and Development',5,NULL),(324,NULL,NULL,NULL,NULL,'Unknow','Keith Pitts','Customer Service',5,NULL),(325,NULL,NULL,NULL,NULL,'Unknow','Lewis Cruz','Payroll',9,NULL),(326,NULL,NULL,NULL,NULL,'Unknow','Octavia Wong','Accounting',7,NULL),(327,NULL,NULL,NULL,NULL,'Unknow','Pascale Lamb','Advertising',6,NULL),(328,NULL,NULL,NULL,NULL,'Unknow','Flavia Bruce','Public Relations',4,NULL),(329,NULL,NULL,NULL,NULL,'Unknow','Whoopi Lambert','Research and Development',8,NULL),(330,NULL,NULL,NULL,NULL,'Unknow','Kibo Barnett','Quality Assurance',9,NULL),(331,NULL,NULL,NULL,NULL,'Unknow','Natalie Schultz','Research and Development',9,NULL),(332,NULL,NULL,NULL,NULL,'Unknow','Murphy Solomon','Sales and Marketing',6,NULL),(333,NULL,NULL,NULL,NULL,'Unknow','Steel Rojas','Advertising',5,NULL),(334,NULL,NULL,NULL,NULL,'Unknow','Xander Miranda','Finances',8,NULL),(335,NULL,NULL,NULL,NULL,'Unknow','Castor Mcgee','Payroll',7,NULL),(336,NULL,NULL,NULL,NULL,'Unknow','Quinn Emerson','Customer Relations',8,NULL),(337,NULL,NULL,NULL,NULL,'Unknow','Ian Baldwin','Accounting',7,NULL),(338,NULL,NULL,NULL,NULL,'Unknow','Forrest Browning','Sales and Marketing',6,NULL),(339,NULL,NULL,NULL,NULL,'Unknow','Ross Terrell','Research and Development',10,NULL),(340,NULL,NULL,NULL,NULL,'Unknow','Kalia Hess','Customer Service',6,NULL),(341,NULL,NULL,NULL,NULL,'Unknow','Abbot Rosales','Human Resources',10,NULL),(342,NULL,NULL,NULL,NULL,'Unknow','Gwendolyn Ayers','Media Relations',8,NULL),(343,NULL,NULL,NULL,NULL,'Unknow','Duncan Lynch','Human Resources',10,NULL),(344,NULL,NULL,NULL,NULL,'Unknow','Ryan Spencer','Human Resources',7,NULL),(345,NULL,NULL,NULL,NULL,'Unknow','Rama Wilcox','Research and Development',8,NULL),(346,NULL,NULL,NULL,NULL,'Unknow','Akeem Rollins','Legal Department',8,NULL),(347,NULL,NULL,NULL,NULL,'Unknow','Dean Mitchell','Research and Development',7,NULL),(348,NULL,NULL,NULL,NULL,'Unknow','Ava Simpson','Customer Relations',10,NULL),(349,NULL,NULL,NULL,NULL,'Unknow','Charity Owen','Sales and Marketing',8,NULL),(350,NULL,NULL,NULL,NULL,'Unknow','Wyatt Higgins','Human Resources',6,NULL),(351,NULL,NULL,NULL,NULL,'Unknow','Kibo Coleman','Human Resources',8,NULL),(352,NULL,NULL,NULL,NULL,'Unknow','May Schwartz','Sales and Marketing',5,NULL),(353,NULL,NULL,NULL,NULL,'Unknow','Irene Hayes','Finances',6,NULL),(354,NULL,NULL,NULL,NULL,'Unknow','Craig Shelton','Advertising',10,NULL),(355,NULL,NULL,NULL,NULL,'Unknow','Veronica Duran','Payroll',5,NULL),(356,NULL,NULL,NULL,NULL,'Unknow','Arsenio Hewitt','Research and Development',10,NULL),(357,NULL,NULL,NULL,NULL,'Unknow','Celeste Buckner','Sales and Marketing',6,NULL),(358,NULL,NULL,NULL,NULL,'Unknow','Keith Ray','Accounting',8,NULL),(359,NULL,NULL,NULL,NULL,'Unknow','Leonard Serrano','Customer Service',8,NULL),(360,NULL,NULL,NULL,NULL,'Unknow','Sylvia Cook','Asset Management',8,NULL),(361,NULL,NULL,NULL,NULL,'Unknow','Forrest Bruce','Media Relations',8,NULL),(362,NULL,NULL,NULL,NULL,'Unknow','Noelani Bennett','Customer Service',8,NULL),(363,NULL,NULL,NULL,NULL,'Unknow','Hayfa Duke','Human Resources',6,NULL),(364,NULL,NULL,NULL,NULL,'Unknow','Xenos Scott','Finances',6,NULL),(365,NULL,NULL,NULL,NULL,'Unknow','Martina Scott','Customer Relations',6,NULL),(366,NULL,NULL,NULL,NULL,'Unknow','Brittany Rose','Payroll',7,NULL),(367,NULL,NULL,NULL,NULL,'Unknow','Kyle Little','Finances',6,NULL),(368,NULL,NULL,NULL,NULL,'Unknow','Axel Stafford','Quality Assurance',8,NULL),(369,NULL,NULL,NULL,NULL,'Unknow','Kai Gaines','Finances',4,NULL),(370,NULL,NULL,NULL,NULL,'Unknow','Amethyst Dunlap','Advertising',6,NULL),(371,NULL,NULL,NULL,NULL,'Unknow','Carla Wall','Public Relations',7,NULL),(372,NULL,NULL,NULL,NULL,'Unknow','Barry Chapman','Human Resources',10,NULL),(373,NULL,NULL,NULL,NULL,'Unknow','Steven Peck','Asset Management',8,NULL),(374,NULL,NULL,NULL,NULL,'Unknow','Erin Camacho','Research and Development',6,NULL),(375,NULL,NULL,NULL,NULL,'Unknow','Winifred Norton','Legal Department',5,NULL),(376,NULL,NULL,NULL,NULL,'Unknow','Jamalia Dominguez','Research and Development',6,NULL),(377,NULL,NULL,NULL,NULL,'Unknow','Nero Davis','Customer Service',9,NULL),(378,NULL,NULL,NULL,NULL,'Unknow','Lesley Cherry','Quality Assurance',5,NULL),(379,NULL,NULL,NULL,NULL,'Unknow','Bradley Sargent','Quality Assurance',7,NULL),(380,NULL,NULL,NULL,NULL,'Unknow','Nevada Delaney','Media Relations',7,NULL),(381,NULL,NULL,NULL,NULL,'Unknow','Iona Shaw','Customer Service',8,NULL),(382,NULL,NULL,NULL,NULL,'Unknow','Jane Whitaker','Research and Development',7,NULL),(383,NULL,NULL,NULL,NULL,'Unknow','Hayes Fletcher','Payroll',4,NULL),(384,NULL,NULL,NULL,NULL,'Unknow','Aidan Donaldson','Media Relations',5,NULL),(385,NULL,NULL,NULL,NULL,'Unknow','Zeph Vang','Accounting',4,NULL),(386,NULL,NULL,NULL,NULL,'Unknow','Guinevere Hendrix','Legal Department',4,NULL),(387,NULL,NULL,NULL,NULL,'Unknow','Felicia Key','Quality Assurance',9,NULL),(388,NULL,NULL,NULL,NULL,'Unknow','Michelle Malone','Sales and Marketing',7,NULL),(389,NULL,NULL,NULL,NULL,'Unknow','Hadassah Mckay','Human Resources',10,NULL),(390,NULL,NULL,NULL,NULL,'Unknow','Cora Browning','Accounting',10,NULL),(391,NULL,NULL,NULL,NULL,'Unknow','Steven Rowland','Tech Support',4,NULL),(392,NULL,NULL,NULL,NULL,'Unknow','Vincent Kelley','Asset Management',8,NULL),(393,NULL,NULL,NULL,NULL,'Unknow','Kiara Stein','Human Resources',7,NULL),(394,NULL,NULL,NULL,NULL,'Unknow','Martha Burt','Advertising',5,NULL),(395,NULL,NULL,NULL,NULL,'Unknow','Lacey Noel','Finances',4,NULL),(396,NULL,NULL,NULL,NULL,'Unknow','Sara Lawrence','Tech Support',7,NULL),(397,NULL,NULL,NULL,NULL,'Unknow','August Malone','Finances',7,NULL),(398,NULL,NULL,NULL,NULL,'Unknow','Keith Cline','Accounting',7,NULL),(399,NULL,NULL,NULL,NULL,'Unknow','Raven Herring','Asset Management',5,NULL),(400,NULL,NULL,NULL,NULL,'Unknow','Calvin Peterson','Customer Relations',6,NULL),(401,NULL,NULL,NULL,NULL,'Unknow','Caryn Silva','Quality Assurance',7,NULL),(402,NULL,NULL,NULL,NULL,'Unknow','Hiroko Cohen','Tech Support',8,NULL),(403,NULL,NULL,NULL,NULL,'Unknow','Alvin Melendez','Customer Service',9,NULL),(404,NULL,NULL,NULL,NULL,'Unknow','Shea Carney','Research and Development',4,NULL),(405,NULL,NULL,NULL,NULL,'Unknow','Todd Monroe','Quality Assurance',7,NULL),(406,NULL,NULL,NULL,NULL,'Unknow','Keegan Hayden','Tech Support',4,NULL),(407,NULL,NULL,NULL,NULL,'Unknow','Wilma Becker','Payroll',9,NULL),(408,NULL,NULL,NULL,NULL,'Unknow','Jael Mathis','Payroll',4,NULL),(409,NULL,NULL,NULL,NULL,'Unknow','Graham Cook','Customer Relations',5,NULL),(410,NULL,NULL,NULL,NULL,'Unknow','Colby Nixon','Finances',5,NULL),(411,NULL,NULL,NULL,NULL,'Unknow','Camden Warren','Accounting',7,NULL),(412,NULL,NULL,NULL,NULL,'Unknow','Dylan Hartman','Legal Department',6,NULL),(413,NULL,NULL,NULL,NULL,'Unknow','Trevor Riddle','Customer Relations',8,NULL),(414,NULL,NULL,NULL,NULL,'Unknow','Cleo Norman','Legal Department',8,NULL),(415,NULL,NULL,NULL,NULL,'Unknow','Erich Mercado','Human Resources',10,NULL),(416,NULL,NULL,NULL,NULL,'Unknow','Gemma Sharp','Payroll',4,NULL),(417,NULL,NULL,NULL,NULL,'Unknow','Nomlanga Lyons','Public Relations',9,NULL),(418,NULL,NULL,NULL,NULL,'Unknow','Honorato Humphrey','Accounting',4,NULL),(419,NULL,NULL,NULL,NULL,'Unknow','Piper Melendez','Quality Assurance',6,NULL),(420,NULL,NULL,NULL,NULL,'Unknow','Helen Madden','Sales and Marketing',9,NULL),(421,NULL,NULL,NULL,NULL,'Unknow','Scott Avila','Sales and Marketing',9,NULL),(422,NULL,NULL,NULL,NULL,'Unknow','Maya Padilla','Accounting',4,NULL),(423,NULL,NULL,NULL,NULL,'Unknow','Steel Sampson','Payroll',5,NULL),(424,NULL,NULL,NULL,NULL,'Unknow','Alice Cameron','Customer Service',6,NULL),(425,NULL,NULL,NULL,NULL,'Unknow','Lane Cantrell','Legal Department',4,NULL),(426,NULL,NULL,NULL,NULL,'Unknow','Candace Houston','Payroll',8,NULL),(427,NULL,NULL,NULL,NULL,'Unknow','Cynthia Barrera','Customer Service',6,NULL),(428,NULL,NULL,NULL,NULL,'Unknow','Clio Wooten','Payroll',9,NULL),(429,NULL,NULL,NULL,NULL,'Unknow','Dahlia Best','Sales and Marketing',4,NULL),(430,NULL,NULL,NULL,NULL,'Unknow','Tad Lott','Asset Management',4,NULL),(431,NULL,NULL,NULL,NULL,'Unknow','Britanni Oliver','Legal Department',8,NULL),(432,NULL,NULL,NULL,NULL,'Unknow','Avram Dunlap','Customer Service',10,NULL),(433,NULL,NULL,NULL,NULL,'Unknow','Quinn Lawrence','Research and Development',8,NULL),(434,NULL,NULL,NULL,NULL,'Unknow','Ferdinand Jarvis','Legal Department',6,NULL),(435,NULL,NULL,NULL,NULL,'Unknow','Jakeem Fernandez','Sales and Marketing',10,NULL),(436,NULL,NULL,NULL,NULL,'Unknow','Nolan Lindsay','Quality Assurance',10,NULL),(437,NULL,NULL,NULL,NULL,'Unknow','Gretchen Cross','Advertising',9,NULL),(438,NULL,NULL,NULL,NULL,'Unknow','Daryl Davis','Advertising',8,NULL),(439,NULL,NULL,NULL,NULL,'Unknow','Garrison Fox','Research and Development',6,NULL),(440,NULL,NULL,NULL,NULL,'Unknow','Willa Avery','Legal Department',10,NULL),(441,NULL,NULL,NULL,NULL,'Unknow','Aidan Allen','Public Relations',9,NULL),(442,NULL,NULL,NULL,NULL,'Unknow','Christine Fitzgerald','Accounting',8,NULL),(443,NULL,NULL,NULL,NULL,'Unknow','Nigel Price','Media Relations',7,NULL),(444,NULL,NULL,NULL,NULL,'Unknow','Carter Soto','Tech Support',7,NULL),(445,NULL,NULL,NULL,NULL,'Unknow','Lydia Burris','Finances',7,NULL),(446,NULL,NULL,NULL,NULL,'Unknow','Buffy Ferrell','Legal Department',6,NULL),(447,NULL,NULL,NULL,NULL,'Unknow','Christopher Velasquez','Legal Department',7,NULL),(448,NULL,NULL,NULL,NULL,'Unknow','Ursa Clayton','Payroll',4,NULL),(449,NULL,NULL,NULL,NULL,'Unknow','Tasha Serrano','Sales and Marketing',9,NULL),(450,NULL,NULL,NULL,NULL,'Unknow','Cara Bell','Payroll',8,NULL),(451,NULL,NULL,NULL,NULL,'Unknow','Charde Mayo','Asset Management',9,NULL),(452,NULL,NULL,NULL,NULL,'Unknow','Brielle Berry','Quality Assurance',8,NULL),(453,NULL,NULL,NULL,NULL,'Unknow','Mohammad Alston','Quality Assurance',7,NULL),(454,NULL,NULL,NULL,NULL,'Unknow','Arsenio Cline','Legal Department',6,NULL),(455,NULL,NULL,NULL,NULL,'Unknow','Amethyst Taylor','Payroll',6,NULL),(456,NULL,NULL,NULL,NULL,'Unknow','Cyrus Dickerson','Payroll',9,NULL),(457,NULL,NULL,NULL,NULL,'Unknow','Whoopi Noel','Media Relations',6,NULL),(458,NULL,NULL,NULL,NULL,'Unknow','Chase Campos','Accounting',6,NULL),(459,NULL,NULL,NULL,NULL,'Unknow','Pamela Randolph','Advertising',5,NULL),(460,NULL,NULL,NULL,NULL,'Unknow','Laith Decker','Tech Support',6,NULL),(461,NULL,NULL,NULL,NULL,'Unknow','Joan Franks','Tech Support',8,NULL),(462,NULL,NULL,NULL,NULL,'Unknow','Fulton Francis','Asset Management',5,NULL),(463,NULL,NULL,NULL,NULL,'Unknow','Christopher Robles','Legal Department',9,NULL),(464,NULL,NULL,NULL,NULL,'Unknow','Kirk Potter','Tech Support',6,NULL),(465,NULL,NULL,NULL,NULL,'Unknow','Nigel Romero','Asset Management',9,NULL),(466,NULL,NULL,NULL,NULL,'Unknow','Timothy Stuart','Finances',7,NULL),(467,NULL,NULL,NULL,NULL,'Unknow','Harrison Moreno','Sales and Marketing',7,NULL),(468,NULL,NULL,NULL,NULL,'Unknow','Berk Guerra','Payroll',9,NULL),(469,NULL,NULL,NULL,NULL,'Unknow','Kaye Stone','Finances',7,NULL),(470,NULL,NULL,NULL,NULL,'Unknow','Jaime Nixon','Public Relations',6,NULL),(471,NULL,NULL,NULL,NULL,'Unknow','Quinlan Preston','Payroll',5,NULL),(472,NULL,NULL,NULL,NULL,'Unknow','Liberty Simon','Tech Support',9,NULL),(473,NULL,NULL,NULL,NULL,'Unknow','Zephania English','Payroll',6,NULL),(474,NULL,NULL,NULL,NULL,'Unknow','Macey Boyle','Accounting',8,NULL),(475,NULL,NULL,NULL,NULL,'Unknow','Kyla Nieves','Legal Department',5,NULL),(476,NULL,NULL,NULL,NULL,'Unknow','Ignatius Ramirez','Customer Relations',8,NULL),(477,NULL,NULL,NULL,NULL,'Unknow','Hilary Butler','Tech Support',8,NULL),(478,NULL,NULL,NULL,NULL,'Unknow','Cameron Bradford','Legal Department',5,NULL),(479,NULL,NULL,NULL,NULL,'Unknow','Zane Buckley','Customer Relations',4,NULL),(480,NULL,NULL,NULL,NULL,'Unknow','Samantha Francis','Finances',4,NULL),(481,NULL,NULL,NULL,NULL,'Unknow','Chancellor Bradford','Asset Management',5,NULL),(482,NULL,NULL,NULL,NULL,'Unknow','Madonna Nicholson','Finances',9,NULL),(483,NULL,NULL,NULL,NULL,'Unknow','Gail Burks','Media Relations',5,NULL),(484,NULL,NULL,NULL,NULL,'Unknow','Madonna Wyatt','Research and Development',6,NULL),(485,NULL,NULL,NULL,NULL,'Unknow','Wing Hobbs','Sales and Marketing',8,NULL),(486,NULL,NULL,NULL,NULL,'Unknow','Inga Dalton','Payroll',8,NULL),(487,NULL,NULL,NULL,NULL,'Unknow','Dennis Walker','Human Resources',6,NULL),(488,NULL,NULL,NULL,NULL,'Unknow','Aurora Olsen','Finances',7,NULL),(489,NULL,NULL,NULL,NULL,'Unknow','Audra Coleman','Asset Management',4,NULL),(490,NULL,NULL,NULL,NULL,'Unknow','Victor Wilson','Payroll',6,NULL),(491,NULL,NULL,NULL,NULL,'Unknow','Lester Becker','Quality Assurance',8,NULL),(492,NULL,NULL,NULL,NULL,'Unknow','Alvin Frederick','Payroll',5,NULL),(493,NULL,NULL,NULL,NULL,'Unknow','Serina Maxwell','Finances',5,NULL),(494,NULL,NULL,NULL,NULL,'Unknow','Anne Mccray','Media Relations',6,NULL),(495,NULL,NULL,NULL,NULL,'Unknow','Gabriel Mccormick','Media Relations',8,NULL),(496,NULL,NULL,NULL,NULL,'Unknow','Harper Hopkins','Quality Assurance',9,NULL),(497,NULL,NULL,NULL,NULL,'Unknow','Odette Potts','Payroll',6,NULL),(498,NULL,NULL,NULL,NULL,'Unknow','Libby Mack','Sales and Marketing',4,NULL),(499,NULL,NULL,NULL,NULL,'Unknow','Isabella Wallace','Public Relations',6,NULL),(500,NULL,NULL,NULL,NULL,'Unknow','Leonard Stephens','Public Relations',6,NULL),(501,NULL,NULL,NULL,NULL,'Unknow','Inez Mayer','Quality Assurance',6,NULL),(502,NULL,NULL,NULL,NULL,'Unknow','Joseph Herring','Sales and Marketing',8,NULL),(503,NULL,NULL,NULL,NULL,'Unknow','Deacon Farrell','Sales and Marketing',6,NULL),(504,NULL,NULL,NULL,NULL,'Unknow','Chelsea Barlow','Quality Assurance',7,NULL),(505,NULL,NULL,NULL,NULL,'Unknow','Cedric Maddox','Payroll',9,NULL),(506,NULL,NULL,NULL,NULL,'Unknow','Dexter Valentine','Media Relations',9,NULL),(507,NULL,NULL,NULL,NULL,'Unknow','Maia Aguilar','Customer Relations',7,NULL),(508,NULL,NULL,NULL,NULL,'Unknow','Camilla Fuentes','Advertising',10,NULL),(509,NULL,NULL,NULL,NULL,'Unknow','Nero Meyer','Quality Assurance',9,NULL),(510,NULL,NULL,NULL,NULL,'Unknow','Jordan Lewis','Human Resources',8,NULL),(511,NULL,NULL,NULL,NULL,'Unknow','Ronan James','Media Relations',9,NULL),(512,NULL,NULL,NULL,NULL,'Unknow','Coby Rogers','Media Relations',8,NULL),(513,NULL,NULL,NULL,NULL,'Unknow','Adam Phillips','Human Resources',10,NULL),(514,NULL,NULL,NULL,NULL,'Unknow','Leslie Contreras','Legal Department',4,NULL),(515,NULL,NULL,NULL,NULL,'Unknow','Myles Best','Asset Management',8,NULL),(516,NULL,NULL,NULL,NULL,'Unknow','Leilani Knight','Asset Management',6,NULL),(517,NULL,NULL,NULL,NULL,'Unknow','Jaden Ingram','Research and Development',6,NULL),(518,NULL,NULL,NULL,NULL,'Unknow','Leah Larson','Payroll',4,NULL),(519,NULL,NULL,NULL,NULL,'Unknow','Tara Bradford','Customer Relations',5,NULL),(520,NULL,NULL,NULL,NULL,'Unknow','Michael Mayer','Legal Department',8,NULL),(521,NULL,NULL,NULL,NULL,'Unknow','Karina Ratliff','Media Relations',6,NULL),(522,NULL,NULL,NULL,NULL,'Unknow','Amelia Everett','Public Relations',8,NULL),(523,NULL,NULL,NULL,NULL,'Unknow','Eagan Anthony','Customer Service',7,NULL),(524,NULL,NULL,NULL,NULL,'Unknow','Dylan Skinner','Media Relations',9,NULL),(525,NULL,NULL,NULL,NULL,'Unknow','Nola Mcclure','Human Resources',6,NULL),(526,NULL,NULL,NULL,NULL,'Unknow','Bertha Clark','Human Resources',8,NULL),(527,NULL,NULL,NULL,NULL,'Unknow','Cyrus Harrington','Customer Relations',5,NULL),(528,NULL,NULL,NULL,NULL,'Unknow','Hop Baldwin','Legal Department',10,NULL),(529,NULL,NULL,NULL,NULL,'Unknow','Marny Marsh','Legal Department',7,NULL),(530,NULL,NULL,NULL,NULL,'Unknow','Silas Quinn','Human Resources',9,NULL),(531,NULL,NULL,NULL,NULL,'Unknow','Emmanuel Willis','Finances',9,NULL),(532,NULL,NULL,NULL,NULL,'Unknow','Bruno Castillo','Customer Relations',4,NULL),(533,NULL,NULL,NULL,NULL,'Unknow','Demetrius Hatfield','Finances',5,NULL),(534,NULL,NULL,NULL,NULL,'Unknow','Elijah Mcclain','Advertising',5,NULL),(535,NULL,NULL,NULL,NULL,'Unknow','Vance Bond','Accounting',9,NULL),(536,NULL,NULL,NULL,NULL,'Unknow','Carson Mccormick','Accounting',10,NULL),(537,NULL,NULL,NULL,NULL,'Unknow','Aladdin Sloan','Tech Support',7,NULL);
/*!40000 ALTER TABLE `product` ENABLE KEYS */;
UNLOCK TABLES;

--
-- Table structure for table `product_detail`
--

DROP TABLE IF EXISTS `product_detail`;
/*!40101 SET @saved_cs_client     = @@character_set_client */;
/*!50503 SET character_set_client = utf8mb4 */;
CREATE TABLE `product_detail` (
  `id` bigint NOT NULL AUTO_INCREMENT,
  `create_by` varchar(255) DEFAULT NULL,
  `create_date` varchar(255) DEFAULT NULL,
  `modified_by` varchar(255) DEFAULT NULL,
  `modified_date` datetime(6) DEFAULT NULL,
  `images` varchar(1000) DEFAULT NULL,
  `price_input` double NOT NULL,
  `price_default` double NOT NULL,
  `price_sale` double DEFAULT NULL,
  `quantity` int NOT NULL,
  `product_id` bigint NOT NULL,
  PRIMARY KEY (`id`),
  KEY `FKilxoi77ctyin6jn9robktb16c` (`product_id`),
  CONSTRAINT `FKilxoi77ctyin6jn9robktb16c` FOREIGN KEY (`product_id`) REFERENCES `product` (`id`)
) ENGINE=InnoDB AUTO_INCREMENT=538 DEFAULT CHARSET=utf8mb4 COLLATE=utf8mb4_0900_ai_ci;
/*!40101 SET character_set_client = @saved_cs_client */;

--
-- Dumping data for table `product_detail`
--

LOCK TABLES `product_detail` WRITE;
/*!40000 ALTER TABLE `product_detail` DISABLE KEYS */;
INSERT INTO `product_detail` VALUES (1,NULL,NULL,NULL,NULL,'img1.png',0,150000,12000,250,1),(2,NULL,NULL,NULL,NULL,'img2.png',0,150000,12000,250,2),(3,NULL,NULL,NULL,NULL,'img3.png',0,150000,12000,250,3),(4,NULL,NULL,NULL,NULL,'img4.png',0,150000,12000,250,4),(5,NULL,NULL,NULL,NULL,'img5.png',0,150000,12000,250,5),(6,NULL,NULL,NULL,NULL,'img6.png',0,150000,12000,250,6),(7,NULL,NULL,NULL,NULL,'img7.png',0,150000,12000,250,7),(8,NULL,NULL,NULL,NULL,'img8.png',0,150000,12000,250,8),(9,NULL,NULL,NULL,NULL,'img9.png',0,150000,12000,250,9),(10,NULL,NULL,NULL,NULL,'img10.png',0,150000,12000,250,10),(11,NULL,NULL,NULL,NULL,'img11.png',0,150000,12000,250,11),(12,NULL,NULL,NULL,NULL,'img12.png',0,150000,12000,250,12),(13,NULL,NULL,NULL,NULL,'img13.png',0,150000,12000,250,13),(14,NULL,NULL,NULL,NULL,'img14.png',0,150000,12000,250,14),(15,NULL,NULL,NULL,NULL,'img15.png',0,150000,12000,250,15),(16,NULL,NULL,NULL,NULL,'img16.png',0,150000,12000,250,16),(17,NULL,NULL,NULL,NULL,'img17.png',0,150000,12000,250,17),(18,NULL,NULL,NULL,NULL,'img18.png',0,150000,12000,250,18),(19,NULL,NULL,NULL,NULL,'img19.png',0,150000,12000,250,19),(20,NULL,NULL,NULL,NULL,'img20.png',0,150000,12000,250,20),(21,NULL,NULL,NULL,NULL,'img21.png',0,150000,12000,250,21),(22,NULL,NULL,NULL,NULL,'img22.png',0,150000,12000,250,22),(23,NULL,NULL,NULL,NULL,'img23.png',0,150000,12000,250,23),(24,NULL,NULL,NULL,NULL,'img24.png',0,150000,12000,250,24),(25,NULL,NULL,NULL,NULL,'img25.png',0,150000,12000,250,25),(26,NULL,NULL,NULL,NULL,'img26.png',0,150000,12000,250,26),(27,NULL,NULL,NULL,NULL,'img27.png',0,150000,12000,250,27),(28,NULL,NULL,NULL,NULL,'img28.png',0,150000,12000,250,28),(29,NULL,NULL,NULL,NULL,'img29.png',0,150000,12000,250,29),(30,NULL,NULL,NULL,NULL,'img30.png',0,150000,12000,250,30),(31,NULL,NULL,NULL,NULL,'img31.png',0,150000,12000,250,31),(32,NULL,NULL,NULL,NULL,'img32.png',0,150000,12000,250,32),(33,NULL,NULL,NULL,NULL,'img33.png',0,150000,12000,250,33),(34,NULL,NULL,NULL,NULL,'img34.png',0,150000,12000,250,34),(35,NULL,NULL,NULL,NULL,'img35.png',0,150000,12000,250,35),(36,NULL,NULL,NULL,NULL,'img36.png',0,150000,12000,250,36),(37,NULL,NULL,NULL,NULL,'img37.png',0,150000,12000,250,37),(38,NULL,NULL,NULL,NULL,'img-1.png',0,56478.5,61333.37,634,497),(39,NULL,NULL,NULL,NULL,'img-2.png',0,80419.61,34268.48,7094,393),(40,NULL,NULL,NULL,NULL,'img-3.png',0,71113.38,26618.2,743,443),(41,NULL,NULL,NULL,NULL,'img-4.png',0,94611.45,90944.92,2979,521),(42,NULL,NULL,NULL,NULL,'img-5.png',0,50395.77,6549.32,2567,281),(43,NULL,NULL,NULL,NULL,'img-6.png',0,25304.05,40621.08,9593,150),(44,NULL,NULL,NULL,NULL,'img-7.png',0,31232.08,7994.2,8889,264),(45,NULL,NULL,NULL,NULL,'img-8.png',0,72030.86,9840.58,5511,260),(46,NULL,NULL,NULL,NULL,'img-9.png',0,81954,8560,2474,372),(47,NULL,NULL,NULL,NULL,'img-10.png',0,86856.35,88640.28,6719,250),(48,NULL,NULL,NULL,NULL,'img-11.png',0,82387.19,7609.47,5717,57),(49,NULL,NULL,NULL,NULL,'img-12.png',0,99771.92,46524.12,1898,203),(50,NULL,NULL,NULL,NULL,'img-13.png',0,96521.98,46283.08,9049,521),(51,NULL,NULL,NULL,NULL,'img-14.png',0,77061.72,47726.59,3296,367),(52,NULL,NULL,NULL,NULL,'img-15.png',0,98815.6,47942.62,3506,68),(53,NULL,NULL,NULL,NULL,'img-16.png',0,85101.33,83630.21,4153,48),(54,NULL,NULL,NULL,NULL,'img-17.png',0,87893.31,6988.72,4879,333),(55,NULL,NULL,NULL,NULL,'img-18.png',0,67048.45,26527.54,9023,387),(56,NULL,NULL,NULL,NULL,'img-19.png',0,15201.44,22741.37,4641,515),(57,NULL,NULL,NULL,NULL,'img-20.png',0,81909.76,59199.79,718,225),(58,NULL,NULL,NULL,NULL,'img-21.png',0,69186.4,24318.77,1828,308),(59,NULL,NULL,NULL,NULL,'img-22.png',0,43429,54154.13,6747,534),(60,NULL,NULL,NULL,NULL,'img-23.png',0,8880.33,12123.31,7673,71),(61,NULL,NULL,NULL,NULL,'img-24.png',0,22438.54,19484.73,1623,211),(62,NULL,NULL,NULL,NULL,'img-25.png',0,52687.79,54880.97,8837,56),(63,NULL,NULL,NULL,NULL,'img-26.png',0,76172,68300.4,7859,363),(64,NULL,NULL,NULL,NULL,'img-27.png',0,7601.99,85951.78,7130,166),(65,NULL,NULL,NULL,NULL,'img-28.png',0,11243.24,78816.47,7584,254),(66,NULL,NULL,NULL,NULL,'img-29.png',0,49036.79,26468.26,2603,107),(67,NULL,NULL,NULL,NULL,'img-30.png',0,75063.72,61448.32,6264,123),(68,NULL,NULL,NULL,NULL,'img-31.png',0,82090.99,17908.95,4778,532),(69,NULL,NULL,NULL,NULL,'img-32.png',0,32471.64,74583.5,4011,515),(70,NULL,NULL,NULL,NULL,'img-33.png',0,93146.4,16383.76,4245,500),(71,NULL,NULL,NULL,NULL,'img-34.png',0,96510.65,54073.06,4823,246),(72,NULL,NULL,NULL,NULL,'img-35.png',0,25264.85,54185.64,2950,47),(73,NULL,NULL,NULL,NULL,'img-36.png',0,91085.07,77571.49,5922,183),(74,NULL,NULL,NULL,NULL,'img-37.png',0,13472.42,6047.04,3517,187),(75,NULL,NULL,NULL,NULL,'img-38.png',0,96568.95,73126.39,2035,434),(76,NULL,NULL,NULL,NULL,'img-39.png',0,90855.36,42614.31,7285,500),(77,NULL,NULL,NULL,NULL,'img-40.png',0,92320.06,63441.48,8442,243),(78,NULL,NULL,NULL,NULL,'img-41.png',0,19993.91,59221.56,3530,195),(79,NULL,NULL,NULL,NULL,'img-42.png',0,56920.33,5063.08,4852,142),(80,NULL,NULL,NULL,NULL,'img-43.png',0,86772.2,36723.39,1636,240),(81,NULL,NULL,NULL,NULL,'img-44.png',0,2879.37,4400.46,9198,193),(82,NULL,NULL,NULL,NULL,'img-45.png',0,37651.26,16425.53,6765,514),(83,NULL,NULL,NULL,NULL,'img-46.png',0,47535.98,13892.84,2712,428),(84,NULL,NULL,NULL,NULL,'img-47.png',0,95828.95,55818.16,1822,42),(85,NULL,NULL,NULL,NULL,'img-48.png',0,86794.52,85113.16,821,101),(86,NULL,NULL,NULL,NULL,'img-49.png',0,38089.97,72620.42,4537,407),(87,NULL,NULL,NULL,NULL,'img-50.png',0,8023.43,60774.47,7974,121),(88,NULL,NULL,NULL,NULL,'img-51.png',0,28561.61,62222,3806,64),(89,NULL,NULL,NULL,NULL,'img-52.png',0,39015.4,67915.97,9731,451),(90,NULL,NULL,NULL,NULL,'img-53.png',0,17808.19,89372.26,3759,285),(91,NULL,NULL,NULL,NULL,'img-54.png',0,57062.92,72395.61,734,159),(92,NULL,NULL,NULL,NULL,'img-55.png',0,31161.05,12522.34,4559,431),(93,NULL,NULL,NULL,NULL,'img-56.png',0,89871.7,17474.94,9455,53),(94,NULL,NULL,NULL,NULL,'img-57.png',0,61393.63,71464.69,3743,472),(95,NULL,NULL,NULL,NULL,'img-58.png',0,40292.96,30122.71,1887,176),(96,NULL,NULL,NULL,NULL,'img-59.png',0,83127.71,92029.37,7734,287),(97,NULL,NULL,NULL,NULL,'img-60.png',0,69557.64,19472.61,3557,176),(98,NULL,NULL,NULL,NULL,'img-61.png',0,35745.82,37850.68,8881,476),(99,NULL,NULL,NULL,NULL,'img-62.png',0,50548.16,9127.61,4149,90),(100,NULL,NULL,NULL,NULL,'img-63.png',0,69069.12,1211.08,1384,322),(101,NULL,NULL,NULL,NULL,'img-64.png',0,5397.62,55837.4,436,475),(102,NULL,NULL,NULL,NULL,'img-65.png',0,9353.25,99289.54,4589,217),(103,NULL,NULL,NULL,NULL,'img-66.png',0,84613.99,99103.22,8864,406),(104,NULL,NULL,NULL,NULL,'img-67.png',0,66356.63,69879.9,1082,502),(105,NULL,NULL,NULL,NULL,'img-68.png',0,13270.49,40392.34,1028,343),(106,NULL,NULL,NULL,NULL,'img-69.png',0,24107.85,59570.2,3258,370),(107,NULL,NULL,NULL,NULL,'img-70.png',0,20827.84,74176.33,8621,47),(108,NULL,NULL,NULL,NULL,'img-71.png',0,35747.37,54.74,3756,129),(109,NULL,NULL,NULL,NULL,'img-72.png',0,40294.65,16110.65,1959,337),(110,NULL,NULL,NULL,NULL,'img-73.png',0,87624.98,51299.51,3938,425),(111,NULL,NULL,NULL,NULL,'img-74.png',0,50097.09,2779.04,1435,315),(112,NULL,NULL,NULL,NULL,'img-75.png',0,90779.49,61608.81,4930,239),(113,NULL,NULL,NULL,NULL,'img-76.png',0,11899.15,26411.59,9754,410),(114,NULL,NULL,NULL,NULL,'img-77.png',0,8101.63,39486.29,832,477),(115,NULL,NULL,NULL,NULL,'img-78.png',0,51264.47,35242.05,7095,229),(116,NULL,NULL,NULL,NULL,'img-79.png',0,79953.79,76393.8,8029,95),(117,NULL,NULL,NULL,NULL,'img-80.png',0,52475.81,16846.07,4123,113),(118,NULL,NULL,NULL,NULL,'img-81.png',0,83196.06,4321.7,2380,499),(119,NULL,NULL,NULL,NULL,'img-82.png',0,12366.54,71248.5,1325,525),(120,NULL,NULL,NULL,NULL,'img-83.png',0,16698.73,10335.51,8675,348),(121,NULL,NULL,NULL,NULL,'img-84.png',0,36576.83,79656.35,3412,306),(122,NULL,NULL,NULL,NULL,'img-85.png',0,61611.33,19192.92,4411,214),(123,NULL,NULL,NULL,NULL,'img-86.png',0,15700.51,27368.8,3034,395),(124,NULL,NULL,NULL,NULL,'img-87.png',0,13914.26,85028.56,2896,464),(125,NULL,NULL,NULL,NULL,'img-88.png',0,74379.48,52051.75,1294,224),(126,NULL,NULL,NULL,NULL,'img-89.png',0,55751.89,94381.35,5108,85),(127,NULL,NULL,NULL,NULL,'img-90.png',0,80565,26522.89,7201,297),(128,NULL,NULL,NULL,NULL,'img-91.png',0,77287.09,34980.54,1973,332),(129,NULL,NULL,NULL,NULL,'img-92.png',0,37861.93,8635.61,793,444),(130,NULL,NULL,NULL,NULL,'img-93.png',0,44080.46,49152.34,9941,340),(131,NULL,NULL,NULL,NULL,'img-94.png',0,59501.86,60937.61,4007,243),(132,NULL,NULL,NULL,NULL,'img-95.png',0,62404.9,70564.7,5111,455),(133,NULL,NULL,NULL,NULL,'img-96.png',0,63097.7,56771.18,8946,375),(134,NULL,NULL,NULL,NULL,'img-97.png',0,50961.93,41087.54,4713,79),(135,NULL,NULL,NULL,NULL,'img-98.png',0,82471.25,92354.12,6921,183),(136,NULL,NULL,NULL,NULL,'img-99.png',0,48700.34,54338.1,4819,534),(137,NULL,NULL,NULL,NULL,'img-100.png',0,27516.5,83384.69,5510,259),(138,NULL,NULL,NULL,NULL,'img-101.png',0,54654.99,65897.03,858,468),(139,NULL,NULL,NULL,NULL,'img-102.png',0,53229.58,30689.16,5412,122),(140,NULL,NULL,NULL,NULL,'img-103.png',0,35626.1,48731.64,4422,85),(141,NULL,NULL,NULL,NULL,'img-104.png',0,15309.89,43084.44,3080,416),(142,NULL,NULL,NULL,NULL,'img-105.png',0,23631.72,20398.37,7194,104),(143,NULL,NULL,NULL,NULL,'img-106.png',0,30054.85,59204.75,2665,384),(144,NULL,NULL,NULL,NULL,'img-107.png',0,21208.05,10753.11,3173,238),(145,NULL,NULL,NULL,NULL,'img-108.png',0,71109.32,64320.43,2590,125),(146,NULL,NULL,NULL,NULL,'img-109.png',0,55200.11,90320.1,4706,277),(147,NULL,NULL,NULL,NULL,'img-110.png',0,93523.7,93403.14,6042,302),(148,NULL,NULL,NULL,NULL,'img-111.png',0,19603.89,9503.28,4772,56),(149,NULL,NULL,NULL,NULL,'img-112.png',0,9442.39,30357.52,6292,178),(150,NULL,NULL,NULL,NULL,'img-113.png',0,53832.55,84630.29,2160,423),(151,NULL,NULL,NULL,NULL,'img-114.png',0,74143.39,30251.59,6952,270),(152,NULL,NULL,NULL,NULL,'img-115.png',0,97218.16,36837.92,8452,48),(153,NULL,NULL,NULL,NULL,'img-116.png',0,50740.86,85974.34,9337,81),(154,NULL,NULL,NULL,NULL,'img-117.png',0,63832.69,98922.17,1130,212),(155,NULL,NULL,NULL,NULL,'img-118.png',0,14430.54,53660.67,5469,432),(156,NULL,NULL,NULL,NULL,'img-119.png',0,50085.38,29805.22,7859,294),(157,NULL,NULL,NULL,NULL,'img-120.png',0,30599.33,12473.91,7190,483),(158,NULL,NULL,NULL,NULL,'img-121.png',0,96597.73,42201.76,39,97),(159,NULL,NULL,NULL,NULL,'img-122.png',0,56382.69,77342.38,6459,344),(160,NULL,NULL,NULL,NULL,'img-123.png',0,6482.92,2279.02,74,65),(161,NULL,NULL,NULL,NULL,'img-124.png',0,35580.81,49393.95,892,416),(162,NULL,NULL,NULL,NULL,'img-125.png',0,40037.73,84067.72,8437,216),(163,NULL,NULL,NULL,NULL,'img-126.png',0,63993.96,26531.49,9440,416),(164,NULL,NULL,NULL,NULL,'img-127.png',0,9125.29,10859.99,8273,309),(165,NULL,NULL,NULL,NULL,'img-128.png',0,63515.23,3243.74,1128,200),(166,NULL,NULL,NULL,NULL,'img-129.png',0,62573.12,3540.52,6180,126),(167,NULL,NULL,NULL,NULL,'img-130.png',0,95475.78,79486.78,953,42),(168,NULL,NULL,NULL,NULL,'img-131.png',0,23663.63,84798.51,597,266),(169,NULL,NULL,NULL,NULL,'img-132.png',0,34651.62,88297.46,6254,476),(170,NULL,NULL,NULL,NULL,'img-133.png',0,20667.11,92558.9,9795,429),(171,NULL,NULL,NULL,NULL,'img-134.png',0,38103.52,59617.04,4416,92),(172,NULL,NULL,NULL,NULL,'img-135.png',0,60110.28,86542,6148,346),(173,NULL,NULL,NULL,NULL,'img-136.png',0,54580.02,70828.41,1376,475),(174,NULL,NULL,NULL,NULL,'img-137.png',0,18775.92,40507.91,1687,534),(175,NULL,NULL,NULL,NULL,'img-138.png',0,38702.42,91242.83,9631,235),(176,NULL,NULL,NULL,NULL,'img-139.png',0,92464.8,59744.42,8030,134),(177,NULL,NULL,NULL,NULL,'img-140.png',0,77137.67,20916.23,7700,224),(178,NULL,NULL,NULL,NULL,'img-141.png',0,94834.74,73837.25,997,394),(179,NULL,NULL,NULL,NULL,'img-142.png',0,78025.45,14017.79,4139,507),(180,NULL,NULL,NULL,NULL,'img-143.png',0,61624.22,53217.55,7754,177),(181,NULL,NULL,NULL,NULL,'img-144.png',0,98476.32,41942.96,8780,446),(182,NULL,NULL,NULL,NULL,'img-145.png',0,97831.59,95620.31,5973,526),(183,NULL,NULL,NULL,NULL,'img-146.png',0,72339.76,724.39,4717,113),(184,NULL,NULL,NULL,NULL,'img-147.png',0,68082.15,19446.03,4284,392),(185,NULL,NULL,NULL,NULL,'img-148.png',0,54792.44,58784.12,5448,330),(186,NULL,NULL,NULL,NULL,'img-149.png',0,79745.16,44375.89,1437,279),(187,NULL,NULL,NULL,NULL,'img-150.png',0,8598.62,318.84,8190,86),(188,NULL,NULL,NULL,NULL,'img-151.png',0,50388.66,5364.6,8755,269),(189,NULL,NULL,NULL,NULL,'img-152.png',0,43248.93,86505,5902,462),(190,NULL,NULL,NULL,NULL,'img-153.png',0,27643.66,77629.68,9270,136),(191,NULL,NULL,NULL,NULL,'img-154.png',0,58474.81,18822.14,9387,287),(192,NULL,NULL,NULL,NULL,'img-155.png',0,83768.99,42551.35,5532,53),(193,NULL,NULL,NULL,NULL,'img-156.png',0,33183.03,56573.01,8153,73),(194,NULL,NULL,NULL,NULL,'img-157.png',0,66129.63,13242.84,2683,48),(195,NULL,NULL,NULL,NULL,'img-158.png',0,88674.29,18887.04,8312,519),(196,NULL,NULL,NULL,NULL,'img-159.png',0,74034.74,65979.83,2867,259),(197,NULL,NULL,NULL,NULL,'img-160.png',0,50436.25,54613.67,5154,333),(198,NULL,NULL,NULL,NULL,'img-161.png',0,22849.77,54839.31,7801,367),(199,NULL,NULL,NULL,NULL,'img-162.png',0,41363.59,89733.64,7577,300),(200,NULL,NULL,NULL,NULL,'img-163.png',0,9142.12,65051.55,572,469),(201,NULL,NULL,NULL,NULL,'img-164.png',0,59108.23,81087.1,747,199),(202,NULL,NULL,NULL,NULL,'img-165.png',0,1800.52,15560.45,8557,115),(203,NULL,NULL,NULL,NULL,'img-166.png',0,63136.57,75352.94,3255,121),(204,NULL,NULL,NULL,NULL,'img-167.png',0,52569.16,11835.48,6426,244),(205,NULL,NULL,NULL,NULL,'img-168.png',0,26270.27,97643.48,1559,263),(206,NULL,NULL,NULL,NULL,'img-169.png',0,4167.3,63995.84,5225,357),(207,NULL,NULL,NULL,NULL,'img-170.png',0,49798.58,55651.43,1143,357),(208,NULL,NULL,NULL,NULL,'img-171.png',0,80891.4,76064.93,297,463),(209,NULL,NULL,NULL,NULL,'img-172.png',0,13194.7,67277.21,9698,310),(210,NULL,NULL,NULL,NULL,'img-173.png',0,46893.16,6201.19,9809,389),(211,NULL,NULL,NULL,NULL,'img-174.png',0,86533,97177.45,7257,308),(212,NULL,NULL,NULL,NULL,'img-175.png',0,60952.78,53873.52,6601,409),(213,NULL,NULL,NULL,NULL,'img-176.png',0,58954.45,92639.85,4116,100),(214,NULL,NULL,NULL,NULL,'img-177.png',0,4929,50565.23,8891,482),(215,NULL,NULL,NULL,NULL,'img-178.png',0,17858.26,77978.4,9751,370),(216,NULL,NULL,NULL,NULL,'img-179.png',0,91457.98,9246.77,1850,401),(217,NULL,NULL,NULL,NULL,'img-180.png',0,68392.2,58409.04,2052,67),(218,NULL,NULL,NULL,NULL,'img-181.png',0,23362.12,41100.87,7886,262),(219,NULL,NULL,NULL,NULL,'img-182.png',0,48493.14,16950.24,5114,374),(220,NULL,NULL,NULL,NULL,'img-183.png',0,23454.55,35597.82,677,234),(221,NULL,NULL,NULL,NULL,'img-184.png',0,23899,5526.51,9075,439),(222,NULL,NULL,NULL,NULL,'img-185.png',0,24249.41,5860.68,9512,313),(223,NULL,NULL,NULL,NULL,'img-186.png',0,89755.83,7665.98,4543,245),(224,NULL,NULL,NULL,NULL,'img-187.png',0,77253.89,88333.21,3751,201),(225,NULL,NULL,NULL,NULL,'img-188.png',0,12638.51,96637.27,2601,298),(226,NULL,NULL,NULL,NULL,'img-189.png',0,37200.31,27202.19,4550,449),(227,NULL,NULL,NULL,NULL,'img-190.png',0,75751.14,11614.87,3086,424),(228,NULL,NULL,NULL,NULL,'img-191.png',0,44062.35,67329.04,2471,102),(229,NULL,NULL,NULL,NULL,'img-192.png',0,38492.48,55069.04,1171,443),(230,NULL,NULL,NULL,NULL,'img-193.png',0,92409.6,91069.18,6792,477),(231,NULL,NULL,NULL,NULL,'img-194.png',0,46003.72,35516.37,3417,262),(232,NULL,NULL,NULL,NULL,'img-195.png',0,71539.92,24418.89,726,351),(233,NULL,NULL,NULL,NULL,'img-196.png',0,34514.81,17130.38,7448,112),(234,NULL,NULL,NULL,NULL,'img-197.png',0,7921.31,53604.26,5868,397),(235,NULL,NULL,NULL,NULL,'img-198.png',0,6903.02,38914.29,4100,524),(236,NULL,NULL,NULL,NULL,'img-199.png',0,70517.08,50529.08,2134,448),(237,NULL,NULL,NULL,NULL,'img-200.png',0,17359.25,50175.56,5849,96),(238,NULL,NULL,NULL,NULL,'img-201.png',0,99257.64,91518.85,8614,518),(239,NULL,NULL,NULL,NULL,'img-202.png',0,75565.28,90437.26,6686,389),(240,NULL,NULL,NULL,NULL,'img-203.png',0,71233.63,87873.24,3182,213),(241,NULL,NULL,NULL,NULL,'img-204.png',0,53901.74,10772.63,2968,208),(242,NULL,NULL,NULL,NULL,'img-205.png',0,23290.46,97502.15,5959,237),(243,NULL,NULL,NULL,NULL,'img-206.png',0,88946.72,51291.26,1274,374),(244,NULL,NULL,NULL,NULL,'img-207.png',0,81117.86,35133.14,4188,219),(245,NULL,NULL,NULL,NULL,'img-208.png',0,62910.88,17720.39,9456,533),(246,NULL,NULL,NULL,NULL,'img-209.png',0,38036.69,72710.24,4847,49),(247,NULL,NULL,NULL,NULL,'img-210.png',0,19090.1,36443.71,964,479),(248,NULL,NULL,NULL,NULL,'img-211.png',0,57380.48,88815.85,6633,244),(249,NULL,NULL,NULL,NULL,'img-212.png',0,31985.37,93823.88,7283,72),(250,NULL,NULL,NULL,NULL,'img-213.png',0,92061.42,85724.78,7394,367),(251,NULL,NULL,NULL,NULL,'img-214.png',0,94555.29,90108.26,9150,58),(252,NULL,NULL,NULL,NULL,'img-215.png',0,2405.13,7975.29,1316,172),(253,NULL,NULL,NULL,NULL,'img-216.png',0,97611.14,22359,7331,456),(254,NULL,NULL,NULL,NULL,'img-217.png',0,97767.19,46326.3,553,453),(255,NULL,NULL,NULL,NULL,'img-218.png',0,15061.7,1205.54,2508,377),(256,NULL,NULL,NULL,NULL,'img-219.png',0,74242.9,50898.06,8137,212),(257,NULL,NULL,NULL,NULL,'img-220.png',0,52825.5,64795.44,4368,53),(258,NULL,NULL,NULL,NULL,'img-221.png',0,23054.62,70878.39,6542,45),(259,NULL,NULL,NULL,NULL,'img-222.png',0,12798.3,72036.06,3672,316),(260,NULL,NULL,NULL,NULL,'img-223.png',0,69944.37,15681.94,5586,469),(261,NULL,NULL,NULL,NULL,'img-224.png',0,74741.38,80544.03,7032,229),(262,NULL,NULL,NULL,NULL,'img-225.png',0,64101.14,8940.08,4643,427),(263,NULL,NULL,NULL,NULL,'img-226.png',0,68319.19,67157.36,775,391),(264,NULL,NULL,NULL,NULL,'img-227.png',0,39751.71,5956.43,64,44),(265,NULL,NULL,NULL,NULL,'img-228.png',0,46803.41,20025.25,988,432),(266,NULL,NULL,NULL,NULL,'img-229.png',0,9783.71,80608.41,7835,471),(267,NULL,NULL,NULL,NULL,'img-230.png',0,63249.51,58290.52,9838,145),(268,NULL,NULL,NULL,NULL,'img-231.png',0,46540.57,16796.29,9670,86),(269,NULL,NULL,NULL,NULL,'img-232.png',0,54388.25,77797.43,9537,113),(270,NULL,NULL,NULL,NULL,'img-233.png',0,3787.08,92952.45,1764,324),(271,NULL,NULL,NULL,NULL,'img-234.png',0,24898.13,7513.16,1476,258),(272,NULL,NULL,NULL,NULL,'img-235.png',0,19885.37,36839.88,5531,371),(273,NULL,NULL,NULL,NULL,'img-236.png',0,31012.63,76592.98,8325,496),(274,NULL,NULL,NULL,NULL,'img-237.png',0,56573.02,94434.16,6493,176),(275,NULL,NULL,NULL,NULL,'img-238.png',0,65492.14,71783.86,3287,483),(276,NULL,NULL,NULL,NULL,'img-239.png',0,97540.12,35006.95,8913,333),(277,NULL,NULL,NULL,NULL,'img-240.png',0,362.41,11144.92,276,246),(278,NULL,NULL,NULL,NULL,'img-241.png',0,66285.87,95530.84,9169,355),(279,NULL,NULL,NULL,NULL,'img-242.png',0,6839.84,64201.45,8522,150),(280,NULL,NULL,NULL,NULL,'img-243.png',0,60040.65,76412.15,5157,456),(281,NULL,NULL,NULL,NULL,'img-244.png',0,18581.69,43227.94,5706,465),(282,NULL,NULL,NULL,NULL,'img-245.png',0,16788.72,60701.73,7085,450),(283,NULL,NULL,NULL,NULL,'img-246.png',0,1181.12,35947.14,3990,84),(284,NULL,NULL,NULL,NULL,'img-247.png',0,17303.8,18107.87,5815,512),(285,NULL,NULL,NULL,NULL,'img-248.png',0,50734.16,59613.65,3734,216),(286,NULL,NULL,NULL,NULL,'img-249.png',0,76115.85,70573.58,9295,205),(287,NULL,NULL,NULL,NULL,'img-250.png',0,96597.08,44335.04,3076,329),(288,NULL,NULL,NULL,NULL,'img-251.png',0,99523.79,68678.11,5574,263),(289,NULL,NULL,NULL,NULL,'img-252.png',0,25269.7,81920.44,6908,509),(290,NULL,NULL,NULL,NULL,'img-253.png',0,13074.12,4900.95,5237,245),(291,NULL,NULL,NULL,NULL,'img-254.png',0,3057.27,79912.32,1540,203),(292,NULL,NULL,NULL,NULL,'img-255.png',0,43450.11,2670.35,273,429),(293,NULL,NULL,NULL,NULL,'img-256.png',0,33331.56,20521.68,5908,442),(294,NULL,NULL,NULL,NULL,'img-257.png',0,27436.35,88301.18,2556,298),(295,NULL,NULL,NULL,NULL,'img-258.png',0,94452.88,11336.2,7279,124),(296,NULL,NULL,NULL,NULL,'img-259.png',0,59121.18,44356.54,7736,469),(297,NULL,NULL,NULL,NULL,'img-260.png',0,15594.57,95582.5,8220,495),(298,NULL,NULL,NULL,NULL,'img-261.png',0,86080.85,88015.32,600,379),(299,NULL,NULL,NULL,NULL,'img-262.png',0,12422.29,74325.12,7487,433),(300,NULL,NULL,NULL,NULL,'img-263.png',0,29623.84,12642.24,1605,306),(301,NULL,NULL,NULL,NULL,'img-264.png',0,46055.32,62504.68,7956,312),(302,NULL,NULL,NULL,NULL,'img-265.png',0,42596.31,71472.66,9031,482),(303,NULL,NULL,NULL,NULL,'img-266.png',0,83955.23,83146.3,4970,503),(304,NULL,NULL,NULL,NULL,'img-267.png',0,21714.95,82838.98,5928,361),(305,NULL,NULL,NULL,NULL,'img-268.png',0,90165.13,36452.91,8466,141),(306,NULL,NULL,NULL,NULL,'img-269.png',0,59808.04,49671.41,3884,79),(307,NULL,NULL,NULL,NULL,'img-270.png',0,13336.75,89028.02,2941,304),(308,NULL,NULL,NULL,NULL,'img-271.png',0,84208.22,68793.17,7168,347),(309,NULL,NULL,NULL,NULL,'img-272.png',0,74570.23,62721.74,3474,314),(310,NULL,NULL,NULL,NULL,'img-273.png',0,52666.68,24961.35,5260,201),(311,NULL,NULL,NULL,NULL,'img-274.png',0,71006.86,47109.24,9512,473),(312,NULL,NULL,NULL,NULL,'img-275.png',0,89373.91,27737.03,3981,525),(313,NULL,NULL,NULL,NULL,'img-276.png',0,31180.59,54368.98,3702,281),(314,NULL,NULL,NULL,NULL,'img-277.png',0,81871.23,19933.81,8611,300),(315,NULL,NULL,NULL,NULL,'img-278.png',0,25088.42,22158.76,7518,448),(316,NULL,NULL,NULL,NULL,'img-279.png',0,28662.12,83319.55,3859,474),(317,NULL,NULL,NULL,NULL,'img-280.png',0,60264.16,70343.15,1903,206),(318,NULL,NULL,NULL,NULL,'img-281.png',0,75553.39,70353.81,1312,256),(319,NULL,NULL,NULL,NULL,'img-282.png',0,22437,79288.44,446,295),(320,NULL,NULL,NULL,NULL,'img-283.png',0,22424.3,79336.61,1293,358),(321,NULL,NULL,NULL,NULL,'img-284.png',0,26142.55,12480.35,7389,222),(322,NULL,NULL,NULL,NULL,'img-285.png',0,96260.51,18659.17,1764,95),(323,NULL,NULL,NULL,NULL,'img-286.png',0,31902.24,18604.07,3545,75),(324,NULL,NULL,NULL,NULL,'img-287.png',0,18399.84,30234.51,7366,260),(325,NULL,NULL,NULL,NULL,'img-288.png',0,67277.04,23628.54,94,524),(326,NULL,NULL,NULL,NULL,'img-289.png',0,82208.23,82512.29,7520,39),(327,NULL,NULL,NULL,NULL,'img-290.png',0,32219.69,44016.73,268,217),(328,NULL,NULL,NULL,NULL,'img-291.png',0,79386.75,86826.71,614,260),(329,NULL,NULL,NULL,NULL,'img-292.png',0,23314.63,68252.72,331,192),(330,NULL,NULL,NULL,NULL,'img-293.png',0,7254.09,41967.06,879,285),(331,NULL,NULL,NULL,NULL,'img-294.png',0,4921.21,27641.9,107,491),(332,NULL,NULL,NULL,NULL,'img-295.png',0,91647.37,60166.86,9607,309),(333,NULL,NULL,NULL,NULL,'img-296.png',0,76156.77,43334.67,1984,502),(334,NULL,NULL,NULL,NULL,'img-297.png',0,39325.83,85514.66,2958,184),(335,NULL,NULL,NULL,NULL,'img-298.png',0,84492.65,35490.32,7974,266),(336,NULL,NULL,NULL,NULL,'img-299.png',0,65181.19,51280.88,3616,275),(337,NULL,NULL,NULL,NULL,'img-300.png',0,13872.16,89138.24,8256,416),(338,NULL,NULL,NULL,NULL,'img-301.png',0,93901.23,64238.2,5410,230),(339,NULL,NULL,NULL,NULL,'img-302.png',0,85681.23,26363.24,7619,191),(340,NULL,NULL,NULL,NULL,'img-303.png',0,43066.19,28501.88,5798,214),(341,NULL,NULL,NULL,NULL,'img-304.png',0,90158.2,42418.68,2378,211),(342,NULL,NULL,NULL,NULL,'img-305.png',0,30691.94,62315.9,2573,234),(343,NULL,NULL,NULL,NULL,'img-306.png',0,76560.98,976.98,9630,56),(344,NULL,NULL,NULL,NULL,'img-307.png',0,8547.84,33344.38,7107,253),(345,NULL,NULL,NULL,NULL,'img-308.png',0,84390.43,9232.32,3569,438),(346,NULL,NULL,NULL,NULL,'img-309.png',0,77525.58,7371.03,8024,239),(347,NULL,NULL,NULL,NULL,'img-310.png',0,26887.96,53080.72,1698,491),(348,NULL,NULL,NULL,NULL,'img-311.png',0,64126.46,25453.91,7200,469),(349,NULL,NULL,NULL,NULL,'img-312.png',0,78591.78,64563.15,5897,426),(350,NULL,NULL,NULL,NULL,'img-313.png',0,42302.24,6867.21,5702,468),(351,NULL,NULL,NULL,NULL,'img-314.png',0,30298.65,97150.87,3105,151),(352,NULL,NULL,NULL,NULL,'img-315.png',0,40713.63,49441.7,8877,166),(353,NULL,NULL,NULL,NULL,'img-316.png',0,90872.74,2308.88,5209,191),(354,NULL,NULL,NULL,NULL,'img-317.png',0,29205.67,94784.4,1359,210),(355,NULL,NULL,NULL,NULL,'img-318.png',0,94091,89.79,8907,536),(356,NULL,NULL,NULL,NULL,'img-319.png',0,30305.66,95788.3,3269,279),(357,NULL,NULL,NULL,NULL,'img-320.png',0,46540.96,7375.36,8658,445),(358,NULL,NULL,NULL,NULL,'img-321.png',0,8134.4,62449.78,2322,260),(359,NULL,NULL,NULL,NULL,'img-322.png',0,52585.33,77550.84,26,41),(360,NULL,NULL,NULL,NULL,'img-323.png',0,9893.77,72741.31,9781,142),(361,NULL,NULL,NULL,NULL,'img-324.png',0,42301.3,94759.89,4206,347),(362,NULL,NULL,NULL,NULL,'img-325.png',0,52805.38,6702.44,8379,90),(363,NULL,NULL,NULL,NULL,'img-326.png',0,18953.69,58498.04,4191,284),(364,NULL,NULL,NULL,NULL,'img-327.png',0,93090.59,83645.61,511,507),(365,NULL,NULL,NULL,NULL,'img-328.png',0,53073.25,83683.46,2381,393),(366,NULL,NULL,NULL,NULL,'img-329.png',0,50212.49,74257.24,1822,487),(367,NULL,NULL,NULL,NULL,'img-330.png',0,37285.97,96668.09,7230,161),(368,NULL,NULL,NULL,NULL,'img-331.png',0,8297.49,15547.28,7825,368),(369,NULL,NULL,NULL,NULL,'img-332.png',0,91499.63,45296.59,2880,112),(370,NULL,NULL,NULL,NULL,'img-333.png',0,52361.43,24436.44,8077,475),(371,NULL,NULL,NULL,NULL,'img-334.png',0,47245.86,12168.63,4732,531),(372,NULL,NULL,NULL,NULL,'img-335.png',0,17754.84,97735.29,1531,392),(373,NULL,NULL,NULL,NULL,'img-336.png',0,925.55,24321.71,8240,207),(374,NULL,NULL,NULL,NULL,'img-337.png',0,525.44,30668.8,3283,425),(375,NULL,NULL,NULL,NULL,'img-338.png',0,87760.21,70698.22,3413,407),(376,NULL,NULL,NULL,NULL,'img-339.png',0,55312.91,31098.35,1781,314),(377,NULL,NULL,NULL,NULL,'img-340.png',0,8558.24,85676.31,4070,468),(378,NULL,NULL,NULL,NULL,'img-341.png',0,46091.62,73298.19,576,435),(379,NULL,NULL,NULL,NULL,'img-342.png',0,69601.45,46893.07,9144,436),(380,NULL,NULL,NULL,NULL,'img-343.png',0,25002.07,15418.55,4255,115),(381,NULL,NULL,NULL,NULL,'img-344.png',0,27512.29,75894.03,6753,340),(382,NULL,NULL,NULL,NULL,'img-345.png',0,47991.84,57362.41,3068,71),(383,NULL,NULL,NULL,NULL,'img-346.png',0,57437.92,99736.35,5619,46),(384,NULL,NULL,NULL,NULL,'img-347.png',0,75308.91,98123.59,6783,151),(385,NULL,NULL,NULL,NULL,'img-348.png',0,58017.47,46169.87,2578,253),(386,NULL,NULL,NULL,NULL,'img-349.png',0,68567.43,64369.48,7685,163),(387,NULL,NULL,NULL,NULL,'img-350.png',0,88466.51,41314.57,7549,175),(388,NULL,NULL,NULL,NULL,'img-351.png',0,28207.27,36245.5,7309,346),(389,NULL,NULL,NULL,NULL,'img-352.png',0,97392.04,63930.49,7681,213),(390,NULL,NULL,NULL,NULL,'img-353.png',0,52111.5,74366.47,4259,384),(391,NULL,NULL,NULL,NULL,'img-354.png',0,6256.2,51365.74,5811,157),(392,NULL,NULL,NULL,NULL,'img-355.png',0,20560.83,45624.94,226,240),(393,NULL,NULL,NULL,NULL,'img-356.png',0,92651.9,9377.64,8610,112),(394,NULL,NULL,NULL,NULL,'img-357.png',0,5828.99,90098.62,4681,477),(395,NULL,NULL,NULL,NULL,'img-358.png',0,20562.99,45860.66,1165,232),(396,NULL,NULL,NULL,NULL,'img-359.png',0,73362.95,62825.89,672,419),(397,NULL,NULL,NULL,NULL,'img-360.png',0,75682.83,40132.33,7979,230),(398,NULL,NULL,NULL,NULL,'img-361.png',0,28857.86,24837.07,4776,73),(399,NULL,NULL,NULL,NULL,'img-362.png',0,67025.49,41073.43,7486,89),(400,NULL,NULL,NULL,NULL,'img-363.png',0,31570.67,37425.15,6780,224),(401,NULL,NULL,NULL,NULL,'img-364.png',0,80252.81,17042.08,5367,447),(402,NULL,NULL,NULL,NULL,'img-365.png',0,66838.31,68021.21,4068,46),(403,NULL,NULL,NULL,NULL,'img-366.png',0,71258.08,65042.04,8963,184),(404,NULL,NULL,NULL,NULL,'img-367.png',0,97451.91,73447.92,8841,301),(405,NULL,NULL,NULL,NULL,'img-368.png',0,33902.83,80707.78,4896,447),(406,NULL,NULL,NULL,NULL,'img-369.png',0,9424.97,48699.63,5794,396),(407,NULL,NULL,NULL,NULL,'img-370.png',0,51753.72,79060.91,5417,99),(408,NULL,NULL,NULL,NULL,'img-371.png',0,38942.85,41067.05,2116,529),(409,NULL,NULL,NULL,NULL,'img-372.png',0,53339.76,51004.68,1383,268),(410,NULL,NULL,NULL,NULL,'img-373.png',0,96810.62,58873.91,6376,97),(411,NULL,NULL,NULL,NULL,'img-374.png',0,75697.9,36478.74,2670,124),(412,NULL,NULL,NULL,NULL,'img-375.png',0,22650.39,74739.68,6286,333),(413,NULL,NULL,NULL,NULL,'img-376.png',0,20344.82,40361.33,6904,120),(414,NULL,NULL,NULL,NULL,'img-377.png',0,97950.73,85885.9,3121,479),(415,NULL,NULL,NULL,NULL,'img-378.png',0,41847.79,40857.33,6019,69),(416,NULL,NULL,NULL,NULL,'img-379.png',0,21337.62,12185.23,1183,245),(417,NULL,NULL,NULL,NULL,'img-380.png',0,40905.8,87830.09,2197,415),(418,NULL,NULL,NULL,NULL,'img-381.png',0,90266,62617.86,7142,266),(419,NULL,NULL,NULL,NULL,'img-382.png',0,4720.05,24185.35,9719,434),(420,NULL,NULL,NULL,NULL,'img-383.png',0,91241.66,31542.71,8636,191),(421,NULL,NULL,NULL,NULL,'img-384.png',0,11331.18,94541.08,2877,120),(422,NULL,NULL,NULL,NULL,'img-385.png',0,74032.54,94425.63,5552,500),(423,NULL,NULL,NULL,NULL,'img-386.png',0,43787.33,1246.19,6957,174),(424,NULL,NULL,NULL,NULL,'img-387.png',0,89633.61,22574.16,4319,515),(425,NULL,NULL,NULL,NULL,'img-388.png',0,27388.04,50813.13,5247,460),(426,NULL,NULL,NULL,NULL,'img-389.png',0,37365.78,21576.19,1747,288),(427,NULL,NULL,NULL,NULL,'img-390.png',0,45084.98,34610.51,7398,74),(428,NULL,NULL,NULL,NULL,'img-391.png',0,96921.09,6050.81,4963,69),(429,NULL,NULL,NULL,NULL,'img-392.png',0,4965.5,25444.72,4260,424),(430,NULL,NULL,NULL,NULL,'img-393.png',0,47134.3,77373.58,5076,270),(431,NULL,NULL,NULL,NULL,'img-394.png',0,66431.29,71782.39,7134,79),(432,NULL,NULL,NULL,NULL,'img-395.png',0,31363.15,67206.48,5745,385),(433,NULL,NULL,NULL,NULL,'img-396.png',0,10223.92,55098.57,9490,365),(434,NULL,NULL,NULL,NULL,'img-397.png',0,61585.97,46801.39,4236,97),(435,NULL,NULL,NULL,NULL,'img-398.png',0,26024.4,65264.9,5892,332),(436,NULL,NULL,NULL,NULL,'img-399.png',0,78883.79,72286.29,1704,465),(437,NULL,NULL,NULL,NULL,'img-400.png',0,34534,66090.43,1885,146),(438,NULL,NULL,NULL,NULL,'img-401.png',0,4317.45,630.87,6925,414),(439,NULL,NULL,NULL,NULL,'img-402.png',0,46058.57,8883.22,9953,534),(440,NULL,NULL,NULL,NULL,'img-403.png',0,78191.24,49146.98,3710,72),(441,NULL,NULL,NULL,NULL,'img-404.png',0,20510.89,82597.5,3940,315),(442,NULL,NULL,NULL,NULL,'img-405.png',0,78520.93,6659.79,1498,384),(443,NULL,NULL,NULL,NULL,'img-406.png',0,32524.16,73950.22,9437,244),(444,NULL,NULL,NULL,NULL,'img-407.png',0,7289.59,74152.72,7373,439),(445,NULL,NULL,NULL,NULL,'img-408.png',0,6505.49,77286.64,9873,267),(446,NULL,NULL,NULL,NULL,'img-409.png',0,70935.43,26401.69,7919,276),(447,NULL,NULL,NULL,NULL,'img-410.png',0,81599.41,51661.33,8366,136),(448,NULL,NULL,NULL,NULL,'img-411.png',0,22124.12,45186.9,1591,382),(449,NULL,NULL,NULL,NULL,'img-412.png',0,28097.22,94888.37,9469,530),(450,NULL,NULL,NULL,NULL,'img-413.png',0,19617.1,27081.63,735,41),(451,NULL,NULL,NULL,NULL,'img-414.png',0,33446.69,21583.62,4997,212),(452,NULL,NULL,NULL,NULL,'img-415.png',0,89616.15,72563.31,850,48),(453,NULL,NULL,NULL,NULL,'img-416.png',0,21779.22,24174.47,937,118),(454,NULL,NULL,NULL,NULL,'img-417.png',0,31614.91,87147.95,6511,221),(455,NULL,NULL,NULL,NULL,'img-418.png',0,12932.67,17346.06,9009,458),(456,NULL,NULL,NULL,NULL,'img-419.png',0,15453.13,82031.88,9507,427),(457,NULL,NULL,NULL,NULL,'img-420.png',0,68159.81,82530.3,7749,138),(458,NULL,NULL,NULL,NULL,'img-421.png',0,16784.71,40511.73,1803,226),(459,NULL,NULL,NULL,NULL,'img-422.png',0,37130.56,94432.01,7119,347),(460,NULL,NULL,NULL,NULL,'img-423.png',0,60546.54,61849.77,5319,298),(461,NULL,NULL,NULL,NULL,'img-424.png',0,69376.4,38571.83,1807,426),(462,NULL,NULL,NULL,NULL,'img-425.png',0,51840.24,52806.06,7994,61),(463,NULL,NULL,NULL,NULL,'img-426.png',0,78796.29,10585.56,7909,220),(464,NULL,NULL,NULL,NULL,'img-427.png',0,13148.91,14831.9,1661,385),(465,NULL,NULL,NULL,NULL,'img-428.png',0,13706.33,5530.29,6076,74),(466,NULL,NULL,NULL,NULL,'img-429.png',0,94548.33,83233.74,1382,523),(467,NULL,NULL,NULL,NULL,'img-430.png',0,73421.67,85831.95,465,485),(468,NULL,NULL,NULL,NULL,'img-431.png',0,63191.64,43805.74,7234,451),(469,NULL,NULL,NULL,NULL,'img-432.png',0,72624.16,94443.92,4830,405),(470,NULL,NULL,NULL,NULL,'img-433.png',0,4238.8,40208.04,1220,300),(471,NULL,NULL,NULL,NULL,'img-434.png',0,50899.34,37707.55,6289,147),(472,NULL,NULL,NULL,NULL,'img-435.png',0,14746.84,20404.64,2695,179),(473,NULL,NULL,NULL,NULL,'img-436.png',0,10471.41,18073.14,910,394),(474,NULL,NULL,NULL,NULL,'img-437.png',0,41527.32,83029.95,4218,130),(475,NULL,NULL,NULL,NULL,'img-438.png',0,1517.11,418.87,3799,445),(476,NULL,NULL,NULL,NULL,'img-439.png',0,30282.58,62930.82,7627,267),(477,NULL,NULL,NULL,NULL,'img-440.png',0,40802.65,83741.78,6249,292),(478,NULL,NULL,NULL,NULL,'img-441.png',0,5266.11,76257.94,2019,57),(479,NULL,NULL,NULL,NULL,'img-442.png',0,79432.63,23695.29,4282,406),(480,NULL,NULL,NULL,NULL,'img-443.png',0,53566.01,22495.46,3069,163),(481,NULL,NULL,NULL,NULL,'img-444.png',0,65968.99,47072.64,6196,183),(482,NULL,NULL,NULL,NULL,'img-445.png',0,71009.25,45560.42,6458,125),(483,NULL,NULL,NULL,NULL,'img-446.png',0,34589.57,35870.17,7635,442),(484,NULL,NULL,NULL,NULL,'img-447.png',0,58516.15,69812.67,7904,458),(485,NULL,NULL,NULL,NULL,'img-448.png',0,32276.53,24311.45,6344,66),(486,NULL,NULL,NULL,NULL,'img-449.png',0,3517.02,10936.58,4643,528),(487,NULL,NULL,NULL,NULL,'img-450.png',0,98079.27,42900.22,6633,110),(488,NULL,NULL,NULL,NULL,'img-451.png',0,23395.87,38742.51,4633,367),(489,NULL,NULL,NULL,NULL,'img-452.png',0,85378.24,22160.77,9868,147),(490,NULL,NULL,NULL,NULL,'img-453.png',0,96061.81,42417.94,8721,304),(491,NULL,NULL,NULL,NULL,'img-454.png',0,96287.7,83615.76,7577,39),(492,NULL,NULL,NULL,NULL,'img-455.png',0,99025.5,73263.63,2190,338),(493,NULL,NULL,NULL,NULL,'img-456.png',0,88187.84,24664.87,806,510),(494,NULL,NULL,NULL,NULL,'img-457.png',0,30646.83,55470.58,8801,240),(495,NULL,NULL,NULL,NULL,'img-458.png',0,66939.01,76658.84,1471,207),(496,NULL,NULL,NULL,NULL,'img-459.png',0,21503.57,48571.88,8988,116),(497,NULL,NULL,NULL,NULL,'img-460.png',0,50892.97,18888.28,134,459),(498,NULL,NULL,NULL,NULL,'img-461.png',0,91836.19,61912.13,7123,135),(499,NULL,NULL,NULL,NULL,'img-462.png',0,66223.83,8264.84,7075,406),(500,NULL,NULL,NULL,NULL,'img-463.png',0,92030.23,19512.8,2655,108),(501,NULL,NULL,NULL,NULL,'img-464.png',0,37872.53,7883.09,3173,405),(502,NULL,NULL,NULL,NULL,'img-465.png',0,35370.07,19987.04,9540,213),(503,NULL,NULL,NULL,NULL,'img-466.png',0,62048.33,49866.27,1851,221),(504,NULL,NULL,NULL,NULL,'img-467.png',0,35033.12,17165.35,5891,504),(505,NULL,NULL,NULL,NULL,'img-468.png',0,50372.88,60143.86,5172,250),(506,NULL,NULL,NULL,NULL,'img-469.png',0,27083.84,89496.1,1409,147),(507,NULL,NULL,NULL,NULL,'img-470.png',0,19453.47,69226.1,2957,451),(508,NULL,NULL,NULL,NULL,'img-471.png',0,47848.09,91274.79,8801,369),(509,NULL,NULL,NULL,NULL,'img-472.png',0,35811.99,26735.6,3258,130),(510,NULL,NULL,NULL,NULL,'img-473.png',0,57908.78,38224.49,3537,494),(511,NULL,NULL,NULL,NULL,'img-474.png',0,70499.66,33631.99,5229,529),(512,NULL,NULL,NULL,NULL,'img-475.png',0,69794.34,55213.42,6514,267),(513,NULL,NULL,NULL,NULL,'img-476.png',0,89056.43,50985.61,5556,337),(514,NULL,NULL,NULL,NULL,'img-477.png',0,73462.75,90005.73,423,213),(515,NULL,NULL,NULL,NULL,'img-478.png',0,67994.91,25747.78,696,188),(516,NULL,NULL,NULL,NULL,'img-479.png',0,9933.95,51010.46,5344,92),(517,NULL,NULL,NULL,NULL,'img-480.png',0,29935.57,75508.65,3946,74),(518,NULL,NULL,NULL,NULL,'img-481.png',0,30362.4,58772.91,4910,451),(519,NULL,NULL,NULL,NULL,'img-482.png',0,65353.2,98186.69,5392,487),(520,NULL,NULL,NULL,NULL,'img-483.png',0,76632.94,81730.62,8807,442),(521,NULL,NULL,NULL,NULL,'img-484.png',0,58344.8,54704.08,6917,109),(522,NULL,NULL,NULL,NULL,'img-485.png',0,611.92,4831.06,5475,61),(523,NULL,NULL,NULL,NULL,'img-486.png',0,40070.78,77159.3,3731,404),(524,NULL,NULL,NULL,NULL,'img-487.png',0,68965.77,12686.74,4009,416),(525,NULL,NULL,NULL,NULL,'img-488.png',0,25296.32,34449.45,5577,240),(526,NULL,NULL,NULL,NULL,'img-489.png',0,76759.68,77115.35,7655,86),(527,NULL,NULL,NULL,NULL,'img-490.png',0,20806.63,66923.25,5968,361),(528,NULL,NULL,NULL,NULL,'img-491.png',0,57840.16,3358.92,7655,109),(529,NULL,NULL,NULL,NULL,'img-492.png',0,83233.9,20788.69,8755,528),(530,NULL,NULL,NULL,NULL,'img-493.png',0,95768.98,35452.63,9957,188),(531,NULL,NULL,NULL,NULL,'img-494.png',0,43279.34,37393.63,9134,358),(532,NULL,NULL,NULL,NULL,'img-495.png',0,21016.86,97512.47,3123,496),(533,NULL,NULL,NULL,NULL,'img-496.png',0,5895.5,98891.59,2898,310),(534,NULL,NULL,NULL,NULL,'img-497.png',0,32281.3,78134.84,3303,324),(535,NULL,NULL,NULL,NULL,'img-498.png',0,6075.01,36728.91,8844,374),(536,NULL,NULL,NULL,NULL,'img-499.png',0,86831.3,69215.7,8013,447),(537,NULL,NULL,NULL,NULL,'img-500.png',0,45986.49,88343.56,9393,96);
/*!40000 ALTER TABLE `product_detail` ENABLE KEYS */;
UNLOCK TABLES;

--
-- Table structure for table `product_detail_variation_option`
--

DROP TABLE IF EXISTS `product_detail_variation_option`;
/*!40101 SET @saved_cs_client     = @@character_set_client */;
/*!50503 SET character_set_client = utf8mb4 */;
CREATE TABLE `product_detail_variation_option` (
  `product_detail_id` bigint NOT NULL,
  `variation_option_id` bigint NOT NULL,
  PRIMARY KEY (`product_detail_id`,`variation_option_id`),
  KEY `FKaivfe2nw2ni6kkesjgaxauk1` (`variation_option_id`),
  CONSTRAINT `FKaivfe2nw2ni6kkesjgaxauk1` FOREIGN KEY (`variation_option_id`) REFERENCES `variation_option` (`id`),
  CONSTRAINT `FKiju25dkm6qdaot7aw8uujgftk` FOREIGN KEY (`product_detail_id`) REFERENCES `product_detail` (`id`)
) ENGINE=InnoDB DEFAULT CHARSET=utf8mb4 COLLATE=utf8mb4_0900_ai_ci;
/*!40101 SET character_set_client = @saved_cs_client */;

--
-- Dumping data for table `product_detail_variation_option`
--

LOCK TABLES `product_detail_variation_option` WRITE;
/*!40000 ALTER TABLE `product_detail_variation_option` DISABLE KEYS */;
INSERT INTO `product_detail_variation_option` VALUES (1,1),(2,1),(3,1),(4,1),(5,1),(6,1),(7,1),(8,1),(9,1),(10,1),(11,1),(12,1),(13,1),(14,1),(15,1),(16,1),(17,1),(18,1),(19,1),(20,1),(21,1),(22,1),(23,1),(24,1),(25,1),(26,1),(27,1),(28,1),(29,1),(30,1),(31,1),(32,1),(33,1),(34,1),(35,1),(36,1),(37,1),(41,1),(57,1),(146,1),(158,1),(174,1),(206,1),(229,1),(230,1),(244,1),(246,1),(254,1),(261,1),(274,1),(284,1),(286,1),(289,1),(303,1),(308,1),(357,1),(358,1),(374,1),(395,1),(398,1),(406,1),(449,1),(466,1),(496,1),(501,1),(523,1),(524,1),(535,1),(1,2),(2,2),(3,2),(4,2),(5,2),(6,2),(7,2),(8,2),(9,2),(10,2),(11,2),(12,2),(13,2),(14,2),(15,2),(16,2),(17,2),(18,2),(19,2),(20,2),(21,2),(22,2),(23,2),(24,2),(25,2),(26,2),(27,2),(28,2),(29,2),(30,2),(31,2),(32,2),(33,2),(34,2),(35,2),(36,2),(37,2),(44,2),(46,2),(56,2),(63,2),(83,2),(91,2),(137,2),(140,2),(142,2),(145,2),(179,2),(185,2),(190,2),(205,2),(231,2),(243,2),(244,2),(245,2),(251,2),(297,2),(301,2),(308,2),(310,2),(311,2),(312,2),(328,2),(329,2),(331,2),(351,2),(356,2),(357,2),(359,2),(382,2),(392,2),(403,2),(407,2),(425,2),(426,2),(427,2),(448,2),(458,2),(462,2),(483,2),(513,2),(517,2),(523,2),(526,2),(530,2),(1,3),(2,3),(3,3),(4,3),(5,3),(6,3),(7,3),(8,3),(9,3),(10,3),(11,3),(12,3),(13,3),(14,3),(15,3),(16,3),(17,3),(18,3),(19,3),(20,3),(21,3),(22,3),(23,3),(24,3),(25,3),(26,3),(27,3),(28,3),(29,3),(30,3),(31,3),(32,3),(33,3),(34,3),(35,3),(36,3),(37,3),(46,3),(47,3),(48,3),(67,3),(74,3),(78,3),(80,3),(95,3),(116,3),(125,3),(135,3),(152,3),(157,3),(163,3),(181,3),(191,3),(192,3),(203,3),(219,3),(226,3),(228,3),(231,3),(246,3),(247,3),(251,3),(254,3),(290,3),(312,3),(318,3),(334,3),(365,3),(383,3),(386,3),(388,3),(389,3),(396,3),(408,3),(413,3),(416,3),(424,3),(425,3),(443,3),(447,3),(454,3),(478,3),(519,3),(520,3),(521,3),(533,3),(1,4),(2,4),(3,4),(4,4),(5,4),(6,4),(7,4),(8,4),(9,4),(10,4),(11,4),(12,4),(13,4),(14,4),(15,4),(16,4),(17,4),(18,4),(19,4),(20,4),(21,4),(22,4),(23,4),(24,4),(25,4),(26,4),(27,4),(28,4),(29,4),(30,4),(31,4),(32,4),(33,4),(34,4),(35,4),(36,4),(37,4),(43,4),(48,4),(68,4),(75,4),(101,4),(104,4),(124,4),(126,4),(129,4),(154,4),(155,4),(160,4),(166,4),(186,4),(199,4),(216,4),(224,4),(238,4),(253,4),(295,4),(314,4),(318,4),(331,4),(339,4),(384,4),(421,4),(427,4),(457,4),(458,4),(484,4),(496,4),(499,4),(502,4),(509,4),(520,4),(530,4),(1,5),(2,5),(3,5),(4,5),(5,5),(6,5),(7,5),(8,5),(9,5),(10,5),(11,5),(12,5),(13,5),(14,5),(15,5),(16,5),(17,5),(18,5),(19,5),(20,5),(21,5),(22,5),(23,5),(24,5),(25,5),(26,5),(27,5),(28,5),(29,5),(30,5),(31,5),(32,5),(33,5),(34,5),(35,5),(36,5),(37,5),(68,5),(107,5),(125,5),(127,5),(149,5),(153,5),(157,5),(163,5),(166,5),(180,5),(216,5),(220,5),(223,5),(238,5),(252,5),(265,5),(272,5),(276,5),(279,5),(301,5),(306,5),(309,5),(311,5),(318,5),(319,5),(320,5),(328,5),(333,5),(337,5),(338,5),(339,5),(349,5),(351,5),(356,5),(372,5),(381,5),(389,5),(391,5),(396,5),(411,5),(421,5),(432,5),(434,5),(462,5),(466,5),(482,5),(496,5),(511,5),(517,5),(522,5),(532,5),(1,6),(2,6),(3,6),(4,6),(5,6),(6,6),(7,6),(8,6),(9,6),(10,6),(11,6),(12,6),(13,6),(14,6),(15,6),(16,6),(17,6),(18,6),(19,6),(20,6),(21,6),(22,6),(23,6),(24,6),(25,6),(26,6),(27,6),(28,6),(29,6),(30,6),(31,6),(32,6),(33,6),(34,6),(35,6),(36,6),(37,6),(51,6),(66,6),(70,6),(71,6),(83,6),(86,6),(88,6),(106,6),(113,6),(121,6),(132,6),(137,6),(145,6),(162,6),(163,6),(166,6),(174,6),(180,6),(186,6),(216,6),(226,6),(229,6),(238,6),(240,6),(249,6),(258,6),(271,6),(272,6),(275,6),(281,6),(282,6),(307,6),(309,6),(327,6),(330,6),(346,6),(348,6),(353,6),(355,6),(363,6),(372,6),(400,6),(417,6),(418,6),(419,6),(426,6),(432,6),(443,6),(444,6),(467,6),(468,6),(476,6),(478,6),(485,6),(489,6),(513,6),(532,6),(1,7),(2,7),(3,7),(4,7),(5,7),(6,7),(7,7),(8,7),(9,7),(10,7),(11,7),(12,7),(13,7),(14,7),(15,7),(16,7),(17,7),(18,7),(19,7),(20,7),(21,7),(22,7),(23,7),(24,7),(25,7),(26,7),(27,7),(28,7),(29,7),(30,7),(31,7),(32,7),(33,7),(34,7),(35,7),(36,7),(37,7),(40,7),(59,7),(75,7),(89,7),(102,7),(108,7),(115,7),(124,7),(149,7),(163,7),(174,7),(188,7),(194,7),(211,7),(212,7),(247,7),(248,7),(254,7),(258,7),(263,7),(268,7),(280,7),(295,7),(305,7),(325,7),(327,7),(330,7),(334,7),(345,7),(361,7),(369,7),(378,7),(381,7),(384,7),(387,7),(408,7),(431,7),(438,7),(481,7),(486,7),(487,7),(502,7),(517,7),(522,7),(1,8),(2,8),(3,8),(4,8),(5,8),(6,8),(7,8),(8,8),(9,8),(10,8),(11,8),(12,8),(13,8),(14,8),(15,8),(16,8),(17,8),(18,8),(19,8),(20,8),(21,8),(22,8),(23,8),(24,8),(25,8),(26,8),(27,8),(28,8),(29,8),(30,8),(31,8),(32,8),(33,8),(34,8),(35,8),(36,8),(37,8),(50,8),(56,8),(65,8),(71,8),(82,8),(90,8),(93,8),(106,8),(112,8),(118,8),(125,8),(134,8),(187,8),(189,8),(191,8),(195,8),(208,8),(219,8),(230,8),(239,8),(240,8),(243,8),(246,8),(250,8),(285,8),(300,8),(302,8),(307,8),(308,8),(323,8),(326,8),(328,8),(337,8),(338,8),(387,8),(423,8),(428,8),(434,8),(444,8),(445,8),(446,8),(447,8),(462,8),(497,8),(509,8),(531,8),(1,9),(2,9),(3,9),(4,9),(5,9),(6,9),(7,9),(8,9),(9,9),(10,9),(11,9),(12,9),(71,9),(77,9),(91,9),(92,9),(103,9),(105,9),(106,9),(131,9),(135,9),(143,9),(147,9),(160,9),(163,9),(164,9),(184,9),(227,9),(248,9),(251,9),(264,9),(268,9),(287,9),(291,9),(307,9),(312,9),(320,9),(339,9),(344,9),(351,9),(352,9),(353,9),(366,9),(372,9),(385,9),(388,9),(406,9),(417,9),(419,9),(420,9),(425,9),(432,9),(433,9),(455,9),(456,9),(458,9),(468,9),(473,9),(493,9),(511,9),(516,9),(13,10),(14,10),(15,10),(16,10),(17,10),(18,10),(19,10),(20,10),(21,10),(22,10),(23,10),(24,10),(25,10),(38,10),(41,10),(48,10),(56,10),(66,10),(99,10),(100,10),(104,10),(120,10),(131,10),(149,10),(150,10),(159,10),(163,10),(183,10),(205,10),(206,10),(211,10),(213,10),(218,10),(224,10),(226,10),(233,10),(242,10),(243,10),(246,10),(257,10),(266,10),(272,10),(278,10),(284,10),(292,10),(318,10),(372,10),(378,10),(391,10),(403,10),(417,10),(418,10),(449,10),(453,10),(477,10),(479,10),(484,10),(494,10),(501,10),(503,10),(509,10),(513,10),(527,10),(26,11),(27,11),(28,11),(29,11),(30,11),(31,11),(32,11),(33,11),(34,11),(35,11),(36,11),(37,11),(73,11),(121,11),(127,11),(173,11),(196,11),(204,11),(244,11),(261,11),(267,11),(275,11),(287,11),(308,11),(334,11),(346,11),(358,11),(365,11),(384,11),(403,11),(405,11),(422,11),(433,11),(434,11),(449,11),(478,11),(480,11),(516,11),(517,11),(519,11),(521,11);
/*!40000 ALTER TABLE `product_detail_variation_option` ENABLE KEYS */;
UNLOCK TABLES;

--
-- Table structure for table `promotion`
--

DROP TABLE IF EXISTS `promotion`;
/*!40101 SET @saved_cs_client     = @@character_set_client */;
/*!50503 SET character_set_client = utf8mb4 */;
CREATE TABLE `promotion` (
  `id` bigint NOT NULL AUTO_INCREMENT,
  `create_by` varchar(255) DEFAULT NULL,
  `create_date` varchar(255) DEFAULT NULL,
  `modified_by` varchar(255) DEFAULT NULL,
  `modified_date` datetime(6) DEFAULT NULL,
  `description` text,
  `discount` float NOT NULL,
  `discount_code` varchar(50) NOT NULL,
  `end_date` date NOT NULL,
  `is_percent` tinyint NOT NULL,
  `name` varchar(205) NOT NULL,
  `start_date` date NOT NULL,
  `status` tinyint DEFAULT '1',
  PRIMARY KEY (`id`)
) ENGINE=InnoDB AUTO_INCREMENT=51 DEFAULT CHARSET=utf8mb4 COLLATE=utf8mb4_0900_ai_ci;
/*!40101 SET character_set_client = @saved_cs_client */;

--
-- Dumping data for table `promotion`
--

LOCK TABLES `promotion` WRITE;
/*!40000 ALTER TABLE `promotion` DISABLE KEYS */;
INSERT INTO `promotion` VALUES (1,NULL,NULL,NULL,NULL,'Aliquam gravida mauris ut mi.',16,'DISCOUNT-1','2023-03-16',1,'Leah','2021-01-18',NULL),(2,NULL,NULL,NULL,NULL,'nibh. Phasellus nulla. Integer vulputate,',14,'DISCOUNT-2','2023-12-27',0,'Ivy','2021-01-18',NULL),(3,NULL,NULL,NULL,NULL,'justo. Proin non massa non',99,'DISCOUNT-3','2023-12-12',1,'Venus','2021-01-18',NULL),(4,NULL,NULL,NULL,NULL,'arcu. Vestibulum ante ipsum primis',53,'DISCOUNT-4','2022-12-28',0,'Chanda','2021-01-18',NULL),(5,NULL,NULL,NULL,NULL,'ligula tortor, dictum eu, placerat',23,'DISCOUNT-5','2023-03-11',0,'Jonas','2021-01-18',NULL),(6,NULL,NULL,NULL,NULL,'ullamcorper viverra. Maecenas iaculis aliquet',71,'DISCOUNT-6','2023-03-19',0,'Acton','2021-01-18',NULL),(7,NULL,NULL,NULL,NULL,'Nulla interdum. Curabitur dictum. Phasellus',92,'DISCOUNT-7','2022-02-03',1,'Lesley','2021-01-18',NULL),(8,NULL,NULL,NULL,NULL,'a feugiat tellus lorem eu',100,'DISCOUNT-8','2022-02-02',0,'Jarrod','2021-01-18',NULL),(9,NULL,NULL,NULL,NULL,'neque sed dictum eleifend, nunc',31,'DISCOUNT-9','2022-06-27',0,'Morgan','2021-01-18',NULL),(10,NULL,NULL,NULL,NULL,'egestas rhoncus. Proin nisl sem,',98,'DISCOUNT-10','2022-08-06',0,'Teegan','2021-01-18',NULL),(11,NULL,NULL,NULL,NULL,'consequat dolor vitae dolor. Donec',84,'DISCOUNT-11','2022-04-11',1,'Colt','2021-01-18',NULL),(12,NULL,NULL,NULL,NULL,'Fusce mollis. Duis sit amet',53,'DISCOUNT-12','2022-09-27',0,'Tanner','2021-01-18',NULL),(13,NULL,NULL,NULL,NULL,'amet, consectetuer adipiscing elit. Aliquam',49,'DISCOUNT-13','2023-02-19',1,'Brenden','2021-01-18',NULL),(14,NULL,NULL,NULL,NULL,'vel, convallis in, cursus et,',67,'DISCOUNT-14','2023-02-21',1,'Orson','2021-01-18',NULL),(15,NULL,NULL,NULL,NULL,'Suspendisse eleifend. Cras sed leo.',74,'DISCOUNT-15','2023-11-15',0,'Hayley','2021-01-18',NULL),(16,NULL,NULL,NULL,NULL,'magnis dis parturient montes, nascetur',80,'DISCOUNT-16','2023-09-29',0,'Dara','2021-01-18',NULL),(17,NULL,NULL,NULL,NULL,'aliquet libero. Integer in magna.',76,'DISCOUNT-17','2022-04-28',1,'Shay','2021-01-18',NULL),(18,NULL,NULL,NULL,NULL,'non nisi. Aenean eget metus.',81,'DISCOUNT-18','2023-12-02',0,'Ivor','2021-01-18',NULL),(19,NULL,NULL,NULL,NULL,'amet lorem semper auctor. Mauris',94,'DISCOUNT-19','2023-07-08',1,'Miranda','2021-01-18',NULL),(20,NULL,NULL,NULL,NULL,'vitae, sodales at, velit. Pellentesque',70,'DISCOUNT-20','2023-11-14',0,'Arden','2021-01-18',NULL),(21,NULL,NULL,NULL,NULL,'at sem molestie sodales. Mauris',84,'DISCOUNT-21','2023-09-25',0,'Liberty','2021-01-18',NULL),(22,NULL,NULL,NULL,NULL,'orci tincidunt adipiscing. Mauris molestie',58,'DISCOUNT-22','2023-09-20',1,'Branden','2021-01-18',NULL),(23,NULL,NULL,NULL,NULL,'faucibus lectus, a sollicitudin orci',11,'DISCOUNT-23','2023-08-01',0,'Cyrus','2021-01-18',NULL),(24,NULL,NULL,NULL,NULL,'vel pede blandit congue. In',97,'DISCOUNT-24','2022-03-16',0,'Colt','2021-01-18',NULL),(25,NULL,NULL,NULL,NULL,'et ultrices posuere cubilia Curae',66,'DISCOUNT-25','2023-06-10',1,'Vaughan','2021-01-18',NULL),(26,NULL,NULL,NULL,NULL,'vulputate, posuere vulputate, lacus. Cras',51,'DISCOUNT-26','2023-05-14',1,'Noelani','2021-01-18',NULL),(27,NULL,NULL,NULL,NULL,'tortor nibh sit amet orci.',72,'DISCOUNT-27','2023-11-18',0,'Bree','2021-01-18',NULL),(28,NULL,NULL,NULL,NULL,'inceptos hymenaeos. Mauris ut quam',39,'DISCOUNT-28','2022-08-21',1,'Garrett','2021-01-18',NULL),(29,NULL,NULL,NULL,NULL,'purus gravida sagittis. Duis gravida.',42,'DISCOUNT-29','2023-08-21',0,'Justine','2021-01-18',NULL),(30,NULL,NULL,NULL,NULL,'sit amet massa. Quisque porttitor',16,'DISCOUNT-30','2023-12-29',0,'Axel','2021-01-18',NULL),(31,NULL,NULL,NULL,NULL,'tempus risus. Donec egestas. Duis',30,'DISCOUNT-31','2023-11-14',1,'Calvin','2021-01-18',NULL),(32,NULL,NULL,NULL,NULL,'placerat. Cras dictum ultricies ligula.',46,'DISCOUNT-32','2022-08-22',1,'Fredericka','2021-01-18',NULL),(33,NULL,NULL,NULL,NULL,'eget laoreet posuere, enim nisl',28,'DISCOUNT-33','2022-06-22',1,'Kay','2021-01-18',NULL),(34,NULL,NULL,NULL,NULL,'eget laoreet posuere, enim nisl',93,'DISCOUNT-34','2022-08-06',0,'Deacon','2021-01-18',NULL),(35,NULL,NULL,NULL,NULL,'blandit at, nisi. Cum sociis',93,'DISCOUNT-35','2023-05-31',0,'Kaye','2021-01-18',NULL),(36,NULL,NULL,NULL,NULL,'Cras dolor dolor, tempus non,',19,'DISCOUNT-36','2022-02-12',1,'Ivor','2021-01-18',NULL),(37,NULL,NULL,NULL,NULL,'mauris sit amet lorem semper',58,'DISCOUNT-37','2022-01-21',1,'Britanni','2021-01-18',NULL),(38,NULL,NULL,NULL,NULL,'Vestibulum ante ipsum primis in',75,'DISCOUNT-38','2024-01-03',0,'Melissa','2021-01-18',NULL),(39,NULL,NULL,NULL,NULL,'libero est, congue a, aliquet',89,'DISCOUNT-39','2022-01-31',0,'Adam','2021-01-18',NULL),(40,NULL,NULL,NULL,NULL,'est. Nunc ullamcorper, velit in',59,'DISCOUNT-40','2023-07-07',0,'Zelda','2021-01-18',NULL),(41,NULL,NULL,NULL,NULL,'scelerisque dui. Suspendisse ac metus',60,'DISCOUNT-41','2023-08-14',1,'Boris','2021-01-18',NULL),(42,NULL,NULL,NULL,NULL,'at arcu. Vestibulum ante ipsum',89,'DISCOUNT-42','2023-04-09',1,'Rahim','2021-01-18',NULL),(43,NULL,NULL,NULL,NULL,'Phasellus libero mauris, aliquam eu,',88,'DISCOUNT-43','2022-10-30',1,'Vanna','2021-01-18',NULL),(44,NULL,NULL,NULL,NULL,'auctor odio a purus. Duis',12,'DISCOUNT-44','2022-11-30',0,'Iola','2021-01-18',NULL),(45,NULL,NULL,NULL,NULL,'Sed id risus quis diam',87,'DISCOUNT-45','2022-06-03',1,'Willow','2021-01-18',NULL),(46,NULL,NULL,NULL,NULL,'rutrum. Fusce dolor quam, elementum',23,'DISCOUNT-46','2023-11-13',1,'Iola','2021-01-18',NULL),(47,NULL,NULL,NULL,NULL,'porttitor scelerisque neque. Nullam nisl.',57,'DISCOUNT-47','2023-07-19',0,'Sylvia','2021-01-18',NULL),(48,NULL,NULL,NULL,NULL,'ornare placerat, orci lacus vestibulum',48,'DISCOUNT-48','2022-07-16',1,'Audrey','2021-01-18',NULL),(49,NULL,NULL,NULL,NULL,'sem eget massa. Suspendisse eleifend.',96,'DISCOUNT-49','2023-08-13',1,'Yael','2021-01-18',NULL),(50,NULL,NULL,NULL,NULL,'quam, elementum at, egestas a,',16,'DISCOUNT-50','2022-09-08',0,'Judah','2021-01-18',NULL);
/*!40000 ALTER TABLE `promotion` ENABLE KEYS */;
UNLOCK TABLES;

--
-- Table structure for table `region`
--

DROP TABLE IF EXISTS `region`;
/*!40101 SET @saved_cs_client     = @@character_set_client */;
/*!50503 SET character_set_client = utf8mb4 */;
CREATE TABLE `region` (
  `id` bigint NOT NULL AUTO_INCREMENT,
  `name` varchar(45) NOT NULL,
  `country_id` bigint NOT NULL,
  `create_by` varchar(255) DEFAULT NULL,
  `create_date` varchar(255) DEFAULT NULL,
  `modified_by` varchar(255) DEFAULT NULL,
  `modified_date` datetime(6) DEFAULT NULL,
  `status` tinyint DEFAULT '1',
  PRIMARY KEY (`id`),
  KEY `region_country_idx` (`country_id`),
  CONSTRAINT `region_country` FOREIGN KEY (`country_id`) REFERENCES `country` (`id`)
) ENGINE=InnoDB AUTO_INCREMENT=201 DEFAULT CHARSET=utf8mb4 COLLATE=utf8mb4_0900_ai_ci;
/*!40101 SET character_set_client = @saved_cs_client */;

--
-- Dumping data for table `region`
--

LOCK TABLES `region` WRITE;
/*!40000 ALTER TABLE `region` DISABLE KEYS */;
INSERT INTO `region` VALUES (1,'An Giang',1,NULL,NULL,NULL,NULL,NULL),(2,'Bình Phước',1,NULL,NULL,NULL,NULL,NULL),(3,'Bình Thuận',1,NULL,NULL,NULL,NULL,NULL),(4,'Bình Định',1,NULL,NULL,NULL,NULL,NULL),(5,'Bắc Giang',1,NULL,NULL,NULL,NULL,NULL),(6,'Bắc Kạn',1,NULL,NULL,NULL,NULL,NULL),(7,'Bến Tre',1,NULL,NULL,NULL,NULL,NULL),(8,'Cao Bằng',1,NULL,NULL,NULL,NULL,NULL),(9,'Cần Thơ',1,NULL,NULL,NULL,NULL,NULL),(10,'Gia Lai',1,NULL,NULL,NULL,NULL,NULL),(11,'Hà Giang',1,NULL,NULL,NULL,NULL,NULL),(12,'Hà Nam',1,NULL,NULL,NULL,NULL,NULL),(13,'Hà Nội',1,NULL,NULL,NULL,NULL,NULL),(14,'Hà Tĩnh',1,NULL,NULL,NULL,NULL,NULL),(15,'Hà Tĩnh',1,NULL,NULL,NULL,NULL,NULL),(16,'Hưng Yên',1,NULL,NULL,NULL,NULL,NULL),(17,'Hải Dương',1,NULL,NULL,NULL,NULL,NULL),(18,'Hải Dương',1,NULL,NULL,NULL,NULL,NULL),(19,'Hải Phòng',1,NULL,NULL,NULL,NULL,NULL),(20,'Hậu Giang',1,NULL,NULL,NULL,NULL,NULL),(21,'Hồ Chí Minh City',1,NULL,NULL,NULL,NULL,NULL),(22,'Khánh Hòa',1,NULL,NULL,NULL,NULL,NULL),(23,'Kiên Giang',1,NULL,NULL,NULL,NULL,NULL),(24,'Lai Châu',1,NULL,NULL,NULL,NULL,NULL),(25,'Lâm Đồng',1,NULL,NULL,NULL,NULL,NULL),(26,'Lạng Sơn',1,NULL,NULL,NULL,NULL,NULL),(27,'Nghệ An',1,NULL,NULL,NULL,NULL,NULL),(28,'Ninh Bình',1,NULL,NULL,NULL,NULL,NULL),(29,'Ninh Thuận',1,NULL,NULL,NULL,NULL,NULL),(30,'Phú Thọ',1,NULL,NULL,NULL,NULL,NULL),(31,'Phú Yên',1,NULL,NULL,NULL,NULL,NULL),(32,'Quảng Bình',1,NULL,NULL,NULL,NULL,NULL),(33,'Quảng Nam',1,NULL,NULL,NULL,NULL,NULL),(34,'Sóc Trăng',1,NULL,NULL,NULL,NULL,NULL),(35,'Sơn La',1,NULL,NULL,NULL,NULL,NULL),(36,'Thanh Hóa',1,NULL,NULL,NULL,NULL,NULL),(37,'Thái Bình',1,NULL,NULL,NULL,NULL,NULL),(38,'Thái Nguyên',1,NULL,NULL,NULL,NULL,NULL),(39,'Thừa Thiên–Huế',1,NULL,NULL,NULL,NULL,NULL),(40,'Tiền Giang',1,NULL,NULL,NULL,NULL,NULL),(41,'Trà Vinh',1,NULL,NULL,NULL,NULL,NULL),(42,'Tuyên Quang',1,NULL,NULL,NULL,NULL,NULL),(43,'Tây Ninh',1,NULL,NULL,NULL,NULL,NULL),(44,'Vĩnh Phúc',1,NULL,NULL,NULL,NULL,NULL),(45,'Yên Bái',1,NULL,NULL,NULL,NULL,NULL),(46,'Điện Biên',1,NULL,NULL,NULL,NULL,NULL),(47,'Đà Nẵng',1,NULL,NULL,NULL,NULL,NULL),(48,'Đắk Lắk',1,NULL,NULL,NULL,NULL,NULL),(49,'Đắk Nông',1,NULL,NULL,NULL,NULL,NULL),(50,'Đồng Nai',1,NULL,NULL,NULL,NULL,NULL),(51,'Đồng Tháp',1,NULL,NULL,NULL,NULL,NULL);
/*!40000 ALTER TABLE `region` ENABLE KEYS */;
UNLOCK TABLES;

--
-- Table structure for table `returns`
--

DROP TABLE IF EXISTS `returns`;
/*!40101 SET @saved_cs_client     = @@character_set_client */;
/*!50503 SET character_set_client = utf8mb4 */;
CREATE TABLE `returns` (
  `id` bigint NOT NULL AUTO_INCREMENT,
  `reason` text,
  `return_code` varchar(45) DEFAULT NULL,
  `quantity` int DEFAULT NULL,
  `status` int DEFAULT '0',
  `is_exchangeable` tinyint DEFAULT '0',
  `create_date_payment` date DEFAULT NULL,
  `create_date_receive` date DEFAULT NULL,
  `product_detail_id` bigint NOT NULL,
  `order_id` bigint NOT NULL,
  PRIMARY KEY (`id`),
  UNIQUE KEY `return_code_UNIQUE` (`return_code`),
  KEY `return_order_idx` (`order_id`),
  KEY `return_pro_detail_idx` (`product_detail_id`),
  CONSTRAINT `return_order` FOREIGN KEY (`order_id`) REFERENCES `order` (`id`),
  CONSTRAINT `return_pro_detail` FOREIGN KEY (`product_detail_id`) REFERENCES `product_detail` (`id`)
) ENGINE=InnoDB AUTO_INCREMENT=101 DEFAULT CHARSET=utf8mb4 COLLATE=utf8mb4_0900_ai_ci;
/*!40101 SET character_set_client = @saved_cs_client */;

--
-- Dumping data for table `returns`
--

LOCK TABLES `returns` WRITE;
/*!40000 ALTER TABLE `returns` DISABLE KEYS */;
INSERT INTO `returns` VALUES (1,'elit. Curabitur sed tortor. Integer aliquam adipiscing lacus. Ut nec','RETURN-1',1,3,0,'2022-02-04','2023-10-21',55,200),(2,'ut lacus. Nulla tincidunt, neque vitae semper egestas, urna justo','RETURN-2',1,2,0,'2023-09-17','2022-04-23',170,13),(3,'tellus. Phasellus elit pede, malesuada vel, venenatis vel, faucibus id,','RETURN-3',4,4,0,'2023-11-08','2022-04-04',250,236),(4,'ante bibendum ullamcorper. Duis cursus, diam at pretium aliquet, metus','RETURN-4',9,1,1,'2023-12-29','2023-12-18',205,91),(5,'a, malesuada id, erat. Etiam vestibulum massa rutrum magna. Cras','RETURN-5',2,2,1,'2023-07-15','2022-11-03',294,145),(6,'lorem. Donec elementum, lorem ut aliquam iaculis, lacus pede sagittis','RETURN-6',8,2,0,'2023-06-09','2023-11-18',33,347),(7,'ligula. Aliquam erat volutpat. Nulla dignissim. Maecenas ornare egestas ligula.','RETURN-7',6,0,0,'2022-04-14','2023-07-14',220,33),(8,'sit amet metus. Aliquam erat volutpat. Nulla facilisis. Suspendisse commodo','RETURN-8',5,4,0,'2023-02-24','2023-06-29',240,253),(9,'Sed neque. Sed eget lacus. Mauris non dui nec urna','RETURN-9',10,4,1,'2022-03-07','2022-09-22',51,315),(10,'dui nec urna suscipit nonummy. Fusce fermentum fermentum arcu. Vestibulum','RETURN-10',5,3,0,'2022-08-20','2023-03-19',419,82),(11,'lobortis ultrices. Vivamus rhoncus. Donec est. Nunc ullamcorper, velit in','RETURN-11',6,2,1,'2023-09-14','2022-09-29',87,34),(12,'mauris elit, dictum eu, eleifend nec, malesuada ut, sem. Nulla','RETURN-12',1,4,1,'2023-07-29','2022-10-11',523,445),(13,'Class aptent taciti sociosqu ad litora torquent per conubia nostra,','RETURN-13',7,1,0,'2022-04-02','2023-01-20',312,209),(14,'magna tellus faucibus leo, in lobortis tellus justo sit amet','RETURN-14',5,5,0,'2022-06-30','2023-08-20',68,426),(15,'mus. Proin vel nisl. Quisque fringilla euismod enim. Etiam gravida','RETURN-15',7,0,0,'2023-03-10','2022-03-13',314,333),(16,'ut, pellentesque eget, dictum placerat, augue. Sed molestie. Sed id','RETURN-16',2,2,0,'2023-08-09','2022-05-18',122,67),(17,'eu erat semper rutrum. Fusce dolor quam, elementum at, egestas','RETURN-17',5,5,0,'2023-11-08','2022-10-23',267,460),(18,'blandit enim consequat purus. Maecenas libero est, congue a, aliquet','RETURN-18',6,5,1,'2023-06-18','2024-01-12',464,231),(19,'Duis at lacus. Quisque purus sapien, gravida non, sollicitudin a,','RETURN-19',9,3,1,'2022-03-12','2022-12-07',385,170),(20,'Suspendisse commodo tincidunt nibh. Phasellus nulla. Integer vulputate, risus a','RETURN-20',9,4,1,'2023-03-06','2023-10-29',512,33),(21,'mauris sagittis placerat. Cras dictum ultricies ligula. Nullam enim. Sed','RETURN-21',6,4,0,'2023-02-02','2022-05-01',312,427),(22,'neque sed dictum eleifend, nunc risus varius orci, in consequat','RETURN-22',9,1,0,'2022-04-23','2024-01-18',210,427),(23,'Nam consequat dolor vitae dolor. Donec fringilla. Donec feugiat metus','RETURN-23',3,4,0,'2023-06-16','2023-04-21',218,221),(24,'ultricies adipiscing, enim mi tempor lorem, eget mollis lectus pede','RETURN-24',9,2,0,'2023-05-04','2023-12-12',490,328),(25,'Quisque libero lacus, varius et, euismod et, commodo at, libero.','RETURN-25',9,1,1,'2023-05-14','2023-08-09',330,13),(26,'Vivamus euismod urna. Nullam lobortis quam a felis ullamcorper viverra.','RETURN-26',2,3,1,'2023-05-19','2022-08-04',519,403),(27,'mollis non, cursus non, egestas a, dui. Cras pellentesque. Sed','RETURN-27',2,4,0,'2022-06-05','2022-11-16',104,470),(28,'congue turpis. In condimentum. Donec at arcu. Vestibulum ante ipsum','RETURN-28',4,3,0,'2023-01-17','2023-04-03',158,323),(29,'eleifend, nunc risus varius orci, in consequat enim diam vel','RETURN-29',5,0,1,'2022-02-06','2023-01-22',378,382),(30,'tincidunt, neque vitae semper egestas, urna justo faucibus lectus, a','RETURN-30',3,5,1,'2022-12-29','2023-12-06',481,239),(31,'adipiscing lacus. Ut nec urna et arcu imperdiet ullamcorper. Duis','RETURN-31',5,4,0,'2024-01-15','2023-03-09',66,273),(32,'dolor quam, elementum at, egestas a, scelerisque sed, sapien. Nunc','RETURN-32',8,0,1,'2023-07-29','2022-10-17',407,89),(33,'lectus justo eu arcu. Morbi sit amet massa. Quisque porttitor','RETURN-33',4,4,0,'2023-12-30','2023-06-05',6,182),(34,'semper egestas, urna justo faucibus lectus, a sollicitudin orci sem','RETURN-34',5,0,0,'2023-06-12','2023-08-24',360,397),(35,'mauris. Suspendisse aliquet molestie tellus. Aenean egestas hendrerit neque. In','RETURN-35',5,3,0,'2023-04-14','2022-04-09',54,436),(36,'mollis non, cursus non, egestas a, dui. Cras pellentesque. Sed','RETURN-36',3,2,0,'2023-09-10','2023-07-05',417,308),(37,'tellus justo sit amet nulla. Donec non justo. Proin non','RETURN-37',1,5,0,'2023-03-24','2023-12-29',235,412),(38,'neque sed sem egestas blandit. Nam nulla magna, malesuada vel,','RETURN-38',7,3,1,'2022-09-21','2022-11-06',318,310),(39,'eu, ultrices sit amet, risus. Donec nibh enim, gravida sit','RETURN-39',2,1,1,'2022-11-23','2022-09-12',102,166),(40,'nunc interdum feugiat. Sed nec metus facilisis lorem tristique aliquet.','RETURN-40',3,2,1,'2022-12-22','2022-10-15',252,25),(41,'eu odio tristique pharetra. Quisque ac libero nec ligula consectetuer','RETURN-41',8,5,1,'2022-07-31','2022-06-25',225,397),(42,'non, sollicitudin a, malesuada id, erat. Etiam vestibulum massa rutrum','RETURN-42',6,3,0,'2023-06-11','2022-04-23',186,398),(43,'et malesuada fames ac turpis egestas. Fusce aliquet magna a','RETURN-43',8,3,0,'2022-02-09','2022-02-11',520,214),(44,'gravida. Aliquam tincidunt, nunc ac mattis ornare, lectus ante dictum','RETURN-44',2,4,0,'2022-03-30','2023-01-25',532,485),(45,'ultricies sem magna nec quam. Curabitur vel lectus. Cum sociis','RETURN-45',6,0,1,'2022-01-28','2022-10-03',510,283),(46,'dapibus gravida. Aliquam tincidunt, nunc ac mattis ornare, lectus ante','RETURN-46',5,5,0,'2023-06-14','2022-03-31',405,221),(47,'magna. Praesent interdum ligula eu enim. Etiam imperdiet dictum magna.','RETURN-47',1,4,0,'2023-04-25','2024-01-04',184,273),(48,'tincidunt nibh. Phasellus nulla. Integer vulputate, risus a ultricies adipiscing,','RETURN-48',5,1,0,'2023-12-25','2022-06-17',129,106),(49,'at, nisi. Cum sociis natoque penatibus et magnis dis parturient','RETURN-49',2,3,0,'2023-12-30','2023-11-27',494,8),(50,'fringilla mi lacinia mattis. Integer eu lacus. Quisque imperdiet, erat','RETURN-50',8,5,0,'2023-10-08','2022-03-05',367,447),(51,'mi lorem, vehicula et, rutrum eu, ultrices sit amet, risus.','RETURN-51',5,4,1,'2023-10-28','2023-05-22',472,318),(52,'convallis in, cursus et, eros. Proin ultrices. Duis volutpat nunc','RETURN-52',6,4,1,'2022-08-03','2023-04-24',260,246),(53,'Vivamus euismod urna. Nullam lobortis quam a felis ullamcorper viverra.','RETURN-53',8,4,1,'2022-12-15','2023-10-20',45,158),(54,'Donec tempor, est ac mattis semper, dui lectus rutrum urna,','RETURN-54',9,2,0,'2023-10-03','2022-08-22',356,16),(55,'eget metus eu erat semper rutrum. Fusce dolor quam, elementum','RETURN-55',1,5,0,'2022-04-21','2022-09-07',79,344),(56,'Quisque imperdiet, erat nonummy ultricies ornare, elit elit fermentum risus,','RETURN-56',6,3,1,'2022-05-03','2023-01-13',525,479),(57,'ut lacus. Nulla tincidunt, neque vitae semper egestas, urna justo','RETURN-57',4,1,1,'2023-08-14','2023-04-09',488,263),(58,'tellus faucibus leo, in lobortis tellus justo sit amet nulla.','RETURN-58',2,2,1,'2022-05-15','2022-12-23',276,258),(59,'orci. Donec nibh. Quisque nonummy ipsum non arcu. Vivamus sit','RETURN-59',5,1,1,'2023-07-02','2023-05-06',214,316),(60,'metus. Aliquam erat volutpat. Nulla facilisis. Suspendisse commodo tincidunt nibh.','RETURN-60',9,3,1,'2023-12-26','2022-04-22',325,98),(61,'arcu. Sed et libero. Proin mi. Aliquam gravida mauris ut','RETURN-61',9,0,1,'2022-10-18','2022-06-07',364,376),(62,'est ac facilisis facilisis, magna tellus faucibus leo, in lobortis','RETURN-62',8,2,1,'2022-10-12','2022-08-03',520,299),(63,'amet ante. Vivamus non lorem vitae odio sagittis semper. Nam','RETURN-63',5,1,0,'2023-10-26','2023-07-10',495,244),(64,'nec ante blandit viverra. Donec tempus, lorem fringilla ornare placerat,','RETURN-64',3,2,0,'2023-08-18','2023-04-15',486,317),(65,'Sed eu nibh vulputate mauris sagittis placerat. Cras dictum ultricies','RETURN-65',3,0,0,'2022-05-09','2022-07-25',36,72),(66,'ut aliquam iaculis, lacus pede sagittis augue, eu tempor erat','RETURN-66',8,2,0,'2022-06-20','2023-10-16',99,99),(67,'tortor at risus. Nunc ac sem ut dolor dapibus gravida.','RETURN-67',9,2,1,'2023-11-25','2023-08-10',498,438),(68,'Aenean massa. Integer vitae nibh. Donec est mauris, rhoncus id,','RETURN-68',4,3,1,'2022-08-13','2023-08-17',275,490),(69,'enim. Suspendisse aliquet, sem ut cursus luctus, ipsum leo elementum','RETURN-69',5,1,1,'2022-09-12','2023-05-28',2,202),(70,'et pede. Nunc sed orci lobortis augue scelerisque mollis. Phasellus','RETURN-70',4,1,1,'2022-01-19','2023-04-13',383,232),(71,'vitae semper egestas, urna justo faucibus lectus, a sollicitudin orci','RETURN-71',10,3,1,'2023-03-02','2023-11-02',521,161),(72,'amet massa. Quisque porttitor eros nec tellus. Nunc lectus pede,','RETURN-72',6,4,1,'2023-08-11','2022-07-31',190,201),(73,'orci quis lectus. Nullam suscipit, est ac facilisis facilisis, magna','RETURN-73',2,3,0,'2023-03-02','2022-12-08',309,405),(74,'sem eget massa. Suspendisse eleifend. Cras sed leo. Cras vehicula','RETURN-74',7,5,1,'2022-10-31','2022-11-03',355,378),(75,'diam lorem, auctor quis, tristique ac, eleifend vitae, erat. Vivamus','RETURN-75',1,1,0,'2023-07-19','2022-01-29',78,2),(76,'vulputate ullamcorper magna. Sed eu eros. Nam consequat dolor vitae','RETURN-76',3,4,0,'2022-11-27','2022-08-10',106,132),(77,'non justo. Proin non massa non ante bibendum ullamcorper. Duis','RETURN-77',9,1,0,'2022-05-12','2022-04-19',263,315),(78,'a sollicitudin orci sem eget massa. Suspendisse eleifend. Cras sed','RETURN-78',6,5,0,'2022-07-14','2022-08-27',409,457),(79,'ipsum dolor sit amet, consectetuer adipiscing elit. Curabitur sed tortor.','RETURN-79',1,2,0,'2022-03-24','2023-02-08',250,264),(80,'sociis natoque penatibus et magnis dis parturient montes, nascetur ridiculus','RETURN-80',8,4,1,'2023-06-14','2022-07-26',460,302),(81,'Quisque ac libero nec ligula consectetuer rhoncus. Nullam velit dui,','RETURN-81',9,0,0,'2023-09-13','2022-02-16',463,218),(82,'a, arcu. Sed et libero. Proin mi. Aliquam gravida mauris','RETURN-82',8,1,0,'2022-04-19','2022-07-20',392,261),(83,'augue eu tellus. Phasellus elit pede, malesuada vel, venenatis vel,','RETURN-83',6,3,1,'2023-09-06','2023-02-18',337,222),(84,'sit amet metus. Aliquam erat volutpat. Nulla facilisis. Suspendisse commodo','RETURN-84',2,1,0,'2022-05-27','2023-03-02',320,349),(85,'congue, elit sed consequat auctor, nunc nulla vulputate dui, nec','RETURN-85',2,0,0,'2023-12-01','2022-10-30',509,234),(86,'nec metus facilisis lorem tristique aliquet. Phasellus fermentum convallis ligula.','RETURN-86',5,4,0,'2023-01-06','2023-02-13',443,296),(87,'vel arcu. Curabitur ut odio vel est tempor bibendum. Donec','RETURN-87',7,2,1,'2023-03-09','2023-02-04',46,155),(88,'primis in faucibus orci luctus et ultrices posuere cubilia Curae','RETURN-88',3,2,1,'2023-02-27','2022-10-10',500,243),(89,'in, tempus eu, ligula. Aenean euismod mauris eu elit. Nulla','RETURN-89',4,0,1,'2023-07-04','2023-12-26',206,19),(90,'Nunc mauris elit, dictum eu, eleifend nec, malesuada ut, sem.','RETURN-90',4,0,1,'2022-06-07','2022-05-14',65,433),(91,'hendrerit a, arcu. Sed et libero. Proin mi. Aliquam gravida','RETURN-91',3,1,0,'2022-07-06','2023-02-08',400,279),(92,'sed sem egestas blandit. Nam nulla magna, malesuada vel, convallis','RETURN-92',2,2,0,'2023-12-12','2023-09-18',193,411),(93,'odio semper cursus. Integer mollis. Integer tincidunt aliquam arcu. Aliquam','RETURN-93',3,4,1,'2023-02-28','2022-10-09',403,113),(94,'lobortis mauris. Suspendisse aliquet molestie tellus. Aenean egestas hendrerit neque.','RETURN-94',9,4,1,'2022-02-04','2023-10-29',483,1),(95,'risus. Nunc ac sem ut dolor dapibus gravida. Aliquam tincidunt,','RETURN-95',4,4,0,'2023-03-16','2023-06-15',50,487),(96,'cursus vestibulum. Mauris magna. Duis dignissim tempor arcu. Vestibulum ut','RETURN-96',7,0,1,'2023-09-20','2023-04-21',535,130),(97,'faucibus orci luctus et ultrices posuere cubilia Curae Donec tincidunt.','RETURN-97',3,1,0,'2022-04-28','2023-02-01',476,458),(98,'ut ipsum ac mi eleifend egestas. Sed pharetra, felis eget','RETURN-98',8,1,1,'2023-11-24','2023-02-19',308,258),(99,'magna. Nam ligula elit, pretium et, rutrum non, hendrerit id,','RETURN-99',5,4,0,'2022-07-13','2023-06-27',274,23),(100,'vel quam dignissim pharetra. Nam ac nulla. In tincidunt congue','RETURN-100',4,1,0,'2022-01-28','2023-04-10',435,270);
/*!40000 ALTER TABLE `returns` ENABLE KEYS */;
UNLOCK TABLES;

--
-- Table structure for table `shipping_method`
--

DROP TABLE IF EXISTS `shipping_method`;
/*!40101 SET @saved_cs_client     = @@character_set_client */;
/*!50503 SET character_set_client = utf8mb4 */;
CREATE TABLE `shipping_method` (
  `id` bigint NOT NULL AUTO_INCREMENT,
  `create_by` varchar(255) DEFAULT NULL,
  `create_date` varchar(255) DEFAULT NULL,
  `modified_by` varchar(255) DEFAULT NULL,
  `modified_date` datetime(6) DEFAULT NULL,
  `name` varchar(105) NOT NULL,
  `price` double NOT NULL,
  `status` tinyint DEFAULT '1',
  PRIMARY KEY (`id`)
) ENGINE=InnoDB AUTO_INCREMENT=11 DEFAULT CHARSET=utf8mb4 COLLATE=utf8mb4_0900_ai_ci;
/*!40101 SET character_set_client = @saved_cs_client */;

--
-- Dumping data for table `shipping_method`
--

LOCK TABLES `shipping_method` WRITE;
/*!40000 ALTER TABLE `shipping_method` DISABLE KEYS */;
INSERT INTO `shipping_method` VALUES (1,NULL,NULL,NULL,NULL,'Nhận hàng khi thanh toán',31783.41,NULL),(2,NULL,NULL,NULL,NULL,'Zalopay',58591.67,NULL),(3,NULL,NULL,NULL,NULL,'MoMo',58747.86,NULL),(4,NULL,NULL,NULL,NULL,'Viettel pay',6191.26,NULL),(5,NULL,NULL,NULL,NULL,'VNPT pay',9144.27,NULL),(6,NULL,NULL,NULL,NULL,'Vietcombank',36570.85,NULL),(7,NULL,NULL,NULL,NULL,'MB bank',56968.39,NULL),(8,NULL,NULL,NULL,NULL,'TP bank',80948.62,NULL),(9,NULL,NULL,NULL,NULL,'Techcombank',49095.18,NULL),(10,NULL,NULL,NULL,NULL,'BIDV',69962.92,NULL);
/*!40000 ALTER TABLE `shipping_method` ENABLE KEYS */;
UNLOCK TABLES;

--
-- Table structure for table `user`
--

DROP TABLE IF EXISTS `user`;
/*!40101 SET @saved_cs_client     = @@character_set_client */;
/*!50503 SET character_set_client = utf8mb4 */;
CREATE TABLE `user` (
  `id` bigint NOT NULL AUTO_INCREMENT,
  `create_by` varchar(255) DEFAULT NULL,
  `create_date` varchar(255) DEFAULT NULL,
  `modified_by` varchar(255) DEFAULT NULL,
  `modified_date` datetime(6) DEFAULT NULL,
  `activate` tinyint DEFAULT NULL,
  `email` varchar(105) DEFAULT NULL,
  `first_name` varchar(45) DEFAULT NULL,
  `last_name` varchar(45) DEFAULT NULL,
  `password_hash` varchar(105) NOT NULL,
  `phone` varchar(35) DEFAULT NULL,
  `username` varchar(50) NOT NULL,
  PRIMARY KEY (`id`)
) ENGINE=InnoDB AUTO_INCREMENT=101 DEFAULT CHARSET=utf8mb4 COLLATE=utf8mb4_0900_ai_ci;
/*!40101 SET character_set_client = @saved_cs_client */;

--
-- Dumping data for table `user`
--

LOCK TABLES `user` WRITE;
/*!40000 ALTER TABLE `user` DISABLE KEYS */;
INSERT INTO `user` VALUES (1,NULL,NULL,NULL,NULL,1,'diam@protonmail.edu','Stuart','Mikayla','$2a$12$YrMngeEcdbNiYLXodgJzr.KoIt8LV0bUdYkOORZvFHJ.695hP88v2','1-808-223-2034','ROW-1'),(2,NULL,NULL,NULL,NULL,1,'duis@aol.org','Shaeleigh','Chandler','$2a$12$YrMngeEcdbNiYLXodgJzr.KoIt8LV0bUdYkOORZvFHJ.695hP88v2','1-173-527-5372','ROW-2'),(3,NULL,NULL,NULL,NULL,0,'malesuada.malesuada.integer@icloud.net','Emery','Ruth','$2a$12$YrMngeEcdbNiYLXodgJzr.KoIt8LV0bUdYkOORZvFHJ.695hP88v2','(871) 833-4871','ROW-3'),(4,NULL,NULL,NULL,NULL,1,'nonummy.ultricies@hotmail.net','Keefe','Gil','$2a$12$YrMngeEcdbNiYLXodgJzr.KoIt8LV0bUdYkOORZvFHJ.695hP88v2','(952) 797-2164','ROW-4'),(5,NULL,NULL,NULL,NULL,1,'amet@aol.org','Yoshio','Hedy','$2a$12$YrMngeEcdbNiYLXodgJzr.KoIt8LV0bUdYkOORZvFHJ.695hP88v2','1-761-966-0632','ROW-5'),(6,NULL,NULL,NULL,NULL,0,'odio.etiam@hotmail.net','Hollee','Abdul','$2a$12$YrMngeEcdbNiYLXodgJzr.KoIt8LV0bUdYkOORZvFHJ.695hP88v2','1-778-421-2183','ROW-6'),(7,NULL,NULL,NULL,NULL,0,'ridiculus.mus@google.edu','Porter','Ria','$2a$12$YrMngeEcdbNiYLXodgJzr.KoIt8LV0bUdYkOORZvFHJ.695hP88v2','(750) 665-8546','ROW-7'),(8,NULL,NULL,NULL,NULL,1,'in.tincidunt.congue@google.net','Yardley','Lareina','$2a$12$YrMngeEcdbNiYLXodgJzr.KoIt8LV0bUdYkOORZvFHJ.695hP88v2','1-332-265-6655','ROW-8'),(9,NULL,NULL,NULL,NULL,0,'mollis.vitae@aol.couk','Stephen','Hayden','$2a$12$YrMngeEcdbNiYLXodgJzr.KoIt8LV0bUdYkOORZvFHJ.695hP88v2','1-512-626-2716','ROW-9'),(10,NULL,NULL,NULL,NULL,1,'nec@icloud.ca','Regan','Mary','$2a$12$YrMngeEcdbNiYLXodgJzr.KoIt8LV0bUdYkOORZvFHJ.695hP88v2','1-336-544-1791','ROW-10'),(11,NULL,NULL,NULL,NULL,0,'neque.in@outlook.ca','Chanda','Lewis','$2a$12$YrMngeEcdbNiYLXodgJzr.KoIt8LV0bUdYkOORZvFHJ.695hP88v2','(796) 256-5332','ROW-11'),(12,NULL,NULL,NULL,NULL,0,'interdum.nunc@icloud.com','Wang','Jamal','$2a$12$YrMngeEcdbNiYLXodgJzr.KoIt8LV0bUdYkOORZvFHJ.695hP88v2','(893) 322-0432','ROW-12'),(13,NULL,NULL,NULL,NULL,1,'aliquet@icloud.com','Lacota','Marsden','$2a$12$YrMngeEcdbNiYLXodgJzr.KoIt8LV0bUdYkOORZvFHJ.695hP88v2','(375) 468-7338','ROW-13'),(14,NULL,NULL,NULL,NULL,0,'nunc.quisque@yahoo.com','Allen','Moses','$2a$12$YrMngeEcdbNiYLXodgJzr.KoIt8LV0bUdYkOORZvFHJ.695hP88v2','1-504-336-6330','ROW-14'),(15,NULL,NULL,NULL,NULL,0,'erat.eget@protonmail.couk','Dennis','Constance','$2a$12$YrMngeEcdbNiYLXodgJzr.KoIt8LV0bUdYkOORZvFHJ.695hP88v2','(871) 824-2710','ROW-15'),(16,NULL,NULL,NULL,NULL,0,'facilisis.non.bibendum@protonmail.net','Axel','Thane','$2a$12$YrMngeEcdbNiYLXodgJzr.KoIt8LV0bUdYkOORZvFHJ.695hP88v2','(487) 505-7121','ROW-16'),(17,NULL,NULL,NULL,NULL,1,'vivamus.nibh@outlook.edu','Timothy','Demetrius','$2a$12$YrMngeEcdbNiYLXodgJzr.KoIt8LV0bUdYkOORZvFHJ.695hP88v2','1-574-825-8685','ROW-17'),(18,NULL,NULL,NULL,NULL,0,'tellus.phasellus@protonmail.couk','Minerva','Rana','$2a$12$YrMngeEcdbNiYLXodgJzr.KoIt8LV0bUdYkOORZvFHJ.695hP88v2','1-487-355-6627','ROW-18'),(19,NULL,NULL,NULL,NULL,1,'lobortis@outlook.net','Anastasia','Larissa','$2a$12$YrMngeEcdbNiYLXodgJzr.KoIt8LV0bUdYkOORZvFHJ.695hP88v2','(720) 212-7666','ROW-19'),(20,NULL,NULL,NULL,NULL,0,'lacus.aliquam@icloud.com','Kay','Kennan','$2a$12$YrMngeEcdbNiYLXodgJzr.KoIt8LV0bUdYkOORZvFHJ.695hP88v2','(245) 744-7752','ROW-20'),(21,NULL,NULL,NULL,NULL,1,'ante.bibendum@icloud.couk','Armand','Jordan','$2a$12$YrMngeEcdbNiYLXodgJzr.KoIt8LV0bUdYkOORZvFHJ.695hP88v2','(554) 270-3188','ROW-21'),(22,NULL,NULL,NULL,NULL,0,'nulla@icloud.couk','Keaton','Tad','$2a$12$YrMngeEcdbNiYLXodgJzr.KoIt8LV0bUdYkOORZvFHJ.695hP88v2','(446) 371-1244','ROW-22'),(23,NULL,NULL,NULL,NULL,1,'quis.tristique@hotmail.couk','Teegan','Avram','$2a$12$YrMngeEcdbNiYLXodgJzr.KoIt8LV0bUdYkOORZvFHJ.695hP88v2','1-852-874-3521','ROW-23'),(24,NULL,NULL,NULL,NULL,0,'est.nunc.ullamcorper@aol.net','Debra','Cassidy','$2a$12$YrMngeEcdbNiYLXodgJzr.KoIt8LV0bUdYkOORZvFHJ.695hP88v2','1-916-911-9632','ROW-24'),(25,NULL,NULL,NULL,NULL,1,'mollis.duis.sit@protonmail.edu','Helen','Tobias','$2a$12$YrMngeEcdbNiYLXodgJzr.KoIt8LV0bUdYkOORZvFHJ.695hP88v2','1-465-155-5524','ROW-25'),(26,NULL,NULL,NULL,NULL,0,'quisque@hotmail.edu','Tarik','Isaiah','$2a$12$YrMngeEcdbNiYLXodgJzr.KoIt8LV0bUdYkOORZvFHJ.695hP88v2','1-315-859-0856','ROW-26'),(27,NULL,NULL,NULL,NULL,1,'arcu.vestibulum.ut@protonmail.edu','Jasmine','Kyla','$2a$12$YrMngeEcdbNiYLXodgJzr.KoIt8LV0bUdYkOORZvFHJ.695hP88v2','(644) 423-8830','ROW-27'),(28,NULL,NULL,NULL,NULL,0,'enim@icloud.org','Jena','Quinn','$2a$12$YrMngeEcdbNiYLXodgJzr.KoIt8LV0bUdYkOORZvFHJ.695hP88v2','1-272-184-6727','ROW-28'),(29,NULL,NULL,NULL,NULL,1,'iaculis.lacus@icloud.net','Ifeoma','Erasmus','$2a$12$YrMngeEcdbNiYLXodgJzr.KoIt8LV0bUdYkOORZvFHJ.695hP88v2','(488) 385-0258','ROW-29'),(30,NULL,NULL,NULL,NULL,0,'nec.luctus@icloud.couk','Athena','Martha','$2a$12$YrMngeEcdbNiYLXodgJzr.KoIt8LV0bUdYkOORZvFHJ.695hP88v2','1-287-686-6751','ROW-30'),(31,NULL,NULL,NULL,NULL,1,'lorem.luctus.ut@hotmail.net','Lionel','Castor','$2a$12$YrMngeEcdbNiYLXodgJzr.KoIt8LV0bUdYkOORZvFHJ.695hP88v2','(572) 216-9220','ROW-31'),(32,NULL,NULL,NULL,NULL,0,'donec.egestas@icloud.org','Jonas','Darius','$2a$12$YrMngeEcdbNiYLXodgJzr.KoIt8LV0bUdYkOORZvFHJ.695hP88v2','(156) 865-5823','ROW-32'),(33,NULL,NULL,NULL,NULL,1,'natoque.penatibus@icloud.org','Cedric','Vladimir','$2a$12$YrMngeEcdbNiYLXodgJzr.KoIt8LV0bUdYkOORZvFHJ.695hP88v2','(743) 810-7366','ROW-33'),(34,NULL,NULL,NULL,NULL,1,'ullamcorper.nisl.arcu@aol.couk','Ignatius','Clementine','$2a$12$YrMngeEcdbNiYLXodgJzr.KoIt8LV0bUdYkOORZvFHJ.695hP88v2','(751) 582-2398','ROW-34'),(35,NULL,NULL,NULL,NULL,1,'et.netus@hotmail.org','Jamal','Aaron','$2a$12$YrMngeEcdbNiYLXodgJzr.KoIt8LV0bUdYkOORZvFHJ.695hP88v2','(481) 663-6632','ROW-35'),(36,NULL,NULL,NULL,NULL,0,'quisque.nonummy.ipsum@protonmail.org','Breanna','Maris','$2a$12$YrMngeEcdbNiYLXodgJzr.KoIt8LV0bUdYkOORZvFHJ.695hP88v2','1-617-274-4184','ROW-36'),(37,NULL,NULL,NULL,NULL,1,'feugiat.tellus@aol.org','Eve','Scott','$2a$12$YrMngeEcdbNiYLXodgJzr.KoIt8LV0bUdYkOORZvFHJ.695hP88v2','1-405-270-6651','ROW-37'),(38,NULL,NULL,NULL,NULL,1,'sed@aol.net','Kim','Neve','$2a$12$YrMngeEcdbNiYLXodgJzr.KoIt8LV0bUdYkOORZvFHJ.695hP88v2','1-168-656-0811','ROW-38'),(39,NULL,NULL,NULL,NULL,0,'lobortis.class@icloud.net','Risa','Ila','$2a$12$YrMngeEcdbNiYLXodgJzr.KoIt8LV0bUdYkOORZvFHJ.695hP88v2','(525) 224-5772','ROW-39'),(40,NULL,NULL,NULL,NULL,0,'bibendum.sed@google.com','Driscoll','Glenna','$2a$12$YrMngeEcdbNiYLXodgJzr.KoIt8LV0bUdYkOORZvFHJ.695hP88v2','(368) 475-3657','ROW-40'),(41,NULL,NULL,NULL,NULL,1,'ut.ipsum.ac@icloud.couk','Camilla','Uriel','$2a$12$YrMngeEcdbNiYLXodgJzr.KoIt8LV0bUdYkOORZvFHJ.695hP88v2','(443) 418-7792','ROW-41'),(42,NULL,NULL,NULL,NULL,1,'eget.varius@protonmail.ca','Colleen','Demetrius','$2a$12$YrMngeEcdbNiYLXodgJzr.KoIt8LV0bUdYkOORZvFHJ.695hP88v2','(745) 689-3354','ROW-42'),(43,NULL,NULL,NULL,NULL,0,'justo.proin@yahoo.net','Phelan','Carla','$2a$12$YrMngeEcdbNiYLXodgJzr.KoIt8LV0bUdYkOORZvFHJ.695hP88v2','(104) 442-1336','ROW-43'),(44,NULL,NULL,NULL,NULL,1,'phasellus.libero.mauris@icloud.edu','Candice','George','$2a$12$YrMngeEcdbNiYLXodgJzr.KoIt8LV0bUdYkOORZvFHJ.695hP88v2','(533) 348-9131','ROW-44'),(45,NULL,NULL,NULL,NULL,1,'fringilla.est.mauris@google.edu','Venus','Len','$2a$12$YrMngeEcdbNiYLXodgJzr.KoIt8LV0bUdYkOORZvFHJ.695hP88v2','1-763-775-1575','ROW-45'),(46,NULL,NULL,NULL,NULL,0,'rutrum@hotmail.org','Kaye','Lucas','$2a$12$YrMngeEcdbNiYLXodgJzr.KoIt8LV0bUdYkOORZvFHJ.695hP88v2','(577) 220-7135','ROW-46'),(47,NULL,NULL,NULL,NULL,1,'eget@protonmail.ca','Mira','Madeline','$2a$12$YrMngeEcdbNiYLXodgJzr.KoIt8LV0bUdYkOORZvFHJ.695hP88v2','(831) 781-8431','ROW-47'),(48,NULL,NULL,NULL,NULL,1,'diam@outlook.com','Aaron','Karyn','$2a$12$YrMngeEcdbNiYLXodgJzr.KoIt8LV0bUdYkOORZvFHJ.695hP88v2','(917) 241-5662','ROW-48'),(49,NULL,NULL,NULL,NULL,0,'enim.diam@yahoo.couk','Kai','Velma','$2a$12$YrMngeEcdbNiYLXodgJzr.KoIt8LV0bUdYkOORZvFHJ.695hP88v2','1-315-672-3024','ROW-49'),(50,NULL,NULL,NULL,NULL,1,'vitae.sodales@icloud.edu','Hayley','Drew','$2a$12$YrMngeEcdbNiYLXodgJzr.KoIt8LV0bUdYkOORZvFHJ.695hP88v2','1-275-520-2500','ROW-50'),(51,NULL,NULL,NULL,NULL,0,'fusce.mi@google.net','Tarik','Kessie','$2a$12$YrMngeEcdbNiYLXodgJzr.KoIt8LV0bUdYkOORZvFHJ.695hP88v2','1-464-548-9578','ROW-51'),(52,NULL,NULL,NULL,NULL,1,'nec.eleifend@outlook.edu','Trevor','Keefe','$2a$12$YrMngeEcdbNiYLXodgJzr.KoIt8LV0bUdYkOORZvFHJ.695hP88v2','(686) 832-3511','ROW-52'),(53,NULL,NULL,NULL,NULL,1,'nec.orci@google.couk','Cullen','Grady','$2a$12$YrMngeEcdbNiYLXodgJzr.KoIt8LV0bUdYkOORZvFHJ.695hP88v2','1-103-624-9346','ROW-53'),(54,NULL,NULL,NULL,NULL,1,'eu@aol.net','Rosalyn','Dalton','$2a$12$YrMngeEcdbNiYLXodgJzr.KoIt8LV0bUdYkOORZvFHJ.695hP88v2','1-461-134-4154','ROW-54'),(55,NULL,NULL,NULL,NULL,0,'imperdiet.dictum@outlook.edu','Iris','Lynn','$2a$12$YrMngeEcdbNiYLXodgJzr.KoIt8LV0bUdYkOORZvFHJ.695hP88v2','(881) 589-6781','ROW-55'),(56,NULL,NULL,NULL,NULL,1,'tortor.dictum.eu@aol.net','Gareth','Hayfa','$2a$12$YrMngeEcdbNiYLXodgJzr.KoIt8LV0bUdYkOORZvFHJ.695hP88v2','(846) 595-6676','ROW-56'),(57,NULL,NULL,NULL,NULL,0,'donec@outlook.edu','Rhona','Lois','$2a$12$YrMngeEcdbNiYLXodgJzr.KoIt8LV0bUdYkOORZvFHJ.695hP88v2','(478) 893-8247','ROW-57'),(58,NULL,NULL,NULL,NULL,1,'nulla@hotmail.org','Wallace','Scott','$2a$12$YrMngeEcdbNiYLXodgJzr.KoIt8LV0bUdYkOORZvFHJ.695hP88v2','1-637-721-0275','ROW-58'),(59,NULL,NULL,NULL,NULL,0,'tempus.mauris@google.couk','Acton','Fritz','$2a$12$YrMngeEcdbNiYLXodgJzr.KoIt8LV0bUdYkOORZvFHJ.695hP88v2','(195) 351-0758','ROW-59'),(60,NULL,NULL,NULL,NULL,0,'ornare.facilisis@hotmail.org','Vincent','Wallace','$2a$12$YrMngeEcdbNiYLXodgJzr.KoIt8LV0bUdYkOORZvFHJ.695hP88v2','(233) 781-5784','ROW-60'),(61,NULL,NULL,NULL,NULL,1,'lobortis.class@google.org','Stephen','Jaquelyn','$2a$12$YrMngeEcdbNiYLXodgJzr.KoIt8LV0bUdYkOORZvFHJ.695hP88v2','1-555-792-3211','ROW-61'),(62,NULL,NULL,NULL,NULL,0,'amet.lorem@protonmail.com','Colby','Neville','$2a$12$YrMngeEcdbNiYLXodgJzr.KoIt8LV0bUdYkOORZvFHJ.695hP88v2','1-982-715-8342','ROW-62'),(63,NULL,NULL,NULL,NULL,1,'ac@outlook.com','Mollie','Tiger','$2a$12$YrMngeEcdbNiYLXodgJzr.KoIt8LV0bUdYkOORZvFHJ.695hP88v2','(745) 398-7195','ROW-63'),(64,NULL,NULL,NULL,NULL,0,'facilisis.eget@google.ca','Violet','Walker','$2a$12$YrMngeEcdbNiYLXodgJzr.KoIt8LV0bUdYkOORZvFHJ.695hP88v2','1-455-511-5326','ROW-64'),(65,NULL,NULL,NULL,NULL,0,'interdum@icloud.edu','Susan','Clare','$2a$12$YrMngeEcdbNiYLXodgJzr.KoIt8LV0bUdYkOORZvFHJ.695hP88v2','(182) 528-2558','ROW-65'),(66,NULL,NULL,NULL,NULL,0,'tincidunt.nunc@aol.net','Candice','Chanda','$2a$12$YrMngeEcdbNiYLXodgJzr.KoIt8LV0bUdYkOORZvFHJ.695hP88v2','(817) 275-5625','ROW-66'),(67,NULL,NULL,NULL,NULL,0,'interdum.nunc.sollicitudin@yahoo.edu','Justine','Charity','$2a$12$YrMngeEcdbNiYLXodgJzr.KoIt8LV0bUdYkOORZvFHJ.695hP88v2','1-329-955-1737','ROW-67'),(68,NULL,NULL,NULL,NULL,1,'lorem.luctus@outlook.com','Ross','Timothy','$2a$12$YrMngeEcdbNiYLXodgJzr.KoIt8LV0bUdYkOORZvFHJ.695hP88v2','1-910-437-9558','ROW-68'),(69,NULL,NULL,NULL,NULL,0,'pharetra.sed@hotmail.com','Stacy','Noah','$2a$12$YrMngeEcdbNiYLXodgJzr.KoIt8LV0bUdYkOORZvFHJ.695hP88v2','(766) 354-1335','ROW-69'),(70,NULL,NULL,NULL,NULL,1,'nec@outlook.com','Brett','Grace','$2a$12$YrMngeEcdbNiYLXodgJzr.KoIt8LV0bUdYkOORZvFHJ.695hP88v2','1-926-614-8146','ROW-70'),(71,NULL,NULL,NULL,NULL,0,'adipiscing.lobortis@hotmail.net','Madaline','Ferdinand','$2a$12$YrMngeEcdbNiYLXodgJzr.KoIt8LV0bUdYkOORZvFHJ.695hP88v2','1-620-236-0428','ROW-71'),(72,NULL,NULL,NULL,NULL,1,'risus.at@aol.edu','Robin','Pearl','$2a$12$YrMngeEcdbNiYLXodgJzr.KoIt8LV0bUdYkOORZvFHJ.695hP88v2','(858) 882-6874','ROW-72'),(73,NULL,NULL,NULL,NULL,0,'mauris.id@google.org','Hillary','Coby','$2a$12$YrMngeEcdbNiYLXodgJzr.KoIt8LV0bUdYkOORZvFHJ.695hP88v2','1-847-450-7494','ROW-73'),(74,NULL,NULL,NULL,NULL,1,'mauris.erat@yahoo.couk','William','Arden','$2a$12$YrMngeEcdbNiYLXodgJzr.KoIt8LV0bUdYkOORZvFHJ.695hP88v2','(443) 536-1385','ROW-74'),(75,NULL,NULL,NULL,NULL,1,'lectus@google.ca','Davis','Cole','$2a$12$YrMngeEcdbNiYLXodgJzr.KoIt8LV0bUdYkOORZvFHJ.695hP88v2','1-345-283-3518','ROW-75'),(76,NULL,NULL,NULL,NULL,0,'feugiat@yahoo.com','Basia','Xavier','$2a$12$YrMngeEcdbNiYLXodgJzr.KoIt8LV0bUdYkOORZvFHJ.695hP88v2','(802) 332-9177','ROW-76'),(77,NULL,NULL,NULL,NULL,1,'ultrices.vivamus.rhoncus@hotmail.couk','Micah','Ria','$2a$12$YrMngeEcdbNiYLXodgJzr.KoIt8LV0bUdYkOORZvFHJ.695hP88v2','1-689-386-2269','ROW-77'),(78,NULL,NULL,NULL,NULL,0,'lacinia.at@google.edu','Barclay','Althea','$2a$12$YrMngeEcdbNiYLXodgJzr.KoIt8LV0bUdYkOORZvFHJ.695hP88v2','(753) 776-5588','ROW-78'),(79,NULL,NULL,NULL,NULL,0,'neque.sed@icloud.org','Emi','Yeo','$2a$12$YrMngeEcdbNiYLXodgJzr.KoIt8LV0bUdYkOORZvFHJ.695hP88v2','1-176-705-3543','ROW-79'),(80,NULL,NULL,NULL,NULL,1,'vivamus.nibh.dolor@outlook.com','Nichole','Yael','$2a$12$YrMngeEcdbNiYLXodgJzr.KoIt8LV0bUdYkOORZvFHJ.695hP88v2','(333) 437-8176','ROW-80'),(81,NULL,NULL,NULL,NULL,0,'augue.eu@google.com','Hop','Emerald','$2a$12$YrMngeEcdbNiYLXodgJzr.KoIt8LV0bUdYkOORZvFHJ.695hP88v2','1-284-870-1933','ROW-81'),(82,NULL,NULL,NULL,NULL,0,'egestas@icloud.edu','Berk','Beck','$2a$12$YrMngeEcdbNiYLXodgJzr.KoIt8LV0bUdYkOORZvFHJ.695hP88v2','(144) 504-6132','ROW-82'),(83,NULL,NULL,NULL,NULL,1,'sem.nulla@yahoo.edu','Vivian','Jena','$2a$12$YrMngeEcdbNiYLXodgJzr.KoIt8LV0bUdYkOORZvFHJ.695hP88v2','(459) 718-6731','ROW-83'),(84,NULL,NULL,NULL,NULL,1,'donec.fringilla@google.com','Dana','Arthur','$2a$12$YrMngeEcdbNiYLXodgJzr.KoIt8LV0bUdYkOORZvFHJ.695hP88v2','(657) 356-0466','ROW-84'),(85,NULL,NULL,NULL,NULL,1,'ultricies@icloud.ca','Martha','Alden','$2a$12$YrMngeEcdbNiYLXodgJzr.KoIt8LV0bUdYkOORZvFHJ.695hP88v2','(305) 160-6617','ROW-85'),(86,NULL,NULL,NULL,NULL,1,'nulla.dignissim@icloud.net','Finn','Kelsie','$2a$12$YrMngeEcdbNiYLXodgJzr.KoIt8LV0bUdYkOORZvFHJ.695hP88v2','(438) 433-0154','ROW-86'),(87,NULL,NULL,NULL,NULL,1,'vivamus.euismod@hotmail.ca','Lareina','Kameko','$2a$12$YrMngeEcdbNiYLXodgJzr.KoIt8LV0bUdYkOORZvFHJ.695hP88v2','1-351-491-3485','ROW-87'),(88,NULL,NULL,NULL,NULL,1,'ipsum.donec@google.net','Howard','Blossom','$2a$12$YrMngeEcdbNiYLXodgJzr.KoIt8LV0bUdYkOORZvFHJ.695hP88v2','1-168-944-2932','ROW-88'),(89,NULL,NULL,NULL,NULL,1,'sem.semper@icloud.org','Blaze','Adele','$2a$12$YrMngeEcdbNiYLXodgJzr.KoIt8LV0bUdYkOORZvFHJ.695hP88v2','(515) 531-2536','ROW-89'),(90,NULL,NULL,NULL,NULL,0,'fringilla.donec@google.couk','Daquan','Clare','$2a$12$YrMngeEcdbNiYLXodgJzr.KoIt8LV0bUdYkOORZvFHJ.695hP88v2','1-228-874-2437','ROW-90'),(91,NULL,NULL,NULL,NULL,0,'dictum.mi.ac@aol.net','Iola','Nerea','$2a$12$YrMngeEcdbNiYLXodgJzr.KoIt8LV0bUdYkOORZvFHJ.695hP88v2','(992) 725-6482','ROW-91'),(92,NULL,NULL,NULL,NULL,1,'neque.vitae@aol.couk','Colton','Lyle','$2a$12$YrMngeEcdbNiYLXodgJzr.KoIt8LV0bUdYkOORZvFHJ.695hP88v2','(281) 451-1563','ROW-92'),(93,NULL,NULL,NULL,NULL,0,'augue.id.ante@hotmail.net','Lillith','Stuart','$2a$12$YrMngeEcdbNiYLXodgJzr.KoIt8LV0bUdYkOORZvFHJ.695hP88v2','1-584-821-3731','ROW-93'),(94,NULL,NULL,NULL,NULL,0,'quam@protonmail.edu','Suki','Chancellor','$2a$12$YrMngeEcdbNiYLXodgJzr.KoIt8LV0bUdYkOORZvFHJ.695hP88v2','1-730-409-4680','ROW-94'),(95,NULL,NULL,NULL,NULL,0,'eu.arcu.morbi@aol.couk','Freya','Lucy','$2a$12$YrMngeEcdbNiYLXodgJzr.KoIt8LV0bUdYkOORZvFHJ.695hP88v2','(526) 994-3623','ROW-95'),(96,NULL,NULL,NULL,NULL,0,'odio@aol.edu','Shea','Ivy','$2a$12$YrMngeEcdbNiYLXodgJzr.KoIt8LV0bUdYkOORZvFHJ.695hP88v2','1-788-150-2536','ROW-96'),(97,NULL,NULL,NULL,NULL,1,'elementum.lorem@protonmail.org','Gabriel','Amanda','$2a$12$YrMngeEcdbNiYLXodgJzr.KoIt8LV0bUdYkOORZvFHJ.695hP88v2','(254) 973-1382','ROW-97'),(98,NULL,NULL,NULL,NULL,0,'quisque.tincidunt@protonmail.net','Tallulah','Kai','$2a$12$YrMngeEcdbNiYLXodgJzr.KoIt8LV0bUdYkOORZvFHJ.695hP88v2','(285) 429-9279','ROW-98'),(99,NULL,NULL,NULL,NULL,1,'auctor.mauris.vel@protonmail.ca','Travis','Martha','$2a$12$YrMngeEcdbNiYLXodgJzr.KoIt8LV0bUdYkOORZvFHJ.695hP88v2','1-267-364-5256','ROW-99'),(100,NULL,NULL,NULL,NULL,1,'fusce.mollis@yahoo.ca','Indira','Brittany','$2a$12$YrMngeEcdbNiYLXodgJzr.KoIt8LV0bUdYkOORZvFHJ.695hP88v2','(672) 521-1819','ROW-100');
/*!40000 ALTER TABLE `user` ENABLE KEYS */;
UNLOCK TABLES;

--
-- Table structure for table `user_address`
--

DROP TABLE IF EXISTS `user_address`;
/*!40101 SET @saved_cs_client     = @@character_set_client */;
/*!50503 SET character_set_client = utf8mb4 */;
CREATE TABLE `user_address` (
  `id` bigint NOT NULL AUTO_INCREMENT,
  `create_by` varchar(255) DEFAULT NULL,
  `create_date` varchar(255) DEFAULT NULL,
  `modified_by` varchar(255) DEFAULT NULL,
  `modified_date` datetime(6) DEFAULT NULL,
  `is_default` tinyint DEFAULT NULL,
  `address_id` bigint NOT NULL,
  `user_id` bigint NOT NULL,
  PRIMARY KEY (`id`),
  KEY `FKdaaxogn1ss81gkcsdn05wi6jp` (`address_id`),
  KEY `FKqtple7m187x0drpv9gv9u0gnr` (`user_id`),
  CONSTRAINT `FKdaaxogn1ss81gkcsdn05wi6jp` FOREIGN KEY (`address_id`) REFERENCES `address` (`id`),
  CONSTRAINT `FKqtple7m187x0drpv9gv9u0gnr` FOREIGN KEY (`user_id`) REFERENCES `user` (`id`)
) ENGINE=InnoDB AUTO_INCREMENT=101 DEFAULT CHARSET=utf8mb4 COLLATE=utf8mb4_0900_ai_ci;
/*!40101 SET character_set_client = @saved_cs_client */;

--
-- Dumping data for table `user_address`
--

LOCK TABLES `user_address` WRITE;
/*!40000 ALTER TABLE `user_address` DISABLE KEYS */;
INSERT INTO `user_address` VALUES (1,NULL,NULL,NULL,NULL,1,3,55),(2,NULL,NULL,NULL,NULL,1,37,36),(3,NULL,NULL,NULL,NULL,0,82,65),(4,NULL,NULL,NULL,NULL,0,1,16),(5,NULL,NULL,NULL,NULL,1,42,47),(6,NULL,NULL,NULL,NULL,1,27,17),(7,NULL,NULL,NULL,NULL,0,31,3),(8,NULL,NULL,NULL,NULL,0,27,50),(9,NULL,NULL,NULL,NULL,0,48,21),(10,NULL,NULL,NULL,NULL,1,58,11),(11,NULL,NULL,NULL,NULL,0,63,29),(12,NULL,NULL,NULL,NULL,1,15,78),(13,NULL,NULL,NULL,NULL,1,52,27),(14,NULL,NULL,NULL,NULL,0,10,49),(15,NULL,NULL,NULL,NULL,0,67,75),(16,NULL,NULL,NULL,NULL,1,48,9),(17,NULL,NULL,NULL,NULL,0,12,95),(18,NULL,NULL,NULL,NULL,1,27,5),(19,NULL,NULL,NULL,NULL,1,88,51),(20,NULL,NULL,NULL,NULL,1,94,31),(21,NULL,NULL,NULL,NULL,1,88,12),(22,NULL,NULL,NULL,NULL,0,52,69),(23,NULL,NULL,NULL,NULL,0,19,90),(24,NULL,NULL,NULL,NULL,1,40,21),(25,NULL,NULL,NULL,NULL,1,22,69),(26,NULL,NULL,NULL,NULL,0,12,44),(27,NULL,NULL,NULL,NULL,1,62,95),(28,NULL,NULL,NULL,NULL,1,18,8),(29,NULL,NULL,NULL,NULL,1,40,81),(30,NULL,NULL,NULL,NULL,0,13,43),(31,NULL,NULL,NULL,NULL,0,94,80),(32,NULL,NULL,NULL,NULL,1,92,7),(33,NULL,NULL,NULL,NULL,1,25,35),(34,NULL,NULL,NULL,NULL,0,93,26),(35,NULL,NULL,NULL,NULL,1,60,46),(36,NULL,NULL,NULL,NULL,1,35,30),(37,NULL,NULL,NULL,NULL,0,36,32),(38,NULL,NULL,NULL,NULL,0,17,76),(39,NULL,NULL,NULL,NULL,0,55,8),(40,NULL,NULL,NULL,NULL,1,34,24),(41,NULL,NULL,NULL,NULL,1,86,1),(42,NULL,NULL,NULL,NULL,0,91,47),(43,NULL,NULL,NULL,NULL,1,41,20),(44,NULL,NULL,NULL,NULL,0,34,18),(45,NULL,NULL,NULL,NULL,1,51,58),(46,NULL,NULL,NULL,NULL,0,19,87),(47,NULL,NULL,NULL,NULL,1,21,61),(48,NULL,NULL,NULL,NULL,1,9,65),(49,NULL,NULL,NULL,NULL,0,71,10),(50,NULL,NULL,NULL,NULL,0,21,98),(51,NULL,NULL,NULL,NULL,0,1,58),(52,NULL,NULL,NULL,NULL,1,94,16),(53,NULL,NULL,NULL,NULL,0,48,18),(54,NULL,NULL,NULL,NULL,0,81,74),(55,NULL,NULL,NULL,NULL,0,32,36),(56,NULL,NULL,NULL,NULL,1,30,53),(57,NULL,NULL,NULL,NULL,1,27,45),(58,NULL,NULL,NULL,NULL,0,72,81),(59,NULL,NULL,NULL,NULL,0,7,73),(60,NULL,NULL,NULL,NULL,1,58,55),(61,NULL,NULL,NULL,NULL,0,89,88),(62,NULL,NULL,NULL,NULL,1,1,90),(63,NULL,NULL,NULL,NULL,0,24,46),(64,NULL,NULL,NULL,NULL,1,97,6),(65,NULL,NULL,NULL,NULL,0,68,20),(66,NULL,NULL,NULL,NULL,0,22,82),(67,NULL,NULL,NULL,NULL,0,60,100),(68,NULL,NULL,NULL,NULL,1,14,10),(69,NULL,NULL,NULL,NULL,0,82,24),(70,NULL,NULL,NULL,NULL,1,24,18),(71,NULL,NULL,NULL,NULL,0,33,51),(72,NULL,NULL,NULL,NULL,1,55,14),(73,NULL,NULL,NULL,NULL,0,46,14),(74,NULL,NULL,NULL,NULL,0,14,61),(75,NULL,NULL,NULL,NULL,0,2,33),(76,NULL,NULL,NULL,NULL,0,37,89),(77,NULL,NULL,NULL,NULL,0,59,6),(78,NULL,NULL,NULL,NULL,1,61,49),(79,NULL,NULL,NULL,NULL,0,18,57),(80,NULL,NULL,NULL,NULL,0,26,81),(81,NULL,NULL,NULL,NULL,0,83,35),(82,NULL,NULL,NULL,NULL,0,28,55),(83,NULL,NULL,NULL,NULL,0,67,11),(84,NULL,NULL,NULL,NULL,1,89,44),(85,NULL,NULL,NULL,NULL,1,35,40),(86,NULL,NULL,NULL,NULL,0,88,40),(87,NULL,NULL,NULL,NULL,0,24,51),(88,NULL,NULL,NULL,NULL,0,75,70),(89,NULL,NULL,NULL,NULL,1,78,59),(90,NULL,NULL,NULL,NULL,0,49,10),(91,NULL,NULL,NULL,NULL,1,16,94),(92,NULL,NULL,NULL,NULL,0,72,52),(93,NULL,NULL,NULL,NULL,0,44,15),(94,NULL,NULL,NULL,NULL,0,10,85),(95,NULL,NULL,NULL,NULL,1,68,66),(96,NULL,NULL,NULL,NULL,0,73,5),(97,NULL,NULL,NULL,NULL,0,46,69),(98,NULL,NULL,NULL,NULL,1,64,74),(99,NULL,NULL,NULL,NULL,1,1,84),(100,NULL,NULL,NULL,NULL,0,97,86);
/*!40000 ALTER TABLE `user_address` ENABLE KEYS */;
UNLOCK TABLES;

--
-- Table structure for table `user_payment_method`
--

DROP TABLE IF EXISTS `user_payment_method`;
/*!40101 SET @saved_cs_client     = @@character_set_client */;
/*!50503 SET character_set_client = utf8mb4 */;
CREATE TABLE `user_payment_method` (
  `id` bigint NOT NULL AUTO_INCREMENT,
  `create_by` varchar(255) DEFAULT NULL,
  `create_date` varchar(255) DEFAULT NULL,
  `modified_by` varchar(255) DEFAULT NULL,
  `modified_date` datetime(6) DEFAULT NULL,
  `account_number` bigint DEFAULT NULL,
  `expiry_date` date DEFAULT NULL,
  `is_default` tinyint DEFAULT NULL,
  `provider` varchar(105) DEFAULT NULL,
  `payment_type_id` bigint NOT NULL,
  `user_id` bigint NOT NULL,
  `status` tinyint DEFAULT '1',
  PRIMARY KEY (`id`),
  KEY `FKeimijqyji4f1r2p8q1ajuwo1w` (`payment_type_id`),
  KEY `FK9wojylni6yu1s5vx0et7lja5e` (`user_id`),
  CONSTRAINT `FK9wojylni6yu1s5vx0et7lja5e` FOREIGN KEY (`user_id`) REFERENCES `user` (`id`),
  CONSTRAINT `FKeimijqyji4f1r2p8q1ajuwo1w` FOREIGN KEY (`payment_type_id`) REFERENCES `payment_type` (`id`)
) ENGINE=InnoDB AUTO_INCREMENT=101 DEFAULT CHARSET=utf8mb4 COLLATE=utf8mb4_0900_ai_ci;
/*!40101 SET character_set_client = @saved_cs_client */;

--
-- Dumping data for table `user_payment_method`
--

LOCK TABLES `user_payment_method` WRITE;
/*!40000 ALTER TABLE `user_payment_method` DISABLE KEYS */;
INSERT INTO `user_payment_method` VALUES (1,NULL,NULL,NULL,NULL,5534477857616838,'2028-10-15',0,'Bernard',1,57,NULL),(2,NULL,NULL,NULL,NULL,5467515272377188,'2024-10-19',1,'Kenneth',1,15,NULL),(3,NULL,NULL,NULL,NULL,4716759636278,'2026-06-20',0,'Brendan',1,61,NULL),(4,NULL,NULL,NULL,NULL,5145773548248374,'2023-08-08',0,'Jayme',2,12,NULL),(5,NULL,NULL,NULL,NULL,5136577886541253,'2029-08-19',0,'Amethyst',2,98,NULL),(6,NULL,NULL,NULL,NULL,5112239445961831,'2025-04-03',1,'Beau',1,79,NULL),(7,NULL,NULL,NULL,NULL,5236525442468379,'2026-12-24',0,'Lance',1,19,NULL),(8,NULL,NULL,NULL,NULL,5156637643195739,'2024-03-27',1,'Carly',2,75,NULL),(9,NULL,NULL,NULL,NULL,4539452236386655,'2031-05-31',1,'Nathan',2,37,NULL),(10,NULL,NULL,NULL,NULL,4024007167822839,'2027-11-04',1,'Katelyn',2,47,NULL),(11,NULL,NULL,NULL,NULL,4929639733153,'2026-01-10',0,'Nolan',2,23,NULL),(12,NULL,NULL,NULL,NULL,4485871727748244,'2028-03-26',1,'Ferdinand',2,92,NULL),(13,NULL,NULL,NULL,NULL,5372565146219557,'2025-06-24',1,'Callum',2,90,NULL),(14,NULL,NULL,NULL,NULL,4485848871787269,'2031-03-02',0,'Montana',1,92,NULL),(15,NULL,NULL,NULL,NULL,4024007138827834,'2030-01-22',0,'Jerry',1,43,NULL),(16,NULL,NULL,NULL,NULL,4528685498784,'2032-07-25',0,'Debra',1,75,NULL),(17,NULL,NULL,NULL,NULL,5345437883613356,'2031-07-27',1,'Indigo',2,55,NULL),(18,NULL,NULL,NULL,NULL,5279728823162656,'2027-12-11',0,'Thomas',2,2,NULL),(19,NULL,NULL,NULL,NULL,4664237963677252,'2025-09-28',1,'Griffith',1,78,NULL),(20,NULL,NULL,NULL,NULL,5358264226266930,'2027-04-21',0,'Martena',2,84,NULL),(21,NULL,NULL,NULL,NULL,4024007136526412,'2028-09-01',1,'Emma',2,6,NULL),(22,NULL,NULL,NULL,NULL,4556876876575,'2032-02-22',0,'Nadine',2,41,NULL),(23,NULL,NULL,NULL,NULL,5278763451955650,'2026-08-03',0,'Ivana',1,39,NULL),(24,NULL,NULL,NULL,NULL,5332345663118477,'2026-01-18',1,'Blythe',2,31,NULL),(25,NULL,NULL,NULL,NULL,5469433576645573,'2025-05-04',1,'Dora',2,21,NULL),(26,NULL,NULL,NULL,NULL,5329928265588356,'2025-11-29',0,'Nicholas',2,29,NULL),(27,NULL,NULL,NULL,NULL,5596617268474583,'2029-06-20',1,'Katell',2,15,NULL),(28,NULL,NULL,NULL,NULL,4024007166164589,'2025-01-08',1,'Denton',2,73,NULL),(29,NULL,NULL,NULL,NULL,5144375548282311,'2033-01-06',1,'Beverly',1,64,NULL),(30,NULL,NULL,NULL,NULL,5421887125867573,'2030-06-24',0,'Althea',1,8,NULL),(31,NULL,NULL,NULL,NULL,4882826324353,'2029-12-24',0,'Brittany',2,53,NULL),(32,NULL,NULL,NULL,NULL,4485594841663,'2024-12-07',0,'Hayley',2,61,NULL),(33,NULL,NULL,NULL,NULL,4929338717581682,'2031-03-22',1,'Audra',2,66,NULL),(34,NULL,NULL,NULL,NULL,4425225443851,'2029-05-25',0,'Olga',2,65,NULL),(35,NULL,NULL,NULL,NULL,4024007126451,'2026-11-26',1,'Quamar',2,80,NULL),(36,NULL,NULL,NULL,NULL,5433778599248984,'2023-03-10',0,'Cedric',1,50,NULL),(37,NULL,NULL,NULL,NULL,5197957425337148,'2031-01-20',1,'Bell',2,57,NULL),(38,NULL,NULL,NULL,NULL,4539793732198825,'2024-09-18',1,'Yvette',1,74,NULL),(39,NULL,NULL,NULL,NULL,5446334422787833,'2031-12-31',0,'Vivian',2,87,NULL),(40,NULL,NULL,NULL,NULL,4916689632344,'2023-04-13',0,'Caesar',2,7,NULL),(41,NULL,NULL,NULL,NULL,4539861892534,'2032-01-31',0,'Basia',2,24,NULL),(42,NULL,NULL,NULL,NULL,4869392315612672,'2028-11-23',0,'Jonas',2,3,NULL),(43,NULL,NULL,NULL,NULL,5253744723948839,'2031-09-03',1,'Ann',2,41,NULL),(44,NULL,NULL,NULL,NULL,5426235636523969,'2029-03-06',1,'Christine',2,5,NULL),(45,NULL,NULL,NULL,NULL,4916967276475,'2024-02-19',0,'Ralph',2,46,NULL),(46,NULL,NULL,NULL,NULL,5485735743276862,'2028-09-29',1,'Rowan',2,57,NULL),(47,NULL,NULL,NULL,NULL,4024007166657749,'2032-06-25',0,'Raya',2,51,NULL),(48,NULL,NULL,NULL,NULL,5362589658235175,'2024-12-13',1,'Charity',1,45,NULL),(49,NULL,NULL,NULL,NULL,4539764855737,'2027-11-11',1,'Castor',2,12,NULL),(50,NULL,NULL,NULL,NULL,4539595266577658,'2025-05-06',0,'Tallulah',2,52,NULL),(51,NULL,NULL,NULL,NULL,5446725934455852,'2032-11-24',1,'Coby',2,40,NULL),(52,NULL,NULL,NULL,NULL,4716461461445,'2031-11-24',0,'Barry',1,48,NULL),(53,NULL,NULL,NULL,NULL,4556436674477538,'2032-07-03',0,'Haviva',2,92,NULL),(54,NULL,NULL,NULL,NULL,4862388469440,'2026-12-19',0,'Iliana',1,46,NULL),(55,NULL,NULL,NULL,NULL,4916247353276,'2032-02-03',1,'Deirdre',2,80,NULL),(56,NULL,NULL,NULL,NULL,5235654421365322,'2027-05-09',1,'McKenzie',1,15,NULL),(57,NULL,NULL,NULL,NULL,4485438443666231,'2025-08-16',1,'Indigo',2,21,NULL),(58,NULL,NULL,NULL,NULL,4929875291297557,'2028-06-27',1,'Shaine',2,47,NULL),(59,NULL,NULL,NULL,NULL,5343821877452859,'2032-11-04',1,'Sarah',1,20,NULL),(60,NULL,NULL,NULL,NULL,4716582148756,'2032-11-17',0,'Madonna',1,53,NULL),(61,NULL,NULL,NULL,NULL,5147938788274830,'2025-01-12',1,'Maia',1,75,NULL),(62,NULL,NULL,NULL,NULL,5128522653635888,'2032-09-09',1,'Burke',1,34,NULL),(63,NULL,NULL,NULL,NULL,5442152352534486,'2026-02-23',1,'Colton',1,50,NULL),(64,NULL,NULL,NULL,NULL,4539416837837895,'2025-08-24',0,'Timothy',2,11,NULL),(65,NULL,NULL,NULL,NULL,4539488242378,'2023-05-12',0,'Velma',1,61,NULL),(66,NULL,NULL,NULL,NULL,5263265334651529,'2026-06-01',0,'Erin',2,49,NULL),(67,NULL,NULL,NULL,NULL,5262637277842854,'2028-06-15',0,'Stella',2,39,NULL),(68,NULL,NULL,NULL,NULL,5379687237655888,'2028-09-14',0,'Herrod',1,62,NULL),(69,NULL,NULL,NULL,NULL,5226358913547766,'2024-02-29',1,'Keaton',2,13,NULL),(70,NULL,NULL,NULL,NULL,4716913123742,'2023-04-07',1,'Jenette',1,73,NULL),(71,NULL,NULL,NULL,NULL,4539657123789,'2032-07-02',1,'Cameron',1,57,NULL),(72,NULL,NULL,NULL,NULL,5344973745788649,'2028-09-07',0,'Hammett',2,13,NULL),(73,NULL,NULL,NULL,NULL,5233847244245828,'2027-02-19',0,'Russell',1,45,NULL),(74,NULL,NULL,NULL,NULL,4929576972217571,'2031-11-07',0,'Wylie',2,87,NULL),(75,NULL,NULL,NULL,NULL,5462463838538867,'2023-09-24',0,'Shelley',1,97,NULL),(76,NULL,NULL,NULL,NULL,5397774845833640,'2029-05-21',1,'Joel',2,56,NULL),(77,NULL,NULL,NULL,NULL,4716525414263898,'2030-11-21',1,'Jesse',2,73,NULL),(78,NULL,NULL,NULL,NULL,5435336464719536,'2032-07-18',1,'Imogene',1,94,NULL),(79,NULL,NULL,NULL,NULL,4716158273418,'2027-03-06',0,'Lyle',2,75,NULL),(80,NULL,NULL,NULL,NULL,5476563882664362,'2028-01-28',0,'Cole',1,8,NULL),(81,NULL,NULL,NULL,NULL,5472232987123682,'2029-05-04',1,'Cade',1,67,NULL),(82,NULL,NULL,NULL,NULL,5542262778598392,'2025-07-25',1,'Jerome',1,61,NULL),(83,NULL,NULL,NULL,NULL,5174267422782321,'2031-11-03',1,'Isabelle',2,35,NULL),(84,NULL,NULL,NULL,NULL,4716256538826226,'2023-07-15',1,'Chester',2,23,NULL),(85,NULL,NULL,NULL,NULL,5438298657334324,'2028-01-19',0,'Cherokee',1,60,NULL),(86,NULL,NULL,NULL,NULL,5273771286273947,'2032-11-10',1,'Howard',1,10,NULL),(87,NULL,NULL,NULL,NULL,5333558685332483,'2024-02-27',1,'Berk',1,65,NULL),(88,NULL,NULL,NULL,NULL,4556272448243,'2031-04-04',0,'Lawrence',2,86,NULL),(89,NULL,NULL,NULL,NULL,5368751622464521,'2023-06-26',1,'Jael',1,22,NULL),(90,NULL,NULL,NULL,NULL,5371717648981777,'2026-11-10',1,'Walker',1,65,NULL),(91,NULL,NULL,NULL,NULL,4642339814682,'2023-06-06',1,'Odysseus',1,55,NULL),(92,NULL,NULL,NULL,NULL,5597766527147917,'2024-11-08',0,'Tallulah',1,53,NULL),(93,NULL,NULL,NULL,NULL,4716846865377,'2025-09-29',1,'Scarlet',1,3,NULL),(94,NULL,NULL,NULL,NULL,5273193334581223,'2028-02-22',0,'Emmanuel',2,15,NULL),(95,NULL,NULL,NULL,NULL,5327933648239463,'2030-11-22',1,'Phelan',1,56,NULL),(96,NULL,NULL,NULL,NULL,5586476638818629,'2031-06-30',0,'Vielka',1,24,NULL),(97,NULL,NULL,NULL,NULL,4556477771769187,'2024-10-11',0,'Tanek',1,55,NULL),(98,NULL,NULL,NULL,NULL,4024007174622974,'2031-09-27',0,'Dylan',2,28,NULL),(99,NULL,NULL,NULL,NULL,4353187824967374,'2029-03-15',0,'Steel',1,38,NULL),(100,NULL,NULL,NULL,NULL,5172777968337522,'2026-11-20',0,'Stephanie',1,48,NULL);
/*!40000 ALTER TABLE `user_payment_method` ENABLE KEYS */;
UNLOCK TABLES;

--
-- Table structure for table `user_review`
--

DROP TABLE IF EXISTS `user_review`;
/*!40101 SET @saved_cs_client     = @@character_set_client */;
/*!50503 SET character_set_client = utf8mb4 */;
CREATE TABLE `user_review` (
  `id` bigint NOT NULL AUTO_INCREMENT,
  `create_by` varchar(255) DEFAULT NULL,
  `create_date` varchar(255) DEFAULT NULL,
  `modified_by` varchar(255) DEFAULT NULL,
  `modified_date` datetime(6) DEFAULT NULL,
  `comment` text NOT NULL,
  `rating_value` int NOT NULL,
  `order_detail_id` bigint NOT NULL,
  `user_id` bigint NOT NULL,
  PRIMARY KEY (`id`),
  KEY `FKa7551wuvpqpf8fn5ytr1yxw5f` (`order_detail_id`),
  KEY `FKmny8i2mfh5ajpghd3sfkc3ors` (`user_id`),
  CONSTRAINT `FKa7551wuvpqpf8fn5ytr1yxw5f` FOREIGN KEY (`order_detail_id`) REFERENCES `order_detail` (`id`),
  CONSTRAINT `FKmny8i2mfh5ajpghd3sfkc3ors` FOREIGN KEY (`user_id`) REFERENCES `user` (`id`)
) ENGINE=InnoDB AUTO_INCREMENT=511 DEFAULT CHARSET=utf8mb4 COLLATE=utf8mb4_0900_ai_ci;
/*!40101 SET character_set_client = @saved_cs_client */;

--
-- Dumping data for table `user_review`
--

LOCK TABLES `user_review` WRITE;
/*!40000 ALTER TABLE `user_review` DISABLE KEYS */;
INSERT INTO `user_review` VALUES (11,NULL,NULL,NULL,NULL,'Morbi quis urna. Nunc quis arcu vel quam dignissim',4,238,47),(12,NULL,NULL,NULL,NULL,'ante ipsum primis in faucibus orci',3,106,17),(13,NULL,NULL,NULL,NULL,'enim nisl elementum purus, accumsan',4,75,29),(14,NULL,NULL,NULL,NULL,'risus. Duis a',3,28,61),(15,NULL,NULL,NULL,NULL,'ac, feugiat non, lobortis quis, pede. Suspendisse',4,73,96),(16,NULL,NULL,NULL,NULL,'at, nisi. Cum sociis',4,260,61),(17,NULL,NULL,NULL,NULL,'lobortis risus. In mi pede, nonummy ut, molestie in,',2,250,97),(18,NULL,NULL,NULL,NULL,'scelerisque neque sed sem egestas blandit. Nam',1,417,23),(19,NULL,NULL,NULL,NULL,'Sed id',3,425,27),(20,NULL,NULL,NULL,NULL,'et ipsum cursus vestibulum. Mauris magna. Duis dignissim',1,185,98),(21,NULL,NULL,NULL,NULL,'vulputate',3,248,85),(22,NULL,NULL,NULL,NULL,'torquent per conubia nostra, per',5,430,69),(23,NULL,NULL,NULL,NULL,'adipiscing lobortis risus. In mi pede,',2,225,69),(24,NULL,NULL,NULL,NULL,'quam dignissim pharetra. Nam ac nulla.',2,54,80),(25,NULL,NULL,NULL,NULL,'pede. Praesent eu dui. Cum sociis natoque',2,456,52),(26,NULL,NULL,NULL,NULL,'ornare sagittis felis. Donec tempor, est ac',4,69,39),(27,NULL,NULL,NULL,NULL,'ligula. Donec luctus aliquet odio. Etiam',1,250,15),(28,NULL,NULL,NULL,NULL,'aliquet, metus urna convallis',2,342,19),(29,NULL,NULL,NULL,NULL,'elit, dictum eu, eleifend nec, malesuada ut, sem.',5,324,37),(30,NULL,NULL,NULL,NULL,'vel nisl. Quisque fringilla euismod',2,97,3),(31,NULL,NULL,NULL,NULL,'habitant morbi',2,174,47),(32,NULL,NULL,NULL,NULL,'euismod urna. Nullam lobortis quam',2,276,93),(33,NULL,NULL,NULL,NULL,'Suspendisse',2,120,15),(34,NULL,NULL,NULL,NULL,'euismod ac, fermentum vel, mauris.',1,148,45),(35,NULL,NULL,NULL,NULL,'aliquam adipiscing lacus. Ut nec urna et arcu imperdiet',3,412,88),(36,NULL,NULL,NULL,NULL,'augue, eu',3,484,5),(37,NULL,NULL,NULL,NULL,'luctus. Curabitur egestas nunc sed libero. Proin sed turpis',3,481,12),(38,NULL,NULL,NULL,NULL,'Curabitur sed tortor. Integer aliquam adipiscing lacus. Ut',4,115,41),(39,NULL,NULL,NULL,NULL,'arcu iaculis enim, sit amet ornare lectus justo eu arcu.',3,196,19),(40,NULL,NULL,NULL,NULL,'ornare, facilisis eget, ipsum. Donec sollicitudin adipiscing ligula. Aenean',3,444,44),(41,NULL,NULL,NULL,NULL,'et tristique pellentesque, tellus sem',2,323,57),(42,NULL,NULL,NULL,NULL,'libero est, congue a, aliquet vel, vulputate eu,',4,227,30),(43,NULL,NULL,NULL,NULL,'Maecenas libero est,',1,366,79),(44,NULL,NULL,NULL,NULL,'vestibulum massa rutrum magna. Cras convallis convallis',3,45,75),(45,NULL,NULL,NULL,NULL,'nulla. Cras eu tellus eu augue porttitor',1,263,32),(46,NULL,NULL,NULL,NULL,'Vivamus nisi.',4,386,25),(47,NULL,NULL,NULL,NULL,'fringilla, porttitor vulputate,',5,108,82),(48,NULL,NULL,NULL,NULL,'Sed nec metus facilisis lorem tristique aliquet. Phasellus fermentum',2,88,41),(49,NULL,NULL,NULL,NULL,'lectus',1,311,42),(50,NULL,NULL,NULL,NULL,'Praesent eu nulla',1,397,54),(51,NULL,NULL,NULL,NULL,'nunc risus varius orci, in',2,220,21),(52,NULL,NULL,NULL,NULL,'Integer vitae nibh. Donec est',4,404,88),(53,NULL,NULL,NULL,NULL,'consectetuer ipsum nunc id enim. Curabitur massa. Vestibulum',2,125,91),(54,NULL,NULL,NULL,NULL,'porttitor interdum. Sed auctor odio a purus. Duis elementum,',3,242,2),(55,NULL,NULL,NULL,NULL,'convallis erat, eget',3,422,14),(56,NULL,NULL,NULL,NULL,'eu, accumsan',3,496,81),(57,NULL,NULL,NULL,NULL,'eros nec tellus. Nunc lectus pede, ultrices a, auctor non,',4,469,80),(58,NULL,NULL,NULL,NULL,'Fusce mollis. Duis sit',3,377,6),(59,NULL,NULL,NULL,NULL,'Nullam vitae diam.',4,274,64),(60,NULL,NULL,NULL,NULL,'lectus, a sollicitudin',1,465,54),(61,NULL,NULL,NULL,NULL,'magnis',2,112,17),(62,NULL,NULL,NULL,NULL,'lobortis augue scelerisque',2,103,45),(63,NULL,NULL,NULL,NULL,'faucibus orci luctus et ultrices',4,62,19),(64,NULL,NULL,NULL,NULL,'Maecenas libero est,',2,86,3),(65,NULL,NULL,NULL,NULL,'Pellentesque habitant morbi tristique senectus et netus et malesuada fames',4,450,85),(66,NULL,NULL,NULL,NULL,'mollis',5,329,96),(67,NULL,NULL,NULL,NULL,'Donec consectetuer mauris id sapien. Cras dolor dolor,',5,451,62),(68,NULL,NULL,NULL,NULL,'laoreet, libero et',4,23,78),(69,NULL,NULL,NULL,NULL,'rutrum lorem',1,339,84),(70,NULL,NULL,NULL,NULL,'porttitor scelerisque neque. Nullam nisl. Maecenas malesuada fringilla est.',2,408,33),(71,NULL,NULL,NULL,NULL,'ligula. Aenean gravida nunc sed pede. Cum',4,298,90),(72,NULL,NULL,NULL,NULL,'pretium aliquet, metus urna convallis erat, eget tincidunt dui',4,170,18),(73,NULL,NULL,NULL,NULL,'gravida. Aliquam tincidunt,',4,465,2),(74,NULL,NULL,NULL,NULL,'pede nec ante blandit viverra. Donec tempus,',5,240,84),(75,NULL,NULL,NULL,NULL,'hymenaeos. Mauris ut quam vel sapien imperdiet ornare. In',3,399,65),(76,NULL,NULL,NULL,NULL,'faucibus. Morbi vehicula.',2,279,7),(77,NULL,NULL,NULL,NULL,'Aliquam nisl. Nulla eu',3,381,29),(78,NULL,NULL,NULL,NULL,'congue turpis. In condimentum.',3,342,39),(79,NULL,NULL,NULL,NULL,'enim, gravida sit',2,356,10),(80,NULL,NULL,NULL,NULL,'facilisis vitae, orci.',4,62,35),(81,NULL,NULL,NULL,NULL,'lacus, varius et, euismod et, commodo at, libero. Morbi accumsan',1,179,32),(82,NULL,NULL,NULL,NULL,'magnis dis parturient montes, nascetur',4,402,78),(83,NULL,NULL,NULL,NULL,'ac orci. Ut semper pretium neque. Morbi',4,391,83),(84,NULL,NULL,NULL,NULL,'in, hendrerit consectetuer, cursus et,',4,120,3),(85,NULL,NULL,NULL,NULL,'Vivamus nisi. Mauris nulla. Integer urna. Vivamus molestie dapibus ligula.',4,385,98),(86,NULL,NULL,NULL,NULL,'pede sagittis augue, eu tempor erat neque non quam.',3,202,61),(87,NULL,NULL,NULL,NULL,'metus. In lorem. Donec elementum,',1,379,12),(88,NULL,NULL,NULL,NULL,'Aenean eget metus. In nec orci. Donec',4,251,10),(89,NULL,NULL,NULL,NULL,'Quisque ac libero nec',2,286,32),(90,NULL,NULL,NULL,NULL,'pede. Suspendisse',3,13,73),(91,NULL,NULL,NULL,NULL,'eleifend, nunc risus varius',5,455,35),(92,NULL,NULL,NULL,NULL,'dui, semper et, lacinia vitae, sodales',4,227,93),(93,NULL,NULL,NULL,NULL,'nec quam. Curabitur vel lectus. Cum sociis',2,308,75),(94,NULL,NULL,NULL,NULL,'in felis. Nulla tempor augue ac ipsum. Phasellus',1,68,58),(95,NULL,NULL,NULL,NULL,'purus mauris a nunc. In at pede. Cras',3,173,72),(96,NULL,NULL,NULL,NULL,'euismod in,',4,355,10),(97,NULL,NULL,NULL,NULL,'cursus non, egestas a, dui. Cras pellentesque.',5,212,54),(98,NULL,NULL,NULL,NULL,'Nullam feugiat placerat velit. Quisque varius. Nam porttitor',4,394,29),(99,NULL,NULL,NULL,NULL,'nec tellus. Nunc lectus',2,263,8),(100,NULL,NULL,NULL,NULL,'erat semper rutrum. Fusce dolor quam,',3,351,89),(101,NULL,NULL,NULL,NULL,'ornare tortor at risus. Nunc ac sem ut',5,375,3),(102,NULL,NULL,NULL,NULL,'gravida sagittis. Duis gravida. Praesent eu nulla at sem molestie',1,476,41),(103,NULL,NULL,NULL,NULL,'libero. Morbi accumsan laoreet',2,154,24),(104,NULL,NULL,NULL,NULL,'orci, adipiscing non, luctus sit',2,36,82),(105,NULL,NULL,NULL,NULL,'massa lobortis ultrices. Vivamus',2,324,42),(106,NULL,NULL,NULL,NULL,'arcu. Sed et libero.',4,323,27),(107,NULL,NULL,NULL,NULL,'Suspendisse eleifend. Cras sed leo. Cras vehicula aliquet',2,226,27),(108,NULL,NULL,NULL,NULL,'Morbi neque tellus, imperdiet non, vestibulum',2,448,47),(109,NULL,NULL,NULL,NULL,'Morbi non',3,222,98),(110,NULL,NULL,NULL,NULL,'sit amet',4,266,45),(111,NULL,NULL,NULL,NULL,'mauris. Morbi non sapien molestie',3,374,57),(112,NULL,NULL,NULL,NULL,'dictum eu, eleifend nec, malesuada ut,',2,369,51),(113,NULL,NULL,NULL,NULL,'Vivamus nisi. Mauris nulla. Integer urna. Vivamus molestie dapibus ligula.',1,146,98),(114,NULL,NULL,NULL,NULL,'vulputate, risus a',1,104,3),(115,NULL,NULL,NULL,NULL,'velit dui, semper et, lacinia vitae, sodales at, velit.',2,174,19),(116,NULL,NULL,NULL,NULL,'montes, nascetur ridiculus mus. Donec dignissim magna',3,131,18),(117,NULL,NULL,NULL,NULL,'interdum feugiat. Sed nec metus facilisis lorem',5,436,27),(118,NULL,NULL,NULL,NULL,'metus urna convallis erat, eget tincidunt dui augue eu',4,67,71),(119,NULL,NULL,NULL,NULL,'conubia nostra, per inceptos hymenaeos.',3,350,63),(120,NULL,NULL,NULL,NULL,'quis urna. Nunc quis arcu vel quam dignissim pharetra. Nam',5,487,27),(121,NULL,NULL,NULL,NULL,'at',4,131,25),(122,NULL,NULL,NULL,NULL,'eget, volutpat ornare,',4,489,22),(123,NULL,NULL,NULL,NULL,'augue porttitor interdum. Sed',4,362,63),(124,NULL,NULL,NULL,NULL,'luctus, ipsum leo elementum sem, vitae aliquam eros turpis',4,54,46),(125,NULL,NULL,NULL,NULL,'Donec porttitor',1,288,21),(126,NULL,NULL,NULL,NULL,'vestibulum.',2,152,85),(127,NULL,NULL,NULL,NULL,'mollis lectus pede et risus. Quisque libero',3,484,96),(128,NULL,NULL,NULL,NULL,'Etiam ligula tortor, dictum eu, placerat',1,319,15),(129,NULL,NULL,NULL,NULL,'Maecenas ornare egestas ligula. Nullam feugiat placerat velit. Quisque',3,456,6),(130,NULL,NULL,NULL,NULL,'Vivamus nisi. Mauris nulla.',3,248,88),(131,NULL,NULL,NULL,NULL,'a, enim.',4,392,96),(132,NULL,NULL,NULL,NULL,'nec urna',4,339,39),(133,NULL,NULL,NULL,NULL,'lectus pede et',4,286,94),(134,NULL,NULL,NULL,NULL,'sem. Pellentesque ut',4,167,2),(135,NULL,NULL,NULL,NULL,'Aenean euismod mauris eu elit. Nulla facilisi. Sed',3,421,75),(136,NULL,NULL,NULL,NULL,'dolor sit amet, consectetuer adipiscing elit. Aliquam auctor, velit eget',5,429,38),(137,NULL,NULL,NULL,NULL,'arcu.',2,410,35),(138,NULL,NULL,NULL,NULL,'Suspendisse dui. Fusce diam nunc, ullamcorper eu, euismod ac,',2,176,44),(139,NULL,NULL,NULL,NULL,'arcu. Sed eu nibh',1,46,77),(140,NULL,NULL,NULL,NULL,'urna convallis erat, eget tincidunt dui',2,275,11),(141,NULL,NULL,NULL,NULL,'tellus, imperdiet non, vestibulum',2,410,37),(142,NULL,NULL,NULL,NULL,'sit amet, dapibus',3,368,16),(143,NULL,NULL,NULL,NULL,'enim mi tempor lorem, eget mollis lectus pede et',5,145,2),(144,NULL,NULL,NULL,NULL,'pharetra ut, pharetra sed, hendrerit a,',3,91,95),(145,NULL,NULL,NULL,NULL,'dui. Cum sociis natoque penatibus',4,477,4),(146,NULL,NULL,NULL,NULL,'et libero. Proin mi. Aliquam gravida mauris',3,346,40),(147,NULL,NULL,NULL,NULL,'tincidunt, nunc ac mattis ornare, lectus',4,458,67),(148,NULL,NULL,NULL,NULL,'pharetra. Quisque ac',5,437,92),(149,NULL,NULL,NULL,NULL,'sapien. Aenean',2,239,68),(150,NULL,NULL,NULL,NULL,'in faucibus orci luctus et ultrices posuere cubilia Curae',2,3,24),(151,NULL,NULL,NULL,NULL,'ut dolor dapibus gravida. Aliquam tincidunt, nunc',1,17,61),(152,NULL,NULL,NULL,NULL,'orci lobortis augue',4,184,37),(153,NULL,NULL,NULL,NULL,'purus. Nullam scelerisque neque sed sem egestas blandit. Nam',1,424,22),(154,NULL,NULL,NULL,NULL,'tortor at risus. Nunc ac sem ut',4,211,40),(155,NULL,NULL,NULL,NULL,'Integer in magna. Phasellus dolor elit, pellentesque a, facilisis',1,176,34),(156,NULL,NULL,NULL,NULL,'orci, adipiscing non, luctus sit amet, faucibus ut, nulla. Cras',3,488,73),(157,NULL,NULL,NULL,NULL,'Vivamus',1,140,30),(158,NULL,NULL,NULL,NULL,'scelerisque sed, sapien. Nunc pulvinar arcu et pede. Nunc',1,400,89),(159,NULL,NULL,NULL,NULL,'Vivamus euismod urna.',5,215,86),(160,NULL,NULL,NULL,NULL,'Class aptent taciti sociosqu ad',3,154,66),(161,NULL,NULL,NULL,NULL,'Nam tempor',3,477,29),(162,NULL,NULL,NULL,NULL,'elit, pharetra ut, pharetra sed, hendrerit a, arcu. Sed et',3,284,83),(163,NULL,NULL,NULL,NULL,'tellus faucibus leo, in lobortis tellus justo',3,110,41),(164,NULL,NULL,NULL,NULL,'nec tempus scelerisque, lorem ipsum sodales purus, in molestie tortor',4,194,55),(165,NULL,NULL,NULL,NULL,'convallis ligula. Donec luctus aliquet',5,182,58),(166,NULL,NULL,NULL,NULL,'vel nisl. Quisque fringilla',3,495,75),(167,NULL,NULL,NULL,NULL,'at, libero. Morbi accumsan laoreet ipsum. Curabitur consequat,',1,469,71),(168,NULL,NULL,NULL,NULL,'luctus felis purus ac tellus. Suspendisse sed',2,54,51),(169,NULL,NULL,NULL,NULL,'a, scelerisque sed, sapien.',5,91,66),(170,NULL,NULL,NULL,NULL,'Aliquam nisl. Nulla eu',2,61,11),(171,NULL,NULL,NULL,NULL,'metus. Aliquam erat volutpat. Nulla facilisis.',4,331,96),(172,NULL,NULL,NULL,NULL,'Nulla dignissim.',2,432,44),(173,NULL,NULL,NULL,NULL,'lacus. Cras interdum. Nunc sollicitudin commodo ipsum. Suspendisse',4,472,22),(174,NULL,NULL,NULL,NULL,'accumsan',4,451,89),(175,NULL,NULL,NULL,NULL,'adipiscing lacus.',5,367,62),(176,NULL,NULL,NULL,NULL,'rutrum lorem ac risus. Morbi metus. Vivamus euismod urna.',3,203,18),(177,NULL,NULL,NULL,NULL,'nulla vulputate dui, nec tempus mauris erat',3,187,66),(178,NULL,NULL,NULL,NULL,'aliquet magna a neque.',5,387,89),(179,NULL,NULL,NULL,NULL,'tempus eu, ligula. Aenean euismod mauris eu elit. Nulla',2,301,45),(180,NULL,NULL,NULL,NULL,'feugiat. Lorem',5,358,92),(181,NULL,NULL,NULL,NULL,'adipiscing lobortis risus. In mi pede, nonummy',4,302,14),(182,NULL,NULL,NULL,NULL,'elit. Etiam laoreet, libero et tristique pellentesque, tellus sem mollis',5,407,95),(183,NULL,NULL,NULL,NULL,'ipsum. Suspendisse sagittis.',5,401,5),(184,NULL,NULL,NULL,NULL,'pellentesque a, facilisis non,',5,296,5),(185,NULL,NULL,NULL,NULL,'et magnis dis parturient montes,',5,98,16),(186,NULL,NULL,NULL,NULL,'taciti sociosqu ad',1,129,60),(187,NULL,NULL,NULL,NULL,'magna sed dui. Fusce aliquam, enim nec tempus scelerisque,',2,105,69),(188,NULL,NULL,NULL,NULL,'interdum ligula eu enim. Etiam imperdiet dictum',1,327,52),(189,NULL,NULL,NULL,NULL,'commodo auctor velit. Aliquam nisl. Nulla eu neque pellentesque',4,39,28),(190,NULL,NULL,NULL,NULL,'mus. Proin vel nisl. Quisque fringilla',2,272,75),(191,NULL,NULL,NULL,NULL,'lacus vestibulum lorem, sit amet ultricies sem magna',3,32,68),(192,NULL,NULL,NULL,NULL,'mus. Donec dignissim magna a tortor. Nunc commodo',2,494,98),(193,NULL,NULL,NULL,NULL,'inceptos hymenaeos. Mauris ut quam vel sapien imperdiet',3,65,75),(194,NULL,NULL,NULL,NULL,'sociosqu ad litora torquent per conubia nostra,',2,88,61),(195,NULL,NULL,NULL,NULL,'nec, mollis vitae,',5,247,70),(196,NULL,NULL,NULL,NULL,'ornare egestas ligula.',3,485,44),(197,NULL,NULL,NULL,NULL,'urna. Ut tincidunt vehicula risus. Nulla',2,424,88),(198,NULL,NULL,NULL,NULL,'ante dictum cursus. Nunc mauris elit, dictum eu,',3,228,28),(199,NULL,NULL,NULL,NULL,'vehicula et,',3,394,56),(200,NULL,NULL,NULL,NULL,'Cras sed leo. Cras vehicula aliquet libero. Integer in',4,323,38),(201,NULL,NULL,NULL,NULL,'nascetur ridiculus',4,211,15),(202,NULL,NULL,NULL,NULL,'id enim.',4,139,27),(203,NULL,NULL,NULL,NULL,'bibendum fermentum metus. Aenean',4,254,27),(204,NULL,NULL,NULL,NULL,'tellus id nunc interdum feugiat. Sed nec metus facilisis lorem',3,254,94),(205,NULL,NULL,NULL,NULL,'eget, dictum',3,411,41),(206,NULL,NULL,NULL,NULL,'dignissim pharetra. Nam ac nulla. In',5,492,3),(207,NULL,NULL,NULL,NULL,'montes, nascetur ridiculus mus. Proin vel',3,136,24),(208,NULL,NULL,NULL,NULL,'commodo at, libero. Morbi accumsan',4,117,74),(209,NULL,NULL,NULL,NULL,'velit. Aliquam nisl. Nulla eu neque pellentesque',4,311,18),(210,NULL,NULL,NULL,NULL,'euismod mauris eu elit. Nulla facilisi. Sed neque. Sed',2,74,100),(211,NULL,NULL,NULL,NULL,'eu nulla at sem molestie',5,328,84),(212,NULL,NULL,NULL,NULL,'scelerisque scelerisque dui. Suspendisse',3,334,66),(213,NULL,NULL,NULL,NULL,'gravida. Aliquam',5,146,51),(214,NULL,NULL,NULL,NULL,'aliquet',1,256,54),(215,NULL,NULL,NULL,NULL,'dignissim. Maecenas ornare egestas ligula. Nullam',3,337,56),(216,NULL,NULL,NULL,NULL,'quis diam',2,114,61),(217,NULL,NULL,NULL,NULL,'accumsan laoreet ipsum. Curabitur consequat, lectus sit amet luctus vulputate,',3,483,74),(218,NULL,NULL,NULL,NULL,'Sed molestie. Sed id risus quis',5,385,98),(219,NULL,NULL,NULL,NULL,'luctus sit amet, faucibus',2,391,42),(220,NULL,NULL,NULL,NULL,'consectetuer, cursus et, magna. Praesent interdum ligula',4,463,39),(221,NULL,NULL,NULL,NULL,'Proin eget odio. Aliquam vulputate ullamcorper magna. Sed',4,176,92),(222,NULL,NULL,NULL,NULL,'Morbi non sapien molestie orci tincidunt adipiscing. Mauris molestie pharetra',1,319,21),(223,NULL,NULL,NULL,NULL,'sem elit, pharetra ut, pharetra sed,',4,127,62),(224,NULL,NULL,NULL,NULL,'ac mattis velit justo nec ante. Maecenas mi',4,389,8),(225,NULL,NULL,NULL,NULL,'In at pede. Cras vulputate velit eu',4,315,80),(226,NULL,NULL,NULL,NULL,'natoque penatibus et magnis dis',3,220,74),(227,NULL,NULL,NULL,NULL,'luctus, ipsum leo elementum sem, vitae aliquam eros turpis',5,331,36),(228,NULL,NULL,NULL,NULL,'ac, feugiat non, lobortis quis, pede. Suspendisse dui. Fusce',4,165,86),(229,NULL,NULL,NULL,NULL,'tincidunt pede ac urna.',2,36,16),(230,NULL,NULL,NULL,NULL,'dictum. Proin',5,298,53),(231,NULL,NULL,NULL,NULL,'Donec luctus aliquet odio. Etiam ligula tortor, dictum eu,',1,291,13),(232,NULL,NULL,NULL,NULL,'dolor dapibus gravida. Aliquam tincidunt, nunc',2,443,59),(233,NULL,NULL,NULL,NULL,'sociis natoque penatibus et magnis dis parturient montes, nascetur ridiculus',3,460,5),(234,NULL,NULL,NULL,NULL,'a, arcu. Sed et',4,283,93),(235,NULL,NULL,NULL,NULL,'eget laoreet',5,368,6),(236,NULL,NULL,NULL,NULL,'orci quis lectus. Nullam',2,176,8),(237,NULL,NULL,NULL,NULL,'facilisis facilisis, magna',4,243,81),(238,NULL,NULL,NULL,NULL,'semper cursus. Integer mollis. Integer tincidunt aliquam arcu.',2,490,33),(239,NULL,NULL,NULL,NULL,'mollis lectus pede et risus. Quisque libero lacus, varius',4,226,97),(240,NULL,NULL,NULL,NULL,'sed orci lobortis augue scelerisque mollis. Phasellus libero mauris,',2,318,73),(241,NULL,NULL,NULL,NULL,'ut, molestie in, tempus eu, ligula.',4,129,52),(242,NULL,NULL,NULL,NULL,'mi fringilla mi lacinia mattis. Integer eu lacus. Quisque',3,492,97),(243,NULL,NULL,NULL,NULL,'ut dolor dapibus gravida. Aliquam',3,136,81),(244,NULL,NULL,NULL,NULL,'Nam nulla magna, malesuada vel, convallis in,',5,300,50),(245,NULL,NULL,NULL,NULL,'ullamcorper, nisl arcu iaculis enim, sit',4,105,79),(246,NULL,NULL,NULL,NULL,'viverra. Maecenas iaculis',3,221,98),(247,NULL,NULL,NULL,NULL,'Donec feugiat metus sit amet ante. Vivamus non',3,290,70),(248,NULL,NULL,NULL,NULL,'natoque penatibus',4,85,47),(249,NULL,NULL,NULL,NULL,'volutpat. Nulla facilisis. Suspendisse commodo tincidunt nibh.',1,396,82),(250,NULL,NULL,NULL,NULL,'vestibulum, neque',1,351,53),(251,NULL,NULL,NULL,NULL,'adipiscing ligula. Aenean gravida',2,235,32),(252,NULL,NULL,NULL,NULL,'eros. Proin ultrices. Duis volutpat nunc sit',4,294,72),(253,NULL,NULL,NULL,NULL,'augue eu tellus. Phasellus elit pede, malesuada vel,',1,483,55),(254,NULL,NULL,NULL,NULL,'aliquet. Phasellus',1,465,78),(255,NULL,NULL,NULL,NULL,'consectetuer euismod est arcu',3,22,59),(256,NULL,NULL,NULL,NULL,'congue turpis. In condimentum. Donec at',2,210,48),(257,NULL,NULL,NULL,NULL,'posuere, enim nisl',3,35,5),(258,NULL,NULL,NULL,NULL,'semper erat, in',3,86,19),(259,NULL,NULL,NULL,NULL,'malesuada vel, venenatis vel, faucibus',4,194,20),(260,NULL,NULL,NULL,NULL,'Ut',3,18,55),(261,NULL,NULL,NULL,NULL,'luctus aliquet odio. Etiam ligula tortor,',5,215,9),(262,NULL,NULL,NULL,NULL,'adipiscing non, luctus sit amet, faucibus ut,',5,29,20),(263,NULL,NULL,NULL,NULL,'ipsum sodales purus, in molestie tortor nibh sit amet',4,129,31),(264,NULL,NULL,NULL,NULL,'eu odio tristique pharetra. Quisque ac libero',5,456,14),(265,NULL,NULL,NULL,NULL,'eu, ligula. Aenean euismod mauris',3,162,77),(266,NULL,NULL,NULL,NULL,'Maecenas malesuada fringilla est. Mauris eu turpis. Nulla aliquet.',2,58,94),(267,NULL,NULL,NULL,NULL,'Ut sagittis lobortis mauris. Suspendisse aliquet molestie tellus. Aenean',3,485,4),(268,NULL,NULL,NULL,NULL,'sed libero.',5,480,54),(269,NULL,NULL,NULL,NULL,'lacinia. Sed congue, elit',5,132,28),(270,NULL,NULL,NULL,NULL,'egestas a, scelerisque sed, sapien. Nunc',5,67,23),(271,NULL,NULL,NULL,NULL,'mauris. Suspendisse aliquet molestie tellus. Aenean egestas hendrerit neque.',3,431,70),(272,NULL,NULL,NULL,NULL,'Aenean eget metus. In nec orci. Donec nibh. Quisque',3,12,90),(273,NULL,NULL,NULL,NULL,'blandit enim consequat purus. Maecenas',2,395,25),(274,NULL,NULL,NULL,NULL,'nisl. Quisque fringilla euismod enim. Etiam gravida',4,161,91),(275,NULL,NULL,NULL,NULL,'fermentum risus, at',2,374,18),(276,NULL,NULL,NULL,NULL,'rhoncus. Donec est. Nunc ullamcorper, velit',4,174,52),(277,NULL,NULL,NULL,NULL,'venenatis vel, faucibus id, libero. Donec consectetuer',2,342,5),(278,NULL,NULL,NULL,NULL,'non justo. Proin non massa non ante',3,249,84),(279,NULL,NULL,NULL,NULL,'aliquet diam. Sed',2,360,40),(280,NULL,NULL,NULL,NULL,'diam nunc, ullamcorper eu, euismod ac, fermentum vel, mauris.',3,214,95),(281,NULL,NULL,NULL,NULL,'velit in aliquet lobortis, nisi nibh lacinia orci, consectetuer',2,24,79),(282,NULL,NULL,NULL,NULL,'mauris id sapien. Cras dolor dolor, tempus non,',4,347,88),(283,NULL,NULL,NULL,NULL,'nec, leo. Morbi neque tellus, imperdiet non, vestibulum',4,300,76),(284,NULL,NULL,NULL,NULL,'at, libero. Morbi accumsan laoreet ipsum.',4,14,38),(285,NULL,NULL,NULL,NULL,'adipiscing ligula. Aenean gravida',3,265,68),(286,NULL,NULL,NULL,NULL,'adipiscing lacus. Ut nec urna et arcu imperdiet ullamcorper.',3,163,47),(287,NULL,NULL,NULL,NULL,'tortor. Integer aliquam adipiscing lacus. Ut nec urna et arcu',1,335,52),(288,NULL,NULL,NULL,NULL,'sit amet massa. Quisque porttitor',4,92,3),(289,NULL,NULL,NULL,NULL,'dolor. Nulla semper',3,100,79),(290,NULL,NULL,NULL,NULL,'Aliquam gravida mauris ut mi. Duis risus odio, auctor vitae,',4,245,47),(291,NULL,NULL,NULL,NULL,'Duis',3,228,54),(292,NULL,NULL,NULL,NULL,'nisi. Aenean eget metus. In nec',2,26,2),(293,NULL,NULL,NULL,NULL,'ante, iaculis nec, eleifend non, dapibus rutrum, justo.',3,205,85),(294,NULL,NULL,NULL,NULL,'mollis dui, in sodales',2,256,99),(295,NULL,NULL,NULL,NULL,'magnis dis parturient',4,204,42),(296,NULL,NULL,NULL,NULL,'dolor dapibus gravida. Aliquam tincidunt,',1,467,29),(297,NULL,NULL,NULL,NULL,'pretium neque. Morbi quis',2,301,74),(298,NULL,NULL,NULL,NULL,'mauris. Integer sem elit, pharetra ut, pharetra',2,11,96),(299,NULL,NULL,NULL,NULL,'Fusce dolor quam, elementum at,',3,456,60),(300,NULL,NULL,NULL,NULL,'metus sit amet ante. Vivamus non lorem',5,184,83),(301,NULL,NULL,NULL,NULL,'at',1,294,55),(302,NULL,NULL,NULL,NULL,'et, commodo at, libero. Morbi accumsan laoreet ipsum. Curabitur',2,449,9),(303,NULL,NULL,NULL,NULL,'a, magna. Lorem ipsum dolor sit amet, consectetuer adipiscing',3,287,26),(304,NULL,NULL,NULL,NULL,'magna. Praesent interdum ligula eu enim. Etiam imperdiet dictum',3,16,52),(305,NULL,NULL,NULL,NULL,'morbi tristique senectus et',3,15,26),(306,NULL,NULL,NULL,NULL,'et tristique pellentesque, tellus sem mollis dui, in',3,315,8),(307,NULL,NULL,NULL,NULL,'ligula.',5,439,42),(308,NULL,NULL,NULL,NULL,'quam. Pellentesque habitant',4,177,70),(309,NULL,NULL,NULL,NULL,'magna. Sed eu',2,440,59),(310,NULL,NULL,NULL,NULL,'vitae aliquam eros turpis non',2,381,55),(311,NULL,NULL,NULL,NULL,'eu, placerat eget, venenatis a, magna.',3,252,7),(312,NULL,NULL,NULL,NULL,'Nunc quis arcu vel quam dignissim',2,18,75),(313,NULL,NULL,NULL,NULL,'sem. Nulla interdum. Curabitur',3,343,21),(314,NULL,NULL,NULL,NULL,'Curabitur sed tortor. Integer aliquam',4,30,87),(315,NULL,NULL,NULL,NULL,'Sed dictum. Proin eget odio. Aliquam vulputate ullamcorper',5,223,11),(316,NULL,NULL,NULL,NULL,'neque.',4,395,14),(317,NULL,NULL,NULL,NULL,'vitae odio sagittis semper. Nam tempor diam dictum',2,239,50),(318,NULL,NULL,NULL,NULL,'sit amet',5,318,99),(319,NULL,NULL,NULL,NULL,'imperdiet dictum magna. Ut tincidunt orci quis lectus.',3,134,81),(320,NULL,NULL,NULL,NULL,'tristique pellentesque,',3,223,51),(321,NULL,NULL,NULL,NULL,'sollicitudin',3,487,1),(322,NULL,NULL,NULL,NULL,'In condimentum.',2,285,59),(323,NULL,NULL,NULL,NULL,'enim. Etiam gravida molestie arcu.',4,174,38),(324,NULL,NULL,NULL,NULL,'pellentesque eget, dictum placerat, augue. Sed molestie.',1,365,62),(325,NULL,NULL,NULL,NULL,'sem',3,421,69),(326,NULL,NULL,NULL,NULL,'Integer id magna',1,293,71),(327,NULL,NULL,NULL,NULL,'Vivamus non lorem vitae odio sagittis semper. Nam',5,458,54),(328,NULL,NULL,NULL,NULL,'ligula. Aliquam erat',4,224,40),(329,NULL,NULL,NULL,NULL,'enim nec tempus scelerisque, lorem ipsum sodales purus, in',1,225,5),(330,NULL,NULL,NULL,NULL,'mattis ornare, lectus ante dictum mi, ac mattis velit',5,376,19),(331,NULL,NULL,NULL,NULL,'dui quis accumsan',2,229,83),(332,NULL,NULL,NULL,NULL,'et, rutrum eu, ultrices sit amet,',4,42,19),(333,NULL,NULL,NULL,NULL,'Aliquam auctor, velit eget laoreet posuere, enim nisl',2,113,41),(334,NULL,NULL,NULL,NULL,'et malesuada fames ac turpis egestas. Fusce aliquet magna',3,102,16),(335,NULL,NULL,NULL,NULL,'Maecenas',3,442,51),(336,NULL,NULL,NULL,NULL,'Lorem',2,26,61),(337,NULL,NULL,NULL,NULL,'leo elementum sem, vitae',4,131,94),(338,NULL,NULL,NULL,NULL,'sem magna',3,485,27),(339,NULL,NULL,NULL,NULL,'sapien imperdiet ornare. In',4,342,81),(340,NULL,NULL,NULL,NULL,'magna. Ut tincidunt orci quis',4,396,86),(341,NULL,NULL,NULL,NULL,'at fringilla purus',5,275,34),(342,NULL,NULL,NULL,NULL,'Quisque nonummy',3,485,79),(343,NULL,NULL,NULL,NULL,'Aliquam gravida mauris ut mi. Duis risus odio,',4,189,78),(344,NULL,NULL,NULL,NULL,'quam a felis ullamcorper viverra. Maecenas iaculis aliquet diam. Sed',3,492,46),(345,NULL,NULL,NULL,NULL,'egestas.',1,217,34),(346,NULL,NULL,NULL,NULL,'parturient',4,124,35),(347,NULL,NULL,NULL,NULL,'malesuada vel, venenatis vel,',5,199,31),(348,NULL,NULL,NULL,NULL,'eget, ipsum. Donec sollicitudin adipiscing ligula. Aenean gravida nunc sed',3,4,11),(349,NULL,NULL,NULL,NULL,'scelerisque neque. Nullam nisl. Maecenas',3,440,47),(350,NULL,NULL,NULL,NULL,'ullamcorper. Duis at lacus. Quisque purus',5,338,85),(351,NULL,NULL,NULL,NULL,'dolor, nonummy ac, feugiat non, lobortis quis, pede.',2,29,37),(352,NULL,NULL,NULL,NULL,'rutrum urna, nec luctus felis',5,422,78),(353,NULL,NULL,NULL,NULL,'mauris elit, dictum eu, eleifend nec, malesuada ut, sem. Nulla',4,140,90),(354,NULL,NULL,NULL,NULL,'dui. Cum sociis',2,317,25),(355,NULL,NULL,NULL,NULL,'pharetra nibh. Aliquam ornare, libero',2,82,37),(356,NULL,NULL,NULL,NULL,'risus, at',4,299,14),(357,NULL,NULL,NULL,NULL,'eget, dictum placerat, augue. Sed molestie. Sed id risus',2,408,64),(358,NULL,NULL,NULL,NULL,'nec orci. Donec nibh.',4,337,38),(359,NULL,NULL,NULL,NULL,'Etiam laoreet, libero et tristique pellentesque, tellus sem mollis dui,',3,78,55),(360,NULL,NULL,NULL,NULL,'Donec feugiat metus sit',4,17,26),(361,NULL,NULL,NULL,NULL,'tristique senectus et netus et malesuada fames ac turpis',3,397,74),(362,NULL,NULL,NULL,NULL,'tortor, dictum eu, placerat',1,93,38),(363,NULL,NULL,NULL,NULL,'sed leo. Cras vehicula aliquet libero. Integer in',4,375,93),(364,NULL,NULL,NULL,NULL,'lorem, luctus ut, pellentesque eget, dictum',3,355,12),(365,NULL,NULL,NULL,NULL,'magna et ipsum cursus',1,289,59),(366,NULL,NULL,NULL,NULL,'a, scelerisque sed, sapien. Nunc pulvinar',2,467,86),(367,NULL,NULL,NULL,NULL,'ornare, facilisis eget, ipsum. Donec sollicitudin',5,360,34),(368,NULL,NULL,NULL,NULL,'a, scelerisque sed, sapien. Nunc pulvinar arcu et',4,238,32),(369,NULL,NULL,NULL,NULL,'dolor quam, elementum',5,419,78),(370,NULL,NULL,NULL,NULL,'enim, gravida sit amet, dapibus id, blandit at,',2,238,37),(371,NULL,NULL,NULL,NULL,'in magna. Phasellus dolor elit, pellentesque',4,277,23),(372,NULL,NULL,NULL,NULL,'Proin nisl sem, consequat nec, mollis',4,352,86),(373,NULL,NULL,NULL,NULL,'blandit viverra. Donec tempus, lorem fringilla ornare',2,481,42),(374,NULL,NULL,NULL,NULL,'Curabitur sed tortor. Integer aliquam adipiscing lacus.',3,405,75),(375,NULL,NULL,NULL,NULL,'cursus a, enim. Suspendisse aliquet,',3,208,77),(376,NULL,NULL,NULL,NULL,'ac arcu. Nunc mauris. Morbi',5,247,82),(377,NULL,NULL,NULL,NULL,'ac risus. Morbi metus. Vivamus',5,205,73),(378,NULL,NULL,NULL,NULL,'ipsum nunc id enim. Curabitur massa.',2,454,51),(379,NULL,NULL,NULL,NULL,'In ornare',5,221,77),(380,NULL,NULL,NULL,NULL,'vestibulum.',4,4,29),(381,NULL,NULL,NULL,NULL,'pharetra, felis',4,234,25),(382,NULL,NULL,NULL,NULL,'vel, vulputate eu, odio. Phasellus at augue id',1,22,66),(383,NULL,NULL,NULL,NULL,'Nunc sed',4,355,64),(384,NULL,NULL,NULL,NULL,'semper, dui lectus rutrum',5,33,84),(385,NULL,NULL,NULL,NULL,'consectetuer adipiscing elit. Curabitur sed',3,395,22),(386,NULL,NULL,NULL,NULL,'felis orci, adipiscing non, luctus sit amet,',2,160,94),(387,NULL,NULL,NULL,NULL,'interdum ligula eu enim. Etiam imperdiet dictum magna. Ut',3,115,91),(388,NULL,NULL,NULL,NULL,'mus. Donec dignissim magna a tortor.',5,478,10),(389,NULL,NULL,NULL,NULL,'purus. Nullam scelerisque neque sed sem',3,343,82),(390,NULL,NULL,NULL,NULL,'semper rutrum. Fusce dolor quam, elementum at,',1,335,34),(391,NULL,NULL,NULL,NULL,'netus et malesuada',3,36,84),(392,NULL,NULL,NULL,NULL,'quam quis diam. Pellentesque habitant morbi tristique',5,54,17),(393,NULL,NULL,NULL,NULL,'placerat. Cras dictum',1,338,44),(394,NULL,NULL,NULL,NULL,'lorem semper',4,484,13),(395,NULL,NULL,NULL,NULL,'Pellentesque ut ipsum ac mi eleifend',1,390,71),(396,NULL,NULL,NULL,NULL,'mauris sit amet lorem semper auctor. Mauris',2,487,73),(397,NULL,NULL,NULL,NULL,'nec, euismod in, dolor. Fusce feugiat. Lorem',4,189,92),(398,NULL,NULL,NULL,NULL,'egestas. Aliquam nec enim.',5,148,7),(399,NULL,NULL,NULL,NULL,'aliquet. Phasellus fermentum convallis ligula. Donec luctus aliquet odio.',2,152,25),(400,NULL,NULL,NULL,NULL,'non leo.',5,379,92),(401,NULL,NULL,NULL,NULL,'amet massa. Quisque porttitor eros',5,369,97),(402,NULL,NULL,NULL,NULL,'scelerisque, lorem ipsum sodales purus, in',4,460,26),(403,NULL,NULL,NULL,NULL,'Donec',3,104,6),(404,NULL,NULL,NULL,NULL,'auctor velit. Aliquam nisl. Nulla eu neque pellentesque',4,232,84),(405,NULL,NULL,NULL,NULL,'vel nisl. Quisque fringilla euismod enim. Etiam gravida molestie',4,110,48),(406,NULL,NULL,NULL,NULL,'Morbi vehicula. Pellentesque tincidunt tempus risus. Donec egestas. Duis',1,184,38),(407,NULL,NULL,NULL,NULL,'enim nec tempus scelerisque, lorem ipsum sodales',2,347,29),(408,NULL,NULL,NULL,NULL,'pede nec ante blandit viverra. Donec tempus, lorem fringilla ornare',3,304,14),(409,NULL,NULL,NULL,NULL,'massa. Mauris vestibulum, neque sed dictum eleifend,',4,447,38),(410,NULL,NULL,NULL,NULL,'interdum. Sed auctor odio',4,186,68),(411,NULL,NULL,NULL,NULL,'orci. Ut sagittis lobortis mauris. Suspendisse',3,116,60),(412,NULL,NULL,NULL,NULL,'Integer mollis. Integer tincidunt aliquam arcu. Aliquam',2,364,60),(413,NULL,NULL,NULL,NULL,'ultrices a, auctor non, feugiat',3,33,91),(414,NULL,NULL,NULL,NULL,'laoreet ipsum. Curabitur consequat, lectus sit amet luctus vulputate,',2,494,39),(415,NULL,NULL,NULL,NULL,'non, bibendum sed, est. Nunc laoreet lectus quis',1,406,33),(416,NULL,NULL,NULL,NULL,'diam lorem, auctor quis, tristique ac, eleifend vitae, erat.',2,497,92),(417,NULL,NULL,NULL,NULL,'vel arcu. Curabitur ut odio vel est tempor bibendum.',4,445,32),(418,NULL,NULL,NULL,NULL,'nec, diam. Duis mi enim, condimentum eget, volutpat ornare, facilisis',4,344,30),(419,NULL,NULL,NULL,NULL,'sit amet ornare lectus justo eu arcu.',4,187,49),(420,NULL,NULL,NULL,NULL,'elit erat vitae risus. Duis',4,183,26),(421,NULL,NULL,NULL,NULL,'enim non nisi. Aenean',3,100,29),(422,NULL,NULL,NULL,NULL,'a felis ullamcorper viverra. Maecenas',4,331,80),(423,NULL,NULL,NULL,NULL,'vel turpis. Aliquam adipiscing lobortis risus. In',5,199,43),(424,NULL,NULL,NULL,NULL,'elementum',3,43,44),(425,NULL,NULL,NULL,NULL,'dolor egestas rhoncus.',4,471,84),(426,NULL,NULL,NULL,NULL,'ridiculus mus. Proin vel',4,49,45),(427,NULL,NULL,NULL,NULL,'sollicitudin a, malesuada',4,350,92),(428,NULL,NULL,NULL,NULL,'ac mattis semper, dui lectus rutrum',4,5,66),(429,NULL,NULL,NULL,NULL,'libero nec ligula consectetuer rhoncus.',3,227,13),(430,NULL,NULL,NULL,NULL,'ligula. Aenean gravida nunc sed pede. Cum sociis',2,159,49),(431,NULL,NULL,NULL,NULL,'ligula elit, pretium et, rutrum non, hendrerit id,',3,189,46),(432,NULL,NULL,NULL,NULL,'Pellentesque habitant morbi tristique senectus et',2,288,78),(433,NULL,NULL,NULL,NULL,'erat.',3,165,91),(434,NULL,NULL,NULL,NULL,'Aliquam tincidunt, nunc ac mattis ornare, lectus',2,196,73),(435,NULL,NULL,NULL,NULL,'diam luctus lobortis. Class',4,434,49),(436,NULL,NULL,NULL,NULL,'dui. Cum sociis natoque penatibus et magnis',2,395,32),(437,NULL,NULL,NULL,NULL,'Donec consectetuer mauris id sapien.',3,373,5),(438,NULL,NULL,NULL,NULL,'dictum cursus. Nunc mauris elit, dictum eu, eleifend',4,334,59),(439,NULL,NULL,NULL,NULL,'dapibus gravida. Aliquam tincidunt,',5,196,84),(440,NULL,NULL,NULL,NULL,'penatibus et magnis',2,267,51),(441,NULL,NULL,NULL,NULL,'auctor quis, tristique ac, eleifend vitae, erat. Vivamus',4,155,16),(442,NULL,NULL,NULL,NULL,'tellus. Aenean egestas hendrerit',2,115,35),(443,NULL,NULL,NULL,NULL,'nulla. Integer',5,185,84),(444,NULL,NULL,NULL,NULL,'tortor. Nunc commodo auctor',1,180,31),(445,NULL,NULL,NULL,NULL,'arcu.',1,288,70),(446,NULL,NULL,NULL,NULL,'laoreet lectus quis massa.',1,493,2),(447,NULL,NULL,NULL,NULL,'mauris erat eget ipsum. Suspendisse sagittis. Nullam',2,34,54),(448,NULL,NULL,NULL,NULL,'sed dictum',5,6,38),(449,NULL,NULL,NULL,NULL,'varius orci, in consequat enim diam',1,493,43),(450,NULL,NULL,NULL,NULL,'sem mollis dui, in sodales elit',1,79,14),(451,NULL,NULL,NULL,NULL,'ante',2,278,64),(452,NULL,NULL,NULL,NULL,'sed dictum eleifend, nunc risus varius orci, in',5,150,22),(453,NULL,NULL,NULL,NULL,'ultrices posuere cubilia Curae Phasellus ornare. Fusce mollis. Duis sit',2,428,40),(454,NULL,NULL,NULL,NULL,'id nunc interdum feugiat. Sed nec metus',2,365,26),(455,NULL,NULL,NULL,NULL,'montes, nascetur ridiculus',3,331,67),(456,NULL,NULL,NULL,NULL,'ut, molestie in, tempus eu, ligula. Aenean euismod mauris',1,470,69),(457,NULL,NULL,NULL,NULL,'Vivamus rhoncus. Donec',2,429,31),(458,NULL,NULL,NULL,NULL,'non massa non ante bibendum ullamcorper.',4,274,13),(459,NULL,NULL,NULL,NULL,'pede. Cras vulputate velit eu sem. Pellentesque ut',2,230,51),(460,NULL,NULL,NULL,NULL,'Fusce mollis. Duis sit',2,463,37),(461,NULL,NULL,NULL,NULL,'tincidunt dui augue eu tellus. Phasellus elit pede,',5,134,94),(462,NULL,NULL,NULL,NULL,'interdum. Nunc sollicitudin commodo ipsum. Suspendisse non leo.',3,238,76),(463,NULL,NULL,NULL,NULL,'vitae semper egestas, urna justo faucibus lectus,',4,189,83),(464,NULL,NULL,NULL,NULL,'eu dui. Cum',2,6,87),(465,NULL,NULL,NULL,NULL,'Mauris eu turpis. Nulla',4,74,49),(466,NULL,NULL,NULL,NULL,'lorem. Donec elementum, lorem ut aliquam',2,406,69),(467,NULL,NULL,NULL,NULL,'ornare sagittis felis.',3,447,81),(468,NULL,NULL,NULL,NULL,'id enim. Curabitur massa. Vestibulum accumsan',2,161,8),(469,NULL,NULL,NULL,NULL,'mi',5,257,60),(470,NULL,NULL,NULL,NULL,'Sed neque. Sed eget',2,51,32),(471,NULL,NULL,NULL,NULL,'quam.',1,346,12),(472,NULL,NULL,NULL,NULL,'dictum mi, ac mattis velit justo nec ante.',5,109,35),(473,NULL,NULL,NULL,NULL,'feugiat tellus lorem eu metus.',4,99,23),(474,NULL,NULL,NULL,NULL,'Proin sed turpis nec mauris blandit',5,163,97),(475,NULL,NULL,NULL,NULL,'tincidunt vehicula risus. Nulla eget',5,299,60),(476,NULL,NULL,NULL,NULL,'dolor sit amet, consectetuer adipiscing elit. Curabitur sed tortor. Integer',4,325,55),(477,NULL,NULL,NULL,NULL,'Donec egestas. Aliquam nec enim.',2,459,64),(478,NULL,NULL,NULL,NULL,'in, dolor. Fusce',5,15,65),(479,NULL,NULL,NULL,NULL,'cursus, diam at pretium aliquet,',4,392,40),(480,NULL,NULL,NULL,NULL,'aliquam eu, accumsan sed,',2,177,17),(481,NULL,NULL,NULL,NULL,'elit. Etiam laoreet,',1,124,88),(482,NULL,NULL,NULL,NULL,'consectetuer rhoncus. Nullam velit dui,',4,353,85),(483,NULL,NULL,NULL,NULL,'nunc id enim.',3,444,92),(484,NULL,NULL,NULL,NULL,'arcu iaculis enim, sit amet ornare lectus justo eu',5,128,62),(485,NULL,NULL,NULL,NULL,'bibendum. Donec felis orci, adipiscing non, luctus',3,20,88),(486,NULL,NULL,NULL,NULL,'euismod est arcu ac orci. Ut',3,324,8),(487,NULL,NULL,NULL,NULL,'ac turpis egestas. Fusce aliquet magna a neque. Nullam ut',1,206,36),(488,NULL,NULL,NULL,NULL,'commodo auctor velit. Aliquam nisl. Nulla',2,257,95),(489,NULL,NULL,NULL,NULL,'interdum ligula eu enim. Etiam imperdiet dictum',4,498,6),(490,NULL,NULL,NULL,NULL,'Duis cursus, diam at',2,251,44),(491,NULL,NULL,NULL,NULL,'Proin non massa non ante bibendum ullamcorper. Duis cursus,',3,305,26),(492,NULL,NULL,NULL,NULL,'vel est tempor bibendum. Donec felis',1,80,22),(493,NULL,NULL,NULL,NULL,'Nunc pulvinar arcu et pede. Nunc sed',5,81,38),(494,NULL,NULL,NULL,NULL,'metus facilisis lorem',5,488,3),(495,NULL,NULL,NULL,NULL,'Sed dictum. Proin eget odio. Aliquam vulputate ullamcorper',4,250,84),(496,NULL,NULL,NULL,NULL,'rutrum magna. Cras convallis convallis',4,200,88),(497,NULL,NULL,NULL,NULL,'metus facilisis lorem tristique aliquet. Phasellus fermentum',4,171,59),(498,NULL,NULL,NULL,NULL,'luctus, ipsum leo elementum sem,',4,409,74),(499,NULL,NULL,NULL,NULL,'rhoncus. Nullam velit dui, semper et, lacinia vitae, sodales',5,234,50),(500,NULL,NULL,NULL,NULL,'sed, hendrerit a, arcu. Sed et',3,367,28),(501,NULL,NULL,NULL,NULL,'et netus et malesuada fames ac',2,128,23),(502,NULL,NULL,NULL,NULL,'habitant morbi tristique senectus et netus et malesuada fames',1,389,8),(503,NULL,NULL,NULL,NULL,'lobortis augue scelerisque mollis. Phasellus',1,81,5),(504,NULL,NULL,NULL,NULL,'in faucibus orci luctus et ultrices',5,412,85),(505,NULL,NULL,NULL,NULL,'mauris sagittis placerat. Cras dictum ultricies ligula. Nullam enim. Sed',4,168,60),(506,NULL,NULL,NULL,NULL,'orci tincidunt adipiscing. Mauris molestie pharetra',5,452,72),(507,NULL,NULL,NULL,NULL,'Nullam nisl.',4,314,92),(508,NULL,NULL,NULL,NULL,'Nullam velit dui, semper et, lacinia vitae,',5,249,29),(509,NULL,NULL,NULL,NULL,'nunc id enim. Curabitur',2,155,55),(510,NULL,NULL,NULL,NULL,'risus odio, auctor vitae, aliquet nec, imperdiet nec, leo. Morbi',2,17,41);
/*!40000 ALTER TABLE `user_review` ENABLE KEYS */;
UNLOCK TABLES;

--
-- Table structure for table `variation`
--

DROP TABLE IF EXISTS `variation`;
/*!40101 SET @saved_cs_client     = @@character_set_client */;
/*!50503 SET character_set_client = utf8mb4 */;
CREATE TABLE `variation` (
  `id` bigint NOT NULL AUTO_INCREMENT,
  `create_by` varchar(255) DEFAULT NULL,
  `create_date` varchar(255) DEFAULT NULL,
  `modified_by` varchar(255) DEFAULT NULL,
  `modified_date` datetime(6) DEFAULT NULL,
  `name` varchar(105) NOT NULL,
  `category_id` bigint NOT NULL,
  `status` tinyint DEFAULT '1',
  PRIMARY KEY (`id`),
  KEY `FKcyhn1nd52sy3lm12vm62f5cmg` (`category_id`),
  CONSTRAINT `FKcyhn1nd52sy3lm12vm62f5cmg` FOREIGN KEY (`category_id`) REFERENCES `category` (`id`)
) ENGINE=InnoDB AUTO_INCREMENT=7 DEFAULT CHARSET=utf8mb4 COLLATE=utf8mb4_0900_ai_ci;
/*!40101 SET character_set_client = @saved_cs_client */;

--
-- Dumping data for table `variation`
--

LOCK TABLES `variation` WRITE;
/*!40000 ALTER TABLE `variation` DISABLE KEYS */;
INSERT INTO `variation` VALUES (1,NULL,NULL,NULL,NULL,'Colour',2,NULL),(2,NULL,NULL,NULL,NULL,'Size',2,NULL),(3,NULL,NULL,NULL,NULL,'Brand',2,NULL),(4,NULL,NULL,NULL,NULL,'Colour',4,NULL),(5,NULL,NULL,NULL,NULL,'Size',4,NULL),(6,NULL,NULL,NULL,NULL,'Brand',4,NULL);
/*!40000 ALTER TABLE `variation` ENABLE KEYS */;
UNLOCK TABLES;

--
-- Table structure for table `variation_option`
--

DROP TABLE IF EXISTS `variation_option`;
/*!40101 SET @saved_cs_client     = @@character_set_client */;
/*!50503 SET character_set_client = utf8mb4 */;
CREATE TABLE `variation_option` (
  `id` bigint NOT NULL AUTO_INCREMENT,
  `create_by` varchar(255) DEFAULT NULL,
  `create_date` varchar(255) DEFAULT NULL,
  `modified_by` varchar(255) DEFAULT NULL,
  `modified_date` datetime(6) DEFAULT NULL,
  `value` varchar(505) DEFAULT NULL,
  `variation_id` bigint NOT NULL,
  PRIMARY KEY (`id`),
  KEY `FKlfkypq92cr21b9mtc7mihks1e` (`variation_id`),
  CONSTRAINT `FKlfkypq92cr21b9mtc7mihks1e` FOREIGN KEY (`variation_id`) REFERENCES `variation` (`id`)
) ENGINE=InnoDB AUTO_INCREMENT=14 DEFAULT CHARSET=utf8mb4 COLLATE=utf8mb4_0900_ai_ci;
/*!40101 SET character_set_client = @saved_cs_client */;

--
-- Dumping data for table `variation_option`
--

LOCK TABLES `variation_option` WRITE;
/*!40000 ALTER TABLE `variation_option` DISABLE KEYS */;
INSERT INTO `variation_option` VALUES (1,NULL,NULL,NULL,NULL,'Black',1),(2,NULL,NULL,NULL,NULL,'Grey',1),(3,NULL,NULL,NULL,NULL,'White',1),(4,NULL,NULL,NULL,NULL,'Dark Blue',1),(5,NULL,NULL,NULL,NULL,'M',2),(6,NULL,NULL,NULL,NULL,'L',2),(7,NULL,NULL,NULL,NULL,'XL',2),(8,NULL,NULL,NULL,NULL,'XXL',2),(9,NULL,NULL,NULL,NULL,'Uncover',3),(10,NULL,NULL,NULL,NULL,'Dirty Coins',3),(11,NULL,NULL,NULL,NULL,'5THEWAY',3);
/*!40000 ALTER TABLE `variation_option` ENABLE KEYS */;
UNLOCK TABLES;

--
-- Table structure for table `village`
--

DROP TABLE IF EXISTS `village`;
/*!40101 SET @saved_cs_client     = @@character_set_client */;
/*!50503 SET character_set_client = utf8mb4 */;
CREATE TABLE `village` (
  `id` bigint NOT NULL AUTO_INCREMENT,
  `create_by` varchar(255) DEFAULT NULL,
  `create_date` varchar(255) DEFAULT NULL,
  `modified_by` varchar(255) DEFAULT NULL,
  `modified_date` datetime(6) DEFAULT NULL,
  `name` varchar(45) NOT NULL,
  `district_id` bigint NOT NULL,
  PRIMARY KEY (`id`),
  KEY `FKm6rpub02lqr66lfljhc7nhffw` (`district_id`),
  CONSTRAINT `FKm6rpub02lqr66lfljhc7nhffw` FOREIGN KEY (`district_id`) REFERENCES `district` (`id`)
) ENGINE=InnoDB AUTO_INCREMENT=101 DEFAULT CHARSET=utf8mb4 COLLATE=utf8mb4_0900_ai_ci;
/*!40101 SET character_set_client = @saved_cs_client */;

--
-- Dumping data for table `village`
--

LOCK TABLES `village` WRITE;
/*!40000 ALTER TABLE `village` DISABLE KEYS */;
INSERT INTO `village` VALUES (1,NULL,NULL,NULL,NULL,'Pellentesque habitant',14),(2,NULL,NULL,NULL,NULL,'penatibus et',43),(3,NULL,NULL,NULL,NULL,'enim diam',39),(4,NULL,NULL,NULL,NULL,'pharetra. Quisque',92),(5,NULL,NULL,NULL,NULL,'malesuada vel,',72),(6,NULL,NULL,NULL,NULL,'felis orci,',2),(7,NULL,NULL,NULL,NULL,'Aliquam gravida',64),(8,NULL,NULL,NULL,NULL,'diam at',99),(9,NULL,NULL,NULL,NULL,'Suspendisse ac',4),(10,NULL,NULL,NULL,NULL,'Suspendisse commodo',23),(11,NULL,NULL,NULL,NULL,'Donec egestas.',81),(12,NULL,NULL,NULL,NULL,'vulputate eu,',87),(13,NULL,NULL,NULL,NULL,'nec enim.',19),(14,NULL,NULL,NULL,NULL,'at, velit.',42),(15,NULL,NULL,NULL,NULL,'Donec elementum,',33),(16,NULL,NULL,NULL,NULL,'eu, ligula.',49),(17,NULL,NULL,NULL,NULL,'aliquet vel,',35),(18,NULL,NULL,NULL,NULL,'justo faucibus',88),(19,NULL,NULL,NULL,NULL,'risus. Donec',30),(20,NULL,NULL,NULL,NULL,'Duis risus',74),(21,NULL,NULL,NULL,NULL,'dignissim magna',93),(22,NULL,NULL,NULL,NULL,'ac turpis',90),(23,NULL,NULL,NULL,NULL,'vehicula et,',19),(24,NULL,NULL,NULL,NULL,'eget odio.',11),(25,NULL,NULL,NULL,NULL,'Suspendisse dui.',72),(26,NULL,NULL,NULL,NULL,'tempus non,',4),(27,NULL,NULL,NULL,NULL,'rhoncus id,',11),(28,NULL,NULL,NULL,NULL,'dui, nec',25),(29,NULL,NULL,NULL,NULL,'at, iaculis',79),(30,NULL,NULL,NULL,NULL,'Mauris eu',60),(31,NULL,NULL,NULL,NULL,'semper. Nam',6),(32,NULL,NULL,NULL,NULL,'ridiculus mus.',65),(33,NULL,NULL,NULL,NULL,'Aliquam erat',20),(34,NULL,NULL,NULL,NULL,'at, velit.',85),(35,NULL,NULL,NULL,NULL,'facilisis eget,',61),(36,NULL,NULL,NULL,NULL,'pede, nonummy',79),(37,NULL,NULL,NULL,NULL,'lacus. Etiam',25),(38,NULL,NULL,NULL,NULL,'lobortis augue',81),(39,NULL,NULL,NULL,NULL,'mi enim,',24),(40,NULL,NULL,NULL,NULL,'nec tellus.',63),(41,NULL,NULL,NULL,NULL,'Aliquam auctor,',34),(42,NULL,NULL,NULL,NULL,'tellus faucibus',59),(43,NULL,NULL,NULL,NULL,'feugiat metus',88),(44,NULL,NULL,NULL,NULL,'imperdiet non,',14),(45,NULL,NULL,NULL,NULL,'neque. Nullam',23),(46,NULL,NULL,NULL,NULL,'enim, gravida',40),(47,NULL,NULL,NULL,NULL,'enim nisl',44),(48,NULL,NULL,NULL,NULL,'lobortis tellus',64),(49,NULL,NULL,NULL,NULL,'et, euismod',61),(50,NULL,NULL,NULL,NULL,'dictum sapien.',37),(51,NULL,NULL,NULL,NULL,'Aliquam nec',21),(52,NULL,NULL,NULL,NULL,'erat vel',94),(53,NULL,NULL,NULL,NULL,'lorem ut',86),(54,NULL,NULL,NULL,NULL,'Nullam lobortis',64),(55,NULL,NULL,NULL,NULL,'non dui',41),(56,NULL,NULL,NULL,NULL,'diam. Proin',73),(57,NULL,NULL,NULL,NULL,'ut eros',57),(58,NULL,NULL,NULL,NULL,'metus urna',56),(59,NULL,NULL,NULL,NULL,'et, euismod',3),(60,NULL,NULL,NULL,NULL,'Nullam lobortis',45),(61,NULL,NULL,NULL,NULL,'Quisque fringilla',73),(62,NULL,NULL,NULL,NULL,'nec mauris',84),(63,NULL,NULL,NULL,NULL,'malesuada fames',52),(64,NULL,NULL,NULL,NULL,'lectus quis',40),(65,NULL,NULL,NULL,NULL,'cursus a,',66),(66,NULL,NULL,NULL,NULL,'ipsum sodales',33),(67,NULL,NULL,NULL,NULL,'lectus convallis',26),(68,NULL,NULL,NULL,NULL,'erat, in',31),(69,NULL,NULL,NULL,NULL,'Nullam scelerisque',2),(70,NULL,NULL,NULL,NULL,'ultricies sem',45),(71,NULL,NULL,NULL,NULL,'Cras interdum.',68),(72,NULL,NULL,NULL,NULL,'cursus luctus,',32),(73,NULL,NULL,NULL,NULL,'consectetuer ipsum',65),(74,NULL,NULL,NULL,NULL,'molestie dapibus',87),(75,NULL,NULL,NULL,NULL,'congue a,',35),(76,NULL,NULL,NULL,NULL,'tristique ac,',57),(77,NULL,NULL,NULL,NULL,'Maecenas malesuada',98),(78,NULL,NULL,NULL,NULL,'aliquam adipiscing',35),(79,NULL,NULL,NULL,NULL,'neque tellus,',68),(80,NULL,NULL,NULL,NULL,'iaculis aliquet',61),(81,NULL,NULL,NULL,NULL,'massa non',83),(82,NULL,NULL,NULL,NULL,'neque. Sed',1),(83,NULL,NULL,NULL,NULL,'Suspendisse commodo',98),(84,NULL,NULL,NULL,NULL,'ornare. In',69),(85,NULL,NULL,NULL,NULL,'nec mauris',93),(86,NULL,NULL,NULL,NULL,'Suspendisse aliquet,',50),(87,NULL,NULL,NULL,NULL,'adipiscing, enim',33),(88,NULL,NULL,NULL,NULL,'Nullam suscipit,',15),(89,NULL,NULL,NULL,NULL,'nisi sem',25),(90,NULL,NULL,NULL,NULL,'ipsum dolor',95),(91,NULL,NULL,NULL,NULL,'sit amet',58),(92,NULL,NULL,NULL,NULL,'Nunc ac',50),(93,NULL,NULL,NULL,NULL,'felis. Nulla',65),(94,NULL,NULL,NULL,NULL,'ante dictum',46),(95,NULL,NULL,NULL,NULL,'Duis mi',36),(96,NULL,NULL,NULL,NULL,'accumsan interdum',88),(97,NULL,NULL,NULL,NULL,'felis eget',2),(98,NULL,NULL,NULL,NULL,'dignissim tempor',92),(99,NULL,NULL,NULL,NULL,'lacinia mattis.',62),(100,NULL,NULL,NULL,NULL,'tristique aliquet.',17);
/*!40000 ALTER TABLE `village` ENABLE KEYS */;
UNLOCK TABLES;

--
-- Dumping events for database 'datn_spring2023'
--

--
-- Dumping routines for database 'datn_spring2023'
--
/*!50003 DROP PROCEDURE IF EXISTS `get_count_all_status` */;
/*!50003 SET @saved_cs_client      = @@character_set_client */ ;
/*!50003 SET @saved_cs_results     = @@character_set_results */ ;
/*!50003 SET @saved_col_connection = @@collation_connection */ ;
/*!50003 SET character_set_client  = utf8mb4 */ ;
/*!50003 SET character_set_results = utf8mb4 */ ;
/*!50003 SET collation_connection  = utf8mb4_0900_ai_ci */ ;
/*!50003 SET @saved_sql_mode       = @@sql_mode */ ;
/*!50003 SET sql_mode              = 'STRICT_TRANS_TABLES,NO_ENGINE_SUBSTITUTION' */ ;
DELIMITER ;;
CREATE DEFINER=`root`@`localhost` PROCEDURE `get_count_all_status`(p_formdate datetime , p_todate datetime)
BEGIN
SELECT SUM(CASE WHEN os.id = 1 THEN 1 ELSE 0 END) AS 'Completed',
       SUM(CASE WHEN os.id = 2 THEN 1 ELSE 0 END) AS 'Cancel',
       SUM(CASE WHEN os.id = 3 THEN 1 ELSE 0 END) AS 'Wait for pay',
       SUM(CASE WHEN os.id = 4 THEN 1 ELSE 0 END) AS 'Delivery in progress',
       SUM(CASE WHEN os.id = 5 THEN 1 ELSE 0 END) AS 'Wait for confirmation',
       SUM(CASE WHEN os.id = 6 THEN 1 ELSE 0 END) AS 'Confirmed'
FROM datn_spring2023.order o
INNER JOIN datn_spring2023.order_status os ON o.order_status_id = os.id
WHERE o.create_date > p_formdate
  AND o.create_date < p_todate;
END ;;
DELIMITER ;
/*!50003 SET sql_mode              = @saved_sql_mode */ ;
/*!50003 SET character_set_client  = @saved_cs_client */ ;
/*!50003 SET character_set_results = @saved_cs_results */ ;
/*!50003 SET collation_connection  = @saved_col_connection */ ;
/*!50003 DROP PROCEDURE IF EXISTS `get_top_product` */;
/*!50003 SET @saved_cs_client      = @@character_set_client */ ;
/*!50003 SET @saved_cs_results     = @@character_set_results */ ;
/*!50003 SET @saved_col_connection = @@collation_connection */ ;
/*!50003 SET character_set_client  = utf8mb4 */ ;
/*!50003 SET character_set_results = utf8mb4 */ ;
/*!50003 SET collation_connection  = utf8mb4_0900_ai_ci */ ;
/*!50003 SET @saved_sql_mode       = @@sql_mode */ ;
/*!50003 SET sql_mode              = 'STRICT_TRANS_TABLES,NO_ENGINE_SUBSTITUTION' */ ;
DELIMITER ;;
CREATE DEFINER=`root`@`localhost` PROCEDURE `get_top_product`(p_formdate datetime , p_todate datetime,p_top int,p_status int)
BEGIN
SELECT od.product_detail_id , sum(od.quantity) as 'Sum' FROM
datn_spring2023.order o join datn_spring2023.order_status os on o.order_status_id = os.id 
join datn_spring2023.order_detail od on od.order_id = o.id 
where 
o.create_date > p_formdate
and o.create_date < p_todate
and os.id = p_status
group by od.product_detail_id
order by Sum desc
limit p_top;
END ;;
DELIMITER ;
/*!50003 SET sql_mode              = @saved_sql_mode */ ;
/*!50003 SET character_set_client  = @saved_cs_client */ ;
/*!50003 SET character_set_results = @saved_cs_results */ ;
/*!50003 SET collation_connection  = @saved_col_connection */ ;
/*!50003 DROP PROCEDURE IF EXISTS `total_amount_by_status` */;
/*!50003 SET @saved_cs_client      = @@character_set_client */ ;
/*!50003 SET @saved_cs_results     = @@character_set_results */ ;
/*!50003 SET @saved_col_connection = @@collation_connection */ ;
/*!50003 SET character_set_client  = utf8mb4 */ ;
/*!50003 SET character_set_results = utf8mb4 */ ;
/*!50003 SET collation_connection  = utf8mb4_0900_ai_ci */ ;
/*!50003 SET @saved_sql_mode       = @@sql_mode */ ;
/*!50003 SET sql_mode              = 'STRICT_TRANS_TABLES,NO_ENGINE_SUBSTITUTION' */ ;
DELIMITER ;;
CREATE DEFINER=`root`@`localhost` PROCEDURE `total_amount_by_status`(p_fromdate datetime,p_todate datetime,p_status int)
BEGIN
SELECT SUM(od.price * od.quantity) as total_sold
FROM `order` o
JOIN `order_detail` od ON o.id = od.order_id
JOIN `order_status` os ON o.order_status_id = os.id
WHERE os.id = p_status AND o.create_date BETWEEN p_fromdate AND p_todate;
END ;;
DELIMITER ;
/*!50003 SET sql_mode              = @saved_sql_mode */ ;
/*!50003 SET character_set_client  = @saved_cs_client */ ;
/*!50003 SET character_set_results = @saved_cs_results */ ;
/*!50003 SET collation_connection  = @saved_col_connection */ ;
/*!40103 SET TIME_ZONE=@OLD_TIME_ZONE */;

/*!40101 SET SQL_MODE=@OLD_SQL_MODE */;
/*!40014 SET FOREIGN_KEY_CHECKS=@OLD_FOREIGN_KEY_CHECKS */;
/*!40014 SET UNIQUE_CHECKS=@OLD_UNIQUE_CHECKS */;
/*!40101 SET CHARACTER_SET_CLIENT=@OLD_CHARACTER_SET_CLIENT */;
/*!40101 SET CHARACTER_SET_RESULTS=@OLD_CHARACTER_SET_RESULTS */;
/*!40101 SET COLLATION_CONNECTION=@OLD_COLLATION_CONNECTION */;
/*!40111 SET SQL_NOTES=@OLD_SQL_NOTES */;

-- Dump completed on 2023-02-23 14:02:03
